order_id,customer_id,order_date,category,product_name,quantity,unit_price,region,city,payment_method,order_month,revenue
1,100428,2024-01-02,Electronics,Laptop,4,1382.04,West,Surat,UPI,2024-01,5528.16
2,203421,2024-09-12,Sports,Yoga Mat,4,50.0,North,Delhi,Debit Card,2024-09,200.0
3,197438,2024-03-03,Beauty,Sunscreen,4,3133.91,North,Chandigarh,UPI,2024-03,12535.64
4,115901,2024-02-24,Home & Kitchen,Mixer Grinder,5,1355.54,North,Lucknow,Cash on Delivery,2024-02,6777.7
5,245706,2024-03-10,Home & Kitchen,Cookware Set,3,64.49,North,Delhi,UPI,2024-03,193.47
6,211666,2024-06-09,Books,Comic,4,350.49,North,Jaipur,UPI,2024-06,1401.96
7,159066,2024-12-28,Electronics,Smartphone,4,2254.43,North,Lucknow,Net Banking,2024-12,9017.72
8,136152,2025-04-21,Sports,Cycling Helmet,2,1613.1,South,Hyderabad,UPI,2025-04,3226.2
9,225883,2024-12-12,Fashion,Saree,1,2220.63,East,Patna,Credit Card,2024-12,2220.63
10,151213,2025-03-05,Electronics,Tablet,5,1297.78,East,Patna,Net Banking,2025-03,6488.9
11,169833,2025-04-26,Beauty,Sunscreen,2,1748.58,South,Bangalore,Cash on Delivery,2025-04,3497.16
12,112254,2025-06-19,Books,Comic,1,999.62,West,Ahmedabad,Net Banking,2025-06,999.62
13,104112,2024-04-05,Sports,Cricket Bat,5,2661.94,West,Mumbai,UPI,2024-04,13309.7
14,108398,2025-05-06,Sports,Cycling Helmet,4,1328.11,East,Kolkata,Cash on Delivery,2025-05,5312.44
15,132367,2025-02-07,Sports,Football,4,3340.35,South,Kochi,Net Banking,2025-02,13361.4
16,245389,2024-09-14,Sports,Cycling Helmet,2,1240.46,South,Hyderabad,Net Banking,2024-09,2480.92
17,210257,2024-03-09,Beauty,Lipstick,4,1423.43,South,Chennai,UPI,2024-03,5693.72
18,204173,2025-09-01,Electronics,Tablet,4,1979.23,East,Patna,UPI,2025-09,7916.92
19,210890,2025-05-17,Books,Comic,3,2289.87,West,Mumbai,Cash on Delivery,2025-05,6869.61
20,116647,2025-08-31,Home & Kitchen,Air Fryer,3,2988.22,North,Delhi,Credit Card,2025-08,8964.66
22,162011,2024-08-17,Home & Kitchen,Air Fryer,1,1625.75,South,Kochi,Credit Card,2024-08,1625.75
23,139513,2024-08-26,Fashion,Jacket,1,1690.29,North,Lucknow,UPI,2024-08,1690.29
24,205742,2024-01-01,Books,Textbook,3,1530.52,East,Patna,Credit Card,2024-01,4591.56
25,145668,2024-10-05,Sports,Yoga Mat,3,2116.93,South,Chennai,UPI,2024-10,6350.79
26,101536,2024-11-01,Beauty,Shampoo,5,186.6,East,Kolkata,UPI,2024-11,933.0
27,175669,2024-12-03,Home & Kitchen,Mixer Grinder,3,2510.69,North,Jaipur,Debit Card,2024-12,7532.07
28,136799,2025-04-09,Sports,Dumbbells,3,2609.88,West,Surat,Cash on Delivery,2025-04,7829.64
29,166591,2025-01-06,Beauty,Perfume,3,1981.96,North,Jaipur,Net Banking,2025-01,5945.88
30,209477,2024-02-21,Home & Kitchen,Mixer Grinder,2,454.63,West,Mumbai,Credit Card,2024-02,909.26
31,169515,2024-05-11,Home & Kitchen,Mixer Grinder,1,1822.29,West,Surat,UPI,2024-05,1822.29
32,241402,2025-07-24,Fashion,Jeans,2,1353.89,East,Patna,UPI,2025-07,2707.78
33,181230,2025-04-05,Electronics,Smartphone,4,1181.72,East,Kolkata,Debit Card,2025-04,4726.88
34,236325,2025-04-14,Beauty,Moisturizer,4,50.0,West,Pune,UPI,2025-04,200.0
35,100249,2025-01-31,Books,Biography,1,1087.86,South,Hyderabad,UPI,2025-01,1087.86
36,245396,2024-11-28,Electronics,Headphones,4,1332.74,East,Patna,UPI,2024-11,5330.96
37,243842,2024-08-19,Books,Biography,1,50.0,East,Kolkata,UPI,2024-08,50.0
38,139212,2025-03-12,Sports,Football,4,2227.51,North,Jaipur,Credit Card,2025-03,8910.04
39,185899,2025-08-09,Fashion,Jeans,5,703.7,East,Bhubaneswar,UPI,2025-08,3518.5
40,212131,2025-03-30,Beauty,Shampoo,3,2003.6,South,Bangalore,Debit Card,2025-03,6010.8
41,150483,2025-01-03,Electronics,Smartwatch,4,989.77,East,Patna,Debit Card,2025-01,3959.08
42,130074,2024-06-06,Sports,Yoga Mat,5,1912.36,East,Kolkata,UPI,2024-06,9561.8
43,236775,2024-12-25,Sports,Cricket Bat,3,2765.01,North,Jaipur,UPI,2024-12,8295.03
44,126022,2025-01-16,Home & Kitchen,Air Fryer,4,617.99,South,Kochi,Credit Card,2025-01,2471.96
45,154244,2024-03-23,Electronics,Smartwatch,3,1846.27,West,Ahmedabad,UPI,2024-03,5538.81
46,166486,2024-09-19,Books,Self-Help Book,4,3076.49,East,Kolkata,Net Banking,2024-09,12305.96
47,122814,2025-08-15,Home & Kitchen,Cookware Set,4,789.47,West,Mumbai,Net Banking,2025-08,3157.88
48,232322,2024-04-03,Books,Biography,4,2017.93,West,Surat,Credit Card,2024-04,8071.72
49,127797,2025-07-20,Sports,Cricket Bat,1,1301.13,West,Surat,UPI,2025-07,1301.13
50,159682,2024-11-18,Sports,Yoga Mat,3,50.0,East,Kolkata,Cash on Delivery,2024-11,150.0
51,160333,2024-06-29,Sports,Cricket Bat,3,1459.25,South,Chennai,Cash on Delivery,2024-06,4377.75
52,222315,2025-07-14,Fashion,Saree,1,2531.9,South,Chennai,Credit Card,2025-07,2531.9
53,220875,2025-06-11,Home & Kitchen,Cookware Set,5,2784.6,North,Chandigarh,UPI,2025-06,13923.0
54,188743,2024-09-15,Home & Kitchen,Air Fryer,1,695.45,North,Jaipur,UPI,2024-09,695.45
55,144676,2025-09-15,Home & Kitchen,Air Fryer,5,2495.78,North,Lucknow,Credit Card,2025-09,12478.9
56,185403,2024-07-13,Electronics,Smartwatch,1,1983.63,North,Jaipur,Debit Card,2024-07,1983.63
57,229248,2025-04-03,Beauty,Lipstick,5,2328.39,West,Pune,Credit Card,2025-04,11641.95
58,244158,2024-10-09,Electronics,Smartphone,3,2471.82,East,Kolkata,UPI,2024-10,7415.46
59,127116,2025-08-13,Sports,Football,1,3217.83,South,Chennai,Credit Card,2025-08,3217.83
60,179683,2024-09-20,Sports,Dumbbells,1,1905.95,West,Pune,Net Banking,2024-09,1905.95
61,160086,2024-06-13,Books,Comic,5,1786.23,South,Chennai,UPI,2024-06,8931.15
62,247752,2025-02-28,Sports,Cycling Helmet,4,1979.95,West,Surat,UPI,2025-02,7919.8
63,106365,2025-08-20,Home & Kitchen,Air Fryer,1,2481.23,South,Bangalore,UPI,2025-08,2481.23
64,198847,2024-10-19,Books,Biography,5,1537.48,South,Hyderabad,UPI,2024-10,7687.4
65,233718,2024-06-28,Home & Kitchen,Lamp,5,1073.54,West,Surat,Debit Card,2024-06,5367.7
66,141198,2025-09-20,Fashion,Jacket,5,50.0,East,Guwahati,UPI,2025-09,250.0
67,151426,2025-08-09,Books,Fiction Novel,2,50.0,North,Chandigarh,Credit Card,2025-08,100.0
68,224564,2025-07-17,Home & Kitchen,Bedsheet,2,2522.23,North,Chandigarh,Debit Card,2025-07,5044.46
69,217292,2024-04-24,Electronics,Laptop,5,1271.57,East,Guwahati,Cash on Delivery,2024-04,6357.85
70,130428,2024-06-19,Home & Kitchen,Mixer Grinder,3,50.0,East,Patna,Credit Card,2024-06,150.0
72,147819,2024-12-27,Fashion,T-Shirt,1,1531.47,West,Ahmedabad,Net Banking,2024-12,1531.47
73,228365,2024-08-04,Home & Kitchen,Cookware Set,3,1548.62,South,Kochi,UPI,2024-08,4645.86
74,210532,2024-05-18,Electronics,Smartwatch,2,1261.82,South,Bangalore,Credit Card,2024-05,2523.64
75,234116,2025-01-13,Sports,Cricket Bat,4,489.57,East,Kolkata,Cash on Delivery,2025-01,1958.28
76,207555,2024-06-29,Home & Kitchen,Bedsheet,3,1677.59,South,Hyderabad,Debit Card,2024-06,5032.77
77,147226,2024-05-21,Fashion,Sneakers,1,1610.91,West,Ahmedabad,UPI,2024-05,1610.91
78,135908,2025-07-21,Fashion,Saree,4,1801.83,North,Chandigarh,Debit Card,2025-07,7207.32
79,203442,2025-07-02,Beauty,Sunscreen,3,1934.54,South,Hyderabad,UPI,2025-07,5803.62
80,200489,2024-01-17,Sports,Cricket Bat,2,2553.62,North,Lucknow,Credit Card,2024-01,5107.24
81,121802,2025-07-29,Books,Biography,3,2865.06,South,Chennai,UPI,2025-07,8595.18
82,177126,2025-08-03,Home & Kitchen,Bedsheet,3,565.91,West,Ahmedabad,UPI,2025-08,1697.73
83,239214,2025-09-29,Electronics,Laptop,1,2068.9,East,Kolkata,Credit Card,2025-09,2068.9
84,224238,2024-11-23,Sports,Cycling Helmet,2,1760.63,North,Delhi,Cash on Delivery,2024-11,3521.26
85,167970,2024-02-06,Beauty,Lipstick,3,2410.44,West,Surat,Net Banking,2024-02,7231.32
86,228941,2024-10-14,Sports,Cricket Bat,5,442.67,East,Patna,UPI,2024-10,2213.35
87,190302,2025-08-05,Electronics,Smartphone,3,647.51,South,Chennai,UPI,2025-08,1942.53
88,173910,2024-06-08,Fashion,Jeans,3,1994.85,North,Jaipur,UPI,2024-06,5984.55
89,100405,2024-12-25,Sports,Football,3,2626.02,South,Chennai,Debit Card,2024-12,7878.06
90,218283,2025-08-27,Sports,Football,3,1539.53,South,Kochi,UPI,2025-08,4618.59
91,195425,2024-04-16,Home & Kitchen,Cookware Set,4,893.48,South,Kochi,Debit Card,2024-04,3573.92
92,156861,2024-05-07,Sports,Football,3,1410.32,West,Pune,Cash on Delivery,2024-05,4230.96
93,162008,2025-03-02,Books,Comic,2,1709.61,North,Lucknow,Net Banking,2025-03,3419.22
94,134667,2025-03-19,Home & Kitchen,Lamp,2,2128.0,South,Kochi,UPI,2025-03,4256.0
95,239099,2024-09-14,Books,Fiction Novel,4,2145.07,East,Guwahati,Net Banking,2024-09,8580.28
96,169546,2025-08-12,Fashion,T-Shirt,3,50.0,West,Pune,UPI,2025-08,150.0
97,141345,2024-07-27,Fashion,Saree,3,692.6,West,Ahmedabad,UPI,2024-07,2077.8
98,239431,2024-02-26,Sports,Cycling Helmet,2,2028.34,North,Delhi,UPI,2024-02,4056.68
99,109692,2024-07-21,Beauty,Lipstick,3,2462.97,West,Pune,UPI,2024-07,7388.91
100,232884,2024-09-30,Electronics,Smartphone,5,3018.17,East,Kolkata,UPI,2024-09,15090.85
101,123786,2025-03-11,Sports,Cycling Helmet,2,1523.6,West,Pune,UPI,2025-03,3047.2
102,111491,2025-08-16,Fashion,Sneakers,3,406.3,North,Jaipur,UPI,2025-08,1218.9
103,175767,2025-03-26,Sports,Dumbbells,3,2447.35,North,Delhi,UPI,2025-03,7342.05
104,186736,2024-01-01,Electronics,Laptop,2,1730.68,South,Hyderabad,UPI,2024-01,3461.36
105,115713,2025-08-20,Sports,Cricket Bat,4,1520.42,West,Pune,Credit Card,2025-08,6081.68
106,187755,2025-10-01,Sports,Cricket Bat,3,2870.24,North,Chandigarh,UPI,2025-10,8610.72
107,149850,2024-12-18,Sports,Yoga Mat,1,782.02,North,Jaipur,Cash on Delivery,2024-12,782.02
108,165577,2024-02-27,Beauty,Shampoo,4,3120.62,West,Mumbai,UPI,2024-02,12482.48
109,249067,2025-05-13,Home & Kitchen,Bedsheet,5,2812.09,South,Kochi,Credit Card,2025-05,14060.45
110,105379,2024-07-06,Sports,Yoga Mat,5,50.0,South,Chennai,Credit Card,2024-07,250.0
111,117793,2025-05-25,Fashion,Jacket,2,352.97,West,Pune,Debit Card,2025-05,705.94
112,243421,2025-09-10,Sports,Yoga Mat,5,1954.71,East,Kolkata,Debit Card,2025-09,9773.55
113,140590,2025-02-19,Beauty,Perfume,4,1837.36,South,Bangalore,Debit Card,2025-02,7349.44
114,169917,2025-04-13,Home & Kitchen,Lamp,3,1483.04,East,Kolkata,Credit Card,2025-04,4449.12
115,139826,2024-06-10,Beauty,Perfume,3,2367.48,West,Surat,UPI,2024-06,7102.44
116,137478,2024-06-18,Beauty,Moisturizer,2,868.7,South,Hyderabad,Net Banking,2024-06,1737.4
117,183698,2024-12-28,Electronics,Smartwatch,3,50.0,West,Mumbai,Net Banking,2024-12,150.0
118,109034,2025-03-15,Electronics,Headphones,1,138.88,West,Pune,Debit Card,2025-03,138.88
119,150547,2025-04-28,Fashion,Sneakers,5,224.34,West,Pune,Credit Card,2025-04,1121.7
120,234957,2024-06-28,Electronics,Tablet,2,361.25,West,Pune,Cash on Delivery,2024-06,722.5
121,217901,2024-09-02,Home & Kitchen,Lamp,1,1994.42,West,Mumbai,Credit Card,2024-09,1994.42
122,153822,2024-03-25,Sports,Cycling Helmet,3,1216.32,North,Chandigarh,UPI,2024-03,3648.96
123,130003,2024-01-22,Beauty,Lipstick,5,1232.78,West,Pune,UPI,2024-01,6163.9
124,209543,2024-12-07,Home & Kitchen,Air Fryer,5,1611.92,West,Pune,Debit Card,2024-12,8059.6
125,227063,2024-04-25,Books,Biography,1,895.49,East,Guwahati,Debit Card,2024-04,895.49
126,146701,2025-05-23,Beauty,Moisturizer,3,1601.35,West,Mumbai,Debit Card,2025-05,4804.05
127,164897,2024-04-21,Electronics,Tablet,3,661.88,North,Jaipur,UPI,2024-04,1985.64
128,120921,2024-03-31,Sports,Yoga Mat,3,1753.72,North,Jaipur,Debit Card,2024-03,5261.16
129,110014,2024-05-19,Beauty,Moisturizer,2,888.04,South,Kochi,UPI,2024-05,1776.08
130,108950,2025-08-26,Beauty,Sunscreen,3,1663.79,East,Guwahati,Debit Card,2025-08,4991.37
131,133921,2025-03-25,Beauty,Perfume,3,1046.04,East,Kolkata,Net Banking,2025-03,3138.12
132,175860,2024-06-13,Beauty,Lipstick,4,985.72,South,Hyderabad,UPI,2024-06,3942.88
133,161051,2024-06-14,Electronics,Laptop,4,1864.31,West,Ahmedabad,Debit Card,2024-06,7457.24
134,160781,2024-04-19,Beauty,Moisturizer,4,433.96,West,Pune,UPI,2024-04,1735.84
135,118570,2024-05-27,Sports,Yoga Mat,4,1422.88,West,Ahmedabad,Cash on Delivery,2024-05,5691.52
136,153828,2024-07-21,Fashion,T-Shirt,1,1726.02,West,Ahmedabad,UPI,2024-07,1726.02
137,243918,2025-04-30,Beauty,Moisturizer,2,1247.71,West,Pune,UPI,2025-04,2495.42
138,160827,2024-03-17,Electronics,Smartphone,3,477.97,South,Hyderabad,UPI,2024-03,1433.91
139,187098,2024-05-28,Home & Kitchen,Bedsheet,3,771.27,East,Patna,Credit Card,2024-05,2313.81
140,196587,2025-04-21,Home & Kitchen,Lamp,5,1171.38,North,Jaipur,Credit Card,2025-04,5856.9
141,180968,2025-08-29,Books,Biography,2,1071.18,North,Lucknow,UPI,2025-08,2142.36
142,152695,2024-04-06,Fashion,Sneakers,1,1988.41,South,Kochi,UPI,2024-04,1988.41
143,213696,2025-02-27,Fashion,Saree,1,2396.23,East,Patna,Credit Card,2025-02,2396.23
144,237367,2024-03-18,Home & Kitchen,Bedsheet,5,50.0,North,Lucknow,Net Banking,2024-03,250.0
145,178743,2024-01-10,Books,Comic,3,637.77,West,Surat,UPI,2024-01,1913.31
146,183429,2025-03-27,Books,Comic,1,775.29,West,Pune,UPI,2025-03,775.29
147,190403,2025-03-04,Electronics,Headphones,4,1985.29,North,Chandigarh,Debit Card,2025-03,7941.16
148,179689,2024-08-31,Fashion,Jacket,1,3513.61,North,Delhi,Debit Card,2024-08,3513.61
149,133367,2024-05-13,Sports,Football,1,355.29,North,Chandigarh,UPI,2024-05,355.29
150,120764,2025-07-15,Electronics,Smartwatch,1,1345.2,North,Delhi,Debit Card,2025-07,1345.2
151,112351,2025-06-22,Books,Comic,5,1484.07,South,Hyderabad,Credit Card,2025-06,7420.35
152,111671,2025-08-13,Fashion,Saree,4,2435.68,West,Mumbai,UPI,2025-08,9742.72
153,146369,2024-06-24,Books,Textbook,5,2909.0,West,Surat,Debit Card,2024-06,14545.0
154,115460,2024-10-16,Fashion,Jacket,2,2326.39,East,Guwahati,Credit Card,2024-10,4652.78
155,100236,2025-03-12,Home & Kitchen,Lamp,4,333.25,South,Hyderabad,Credit Card,2025-03,1333.0
156,183001,2025-08-01,Beauty,Lipstick,5,50.0,East,Guwahati,Debit Card,2025-08,250.0
157,204514,2024-11-17,Electronics,Smartwatch,4,1460.71,West,Ahmedabad,Credit Card,2024-11,5842.84
158,184955,2024-02-03,Beauty,Sunscreen,4,2361.99,West,Pune,UPI,2024-02,9447.96
159,238203,2024-01-27,Beauty,Perfume,4,1876.54,North,Chandigarh,UPI,2024-01,7506.16
160,203733,2024-02-22,Sports,Dumbbells,4,224.68,South,Chennai,UPI,2024-02,898.72
161,184119,2024-04-19,Books,Fiction Novel,4,60.13,West,Pune,UPI,2024-04,240.52
162,155163,2025-01-23,Beauty,Sunscreen,5,731.21,East,Patna,Credit Card,2025-01,3656.05
163,200439,2024-03-14,Home & Kitchen,Cookware Set,3,301.36,East,Patna,Net Banking,2024-03,904.08
164,232582,2024-03-28,Home & Kitchen,Cookware Set,5,493.92,West,Ahmedabad,Net Banking,2024-03,2469.6
165,164703,2025-06-27,Home & Kitchen,Lamp,3,2556.39,South,Chennai,Debit Card,2025-06,7669.17
166,159596,2025-07-20,Sports,Cycling Helmet,5,2305.4,South,Kochi,Debit Card,2025-07,11527.0
167,160115,2025-05-21,Fashion,Jacket,2,98.89,East,Bhubaneswar,Credit Card,2025-05,197.78
168,230722,2025-08-04,Fashion,Jeans,3,2406.62,South,Chennai,UPI,2025-08,7219.86
169,203140,2025-05-24,Home & Kitchen,Air Fryer,2,2803.61,West,Ahmedabad,Net Banking,2025-05,5607.22
170,126768,2025-03-02,Electronics,Laptop,2,1371.13,West,Ahmedabad,UPI,2025-03,2742.26
171,133109,2024-08-31,Electronics,Headphones,3,435.87,South,Bangalore,Net Banking,2024-08,1307.61
172,185157,2024-10-23,Electronics,Tablet,1,2578.48,East,Guwahati,Net Banking,2024-10,2578.48
173,102086,2025-05-23,Sports,Yoga Mat,1,1202.63,West,Surat,UPI,2025-05,1202.63
174,116042,2024-01-23,Sports,Football,2,2297.04,East,Kolkata,Debit Card,2024-01,4594.08
175,187646,2024-08-24,Sports,Cycling Helmet,4,2981.33,South,Bangalore,UPI,2024-08,11925.32
176,157834,2025-01-12,Home & Kitchen,Air Fryer,1,435.32,South,Kochi,Net Banking,2025-01,435.32
177,101947,2024-12-01,Sports,Dumbbells,5,2271.17,North,Chandigarh,Cash on Delivery,2024-12,11355.85
178,104121,2025-05-16,Electronics,Laptop,4,646.93,West,Surat,Debit Card,2025-05,2587.72
179,212756,2024-07-03,Books,Self-Help Book,1,1251.62,West,Ahmedabad,Cash on Delivery,2024-07,1251.62
180,151511,2024-01-12,Beauty,Sunscreen,4,2105.94,East,Patna,Credit Card,2024-01,8423.76
181,120968,2024-03-04,Books,Biography,1,684.01,North,Delhi,UPI,2024-03,684.01
182,243853,2025-07-24,Electronics,Laptop,4,1082.28,North,Lucknow,UPI,2025-07,4329.12
183,206189,2025-08-05,Home & Kitchen,Air Fryer,5,1800.97,East,Patna,Debit Card,2025-08,9004.85
184,238987,2025-07-28,Sports,Football,2,1947.55,North,Chandigarh,Net Banking,2025-07,3895.1
185,185128,2024-01-30,Home & Kitchen,Lamp,1,874.13,East,Bhubaneswar,Debit Card,2024-01,874.13
186,192361,2024-11-28,Home & Kitchen,Bedsheet,3,1720.53,East,Patna,Credit Card,2024-11,5161.59
187,136022,2025-04-07,Electronics,Headphones,5,2165.3,West,Surat,Credit Card,2025-04,10826.5
188,164603,2025-06-13,Home & Kitchen,Cookware Set,1,1682.79,East,Bhubaneswar,Credit Card,2025-06,1682.79
189,128991,2025-03-15,Fashion,Jacket,2,2220.09,West,Ahmedabad,Debit Card,2025-03,4440.18
190,148317,2024-06-03,Fashion,T-Shirt,5,2190.26,North,Lucknow,UPI,2024-06,10951.3
191,100045,2025-04-28,Sports,Football,3,2131.53,East,Patna,UPI,2025-04,6394.59
192,133613,2025-05-08,Beauty,Sunscreen,5,2804.29,West,Ahmedabad,UPI,2025-05,14021.45
193,119945,2024-08-09,Beauty,Sunscreen,2,50.0,South,Kochi,Credit Card,2024-08,100.0
194,199858,2024-08-31,Home & Kitchen,Bedsheet,1,962.81,West,Ahmedabad,Debit Card,2024-08,962.81
195,177461,2025-09-24,Books,Comic,5,1959.13,South,Kochi,UPI,2025-09,9795.65
196,203143,2024-06-14,Electronics,Smartphone,1,1538.05,North,Chandigarh,Credit Card,2024-06,1538.05
197,119449,2024-06-08,Home & Kitchen,Mixer Grinder,1,2150.63,South,Chennai,Credit Card,2024-06,2150.63
198,116848,2024-06-29,Electronics,Smartphone,1,62.38,North,Chandigarh,UPI,2024-06,62.38
199,211662,2024-11-26,Home & Kitchen,Air Fryer,1,1712.31,West,Surat,Credit Card,2024-11,1712.31
200,241095,2025-09-16,Books,Comic,4,639.24,East,Patna,UPI,2025-09,2556.96
201,196117,2024-09-17,Home & Kitchen,Mixer Grinder,3,942.29,West,Ahmedabad,Cash on Delivery,2024-09,2826.87
202,129749,2024-09-20,Books,Comic,2,1338.88,East,Kolkata,UPI,2024-09,2677.76
203,247211,2025-08-05,Home & Kitchen,Cookware Set,5,1899.28,West,Surat,Credit Card,2025-08,9496.4
204,150415,2025-01-15,Sports,Cycling Helmet,5,1023.22,South,Kochi,UPI,2025-01,5116.1
205,125583,2024-05-02,Home & Kitchen,Cookware Set,3,3069.82,East,Guwahati,UPI,2024-05,9209.46
206,106849,2025-03-07,Fashion,Saree,4,1469.17,East,Patna,Debit Card,2025-03,5876.68
207,205994,2025-04-15,Sports,Cricket Bat,1,604.47,South,Chennai,UPI,2025-04,604.47
208,132025,2024-05-18,Books,Textbook,2,989.18,South,Chennai,UPI,2024-05,1978.36
209,236844,2025-04-26,Fashion,Saree,5,161.7,East,Bhubaneswar,UPI,2025-04,808.5
210,172414,2024-11-11,Sports,Football,1,627.77,North,Chandigarh,Net Banking,2024-11,627.77
211,130380,2024-11-07,Fashion,T-Shirt,4,1959.61,East,Patna,Credit Card,2024-11,7838.44
212,157801,2024-01-08,Sports,Football,1,1753.85,East,Kolkata,Net Banking,2024-01,1753.85
213,139866,2024-05-29,Sports,Cycling Helmet,4,1508.38,South,Kochi,Net Banking,2024-05,6033.52
214,227497,2024-11-25,Home & Kitchen,Lamp,4,681.05,West,Surat,Credit Card,2024-11,2724.2
215,242446,2024-07-03,Sports,Yoga Mat,2,1685.78,North,Lucknow,UPI,2024-07,3371.56
216,170056,2025-07-05,Fashion,Saree,2,1233.18,North,Chandigarh,Debit Card,2025-07,2466.36
217,132338,2024-07-09,Electronics,Tablet,2,1366.53,North,Delhi,UPI,2024-07,2733.06
218,160290,2024-10-21,Electronics,Headphones,4,3170.78,East,Patna,Debit Card,2024-10,12683.12
219,143129,2025-08-04,Home & Kitchen,Mixer Grinder,3,2993.73,South,Kochi,Credit Card,2025-08,8981.19
220,125622,2025-04-12,Books,Fiction Novel,3,1184.1,East,Patna,Credit Card,2025-04,3552.3
221,104506,2024-01-15,Electronics,Laptop,2,621.66,North,Lucknow,Net Banking,2024-01,1243.32
222,243491,2025-03-10,Home & Kitchen,Lamp,5,2140.05,East,Patna,Debit Card,2025-03,10700.25
223,201650,2025-02-13,Sports,Dumbbells,5,1283.42,North,Jaipur,Debit Card,2025-02,6417.1
224,225418,2025-08-14,Fashion,Jacket,4,2926.99,North,Chandigarh,UPI,2025-08,11707.96
226,128420,2025-05-22,Fashion,Jeans,4,506.74,South,Kochi,Cash on Delivery,2025-05,2026.96
227,178773,2025-02-01,Sports,Football,3,1923.53,West,Mumbai,Debit Card,2025-02,5770.59
228,241008,2025-03-07,Beauty,Moisturizer,3,2004.62,East,Patna,Credit Card,2025-03,6013.86
229,131925,2025-04-07,Beauty,Moisturizer,4,1206.15,North,Delhi,Debit Card,2025-04,4824.6
230,116997,2024-09-25,Fashion,Sneakers,4,2025.13,West,Mumbai,UPI,2024-09,8100.52
231,233599,2024-01-27,Home & Kitchen,Air Fryer,1,676.31,North,Chandigarh,Credit Card,2024-01,676.31
232,216103,2025-06-07,Books,Fiction Novel,4,50.0,West,Ahmedabad,Credit Card,2025-06,200.0
233,183312,2024-10-27,Electronics,Smartwatch,2,50.0,South,Bangalore,UPI,2024-10,100.0
234,121455,2025-08-20,Sports,Yoga Mat,4,50.0,East,Kolkata,Cash on Delivery,2025-08,200.0
235,212300,2025-09-10,Home & Kitchen,Mixer Grinder,1,349.5,North,Delhi,UPI,2025-09,349.5
236,140897,2025-04-25,Sports,Cycling Helmet,4,571.37,West,Pune,Debit Card,2025-04,2285.48
237,116292,2024-06-04,Beauty,Sunscreen,3,2476.04,South,Kochi,UPI,2024-06,7428.12
238,116609,2024-10-20,Home & Kitchen,Mixer Grinder,5,1017.2,North,Chandigarh,Debit Card,2024-10,5086.0
239,200935,2024-02-09,Fashion,Jacket,5,1872.55,South,Bangalore,UPI,2024-02,9362.75
240,228987,2025-03-09,Beauty,Perfume,4,2300.98,North,Jaipur,Net Banking,2025-03,9203.92
241,244738,2024-05-14,Electronics,Headphones,4,1916.54,West,Surat,Net Banking,2024-05,7666.16
242,245736,2025-08-14,Beauty,Shampoo,5,2182.25,North,Jaipur,UPI,2025-08,10911.25
243,153120,2025-08-27,Electronics,Laptop,4,2245.01,West,Mumbai,Credit Card,2025-08,8980.04
244,221766,2025-09-21,Beauty,Lipstick,5,1005.2,North,Delhi,Debit Card,2025-09,5026.0
245,102096,2025-02-14,Beauty,Sunscreen,5,2861.75,West,Ahmedabad,Net Banking,2025-02,14308.75
246,153208,2025-04-04,Electronics,Tablet,2,1301.59,North,Chandigarh,Credit Card,2025-04,2603.18
247,218831,2025-08-31,Sports,Football,5,1864.3,South,Kochi,Cash on Delivery,2025-08,9321.5
248,199534,2025-09-15,Home & Kitchen,Air Fryer,4,3089.34,South,Kochi,UPI,2025-09,12357.36
249,187518,2024-04-16,Sports,Cycling Helmet,1,839.71,West,Ahmedabad,Cash on Delivery,2024-04,839.71
250,248515,2025-02-03,Electronics,Tablet,1,3485.81,North,Lucknow,Credit Card,2025-02,3485.81
251,143647,2024-06-08,Fashion,Sneakers,3,2615.54,South,Hyderabad,Net Banking,2024-06,7846.62
252,218097,2025-01-25,Home & Kitchen,Lamp,4,1051.69,South,Bangalore,UPI,2025-01,4206.76
253,201208,2024-04-28,Fashion,Jacket,1,1002.22,East,Guwahati,UPI,2024-04,1002.22
254,231970,2025-07-21,Fashion,T-Shirt,4,2996.94,West,Surat,Credit Card,2025-07,11987.76
255,120674,2024-01-15,Beauty,Sunscreen,3,1044.19,South,Hyderabad,Net Banking,2024-01,3132.57
256,220298,2025-07-17,Electronics,Tablet,2,1331.85,East,Patna,UPI,2025-07,2663.7
257,227669,2024-05-09,Sports,Dumbbells,4,719.1,East,Kolkata,UPI,2024-05,2876.4
258,230311,2025-05-04,Electronics,Laptop,3,1262.53,South,Chennai,UPI,2025-05,3787.59
259,212941,2025-05-18,Fashion,Saree,4,1233.04,West,Ahmedabad,UPI,2025-05,4932.16
260,175131,2025-06-03,Beauty,Perfume,5,882.06,South,Hyderabad,UPI,2025-06,4410.3
261,232115,2024-12-19,Sports,Dumbbells,3,50.0,South,Bangalore,UPI,2024-12,150.0
262,150395,2024-09-14,Fashion,Jeans,2,1100.87,North,Jaipur,Credit Card,2024-09,2201.74
263,160092,2025-05-04,Fashion,Saree,4,2526.86,North,Lucknow,UPI,2025-05,10107.44
264,112280,2025-08-23,Books,Self-Help Book,2,426.14,South,Hyderabad,Debit Card,2025-08,852.28
265,162174,2024-02-26,Books,Self-Help Book,4,50.0,West,Ahmedabad,UPI,2024-02,200.0
266,229758,2024-07-27,Beauty,Lipstick,1,1164.28,East,Bhubaneswar,Debit Card,2024-07,1164.28
267,140127,2024-11-08,Home & Kitchen,Lamp,1,2069.68,East,Patna,Debit Card,2024-11,2069.68
268,139366,2024-12-21,Home & Kitchen,Mixer Grinder,2,1150.03,North,Delhi,Net Banking,2024-12,2300.06
269,145547,2024-09-03,Beauty,Sunscreen,2,2253.99,North,Delhi,Credit Card,2024-09,4507.98
270,169907,2025-05-12,Beauty,Moisturizer,2,499.84,South,Kochi,Debit Card,2025-05,999.68
271,192535,2025-04-29,Fashion,Jacket,3,2251.21,West,Mumbai,UPI,2025-04,6753.63
272,136481,2024-09-20,Electronics,Headphones,4,1391.28,North,Lucknow,Net Banking,2024-09,5565.12
273,170819,2024-12-21,Electronics,Smartphone,2,608.91,East,Bhubaneswar,Debit Card,2024-12,1217.82
274,246328,2024-02-16,Books,Comic,4,1581.46,South,Hyderabad,Credit Card,2024-02,6325.84
275,232209,2025-03-04,Home & Kitchen,Mixer Grinder,5,328.26,South,Bangalore,UPI,2025-03,1641.3
276,241850,2024-01-27,Home & Kitchen,Lamp,4,1407.62,South,Hyderabad,Credit Card,2024-01,5630.48
277,201908,2024-11-26,Home & Kitchen,Cookware Set,1,1159.95,North,Delhi,UPI,2024-11,1159.95
278,185785,2025-03-23,Sports,Football,1,1555.92,North,Chandigarh,Debit Card,2025-03,1555.92
279,227570,2024-05-22,Electronics,Smartphone,2,1925.04,South,Chennai,Net Banking,2024-05,3850.08
280,118563,2024-02-15,Electronics,Smartwatch,1,445.18,West,Pune,UPI,2024-02,445.18
281,174528,2024-09-03,Fashion,Jacket,3,2439.16,North,Lucknow,Net Banking,2024-09,7317.48
282,105324,2025-01-05,Home & Kitchen,Bedsheet,3,765.76,South,Chennai,UPI,2025-01,2297.28
283,249974,2024-10-18,Sports,Football,2,1447.85,West,Pune,Credit Card,2024-10,2895.7
284,150121,2024-05-18,Home & Kitchen,Air Fryer,2,1659.86,West,Pune,Debit Card,2024-05,3319.72
285,233985,2025-04-05,Home & Kitchen,Bedsheet,4,537.81,East,Bhubaneswar,Debit Card,2025-04,2151.24
286,237539,2025-03-18,Books,Biography,5,789.45,South,Hyderabad,Credit Card,2025-03,3947.25
287,216364,2024-08-02,Electronics,Laptop,2,1317.86,North,Lucknow,Debit Card,2024-08,2635.72
288,234891,2025-03-04,Beauty,Moisturizer,2,1789.35,North,Chandigarh,Credit Card,2025-03,3578.7
289,215184,2024-01-26,Beauty,Moisturizer,4,2446.27,North,Jaipur,Cash on Delivery,2024-01,9785.08
290,200817,2025-07-10,Home & Kitchen,Lamp,3,1851.44,East,Patna,UPI,2025-07,5554.32
292,190067,2025-06-01,Fashion,T-Shirt,1,1795.35,South,Hyderabad,Cash on Delivery,2025-06,1795.35
293,204315,2024-03-01,Books,Biography,5,1980.65,East,Bhubaneswar,Credit Card,2024-03,9903.25
294,189531,2025-01-25,Fashion,Jacket,2,1257.86,East,Patna,Credit Card,2025-01,2515.72
295,105690,2025-02-14,Beauty,Lipstick,4,2385.31,West,Mumbai,Debit Card,2025-02,9541.24
296,171464,2024-01-20,Beauty,Moisturizer,5,1082.1,South,Bangalore,Credit Card,2024-01,5410.5
297,233127,2024-03-21,Books,Self-Help Book,2,2366.63,North,Jaipur,Debit Card,2024-03,4733.26
298,129166,2025-07-29,Home & Kitchen,Bedsheet,5,1420.6,South,Kochi,Net Banking,2025-07,7103.0
299,195022,2024-09-21,Fashion,Jeans,3,1437.68,North,Jaipur,Credit Card,2024-09,4313.04
300,174659,2025-04-02,Electronics,Smartwatch,5,2091.81,West,Pune,UPI,2025-04,10459.05
301,196289,2025-01-24,Home & Kitchen,Air Fryer,2,546.88,East,Guwahati,Debit Card,2025-01,1093.76
302,178045,2025-07-23,Sports,Cycling Helmet,2,2462.43,South,Chennai,UPI,2025-07,4924.86
303,244735,2025-07-24,Electronics,Smartwatch,4,2306.54,West,Ahmedabad,UPI,2025-07,9226.16
304,194085,2024-06-10,Books,Fiction Novel,4,1521.64,West,Surat,UPI,2024-06,6086.56
305,128677,2024-12-30,Beauty,Moisturizer,5,1843.76,West,Surat,Cash on Delivery,2024-12,9218.8
306,118373,2024-10-21,Electronics,Headphones,2,1295.82,North,Lucknow,UPI,2024-10,2591.64
307,108054,2025-03-11,Fashion,Jeans,5,155.57,East,Kolkata,Cash on Delivery,2025-03,777.85
308,201574,2025-07-26,Beauty,Shampoo,4,50.0,East,Guwahati,UPI,2025-07,200.0
309,140693,2024-02-21,Fashion,Saree,2,1611.01,East,Guwahati,UPI,2024-02,3222.02
310,182242,2024-03-21,Electronics,Laptop,1,1589.84,North,Chandigarh,Credit Card,2024-03,1589.84
311,181323,2024-11-07,Beauty,Lipstick,2,1106.04,North,Jaipur,UPI,2024-11,2212.08
312,246655,2024-10-12,Sports,Cricket Bat,4,2035.9,East,Patna,UPI,2024-10,8143.6
313,237949,2024-09-14,Electronics,Laptop,1,1092.35,West,Mumbai,UPI,2024-09,1092.35
314,176587,2025-06-14,Fashion,Jacket,1,1366.0,East,Kolkata,Credit Card,2025-06,1366.0
315,239908,2024-05-25,Fashion,Jacket,5,854.06,West,Surat,Debit Card,2024-05,4270.3
316,161172,2024-06-07,Beauty,Moisturizer,4,2816.93,West,Mumbai,UPI,2024-06,11267.72
317,103714,2025-05-01,Sports,Yoga Mat,3,757.72,North,Delhi,UPI,2025-05,2273.16
318,121267,2024-11-20,Sports,Dumbbells,3,2379.15,West,Mumbai,Cash on Delivery,2024-11,7137.45
319,146320,2025-04-08,Books,Textbook,3,3077.87,West,Pune,Credit Card,2025-04,9233.61
320,134241,2025-06-24,Sports,Yoga Mat,1,987.02,East,Bhubaneswar,Net Banking,2025-06,987.02
321,170015,2025-04-23,Fashion,Jeans,1,943.8,East,Patna,Credit Card,2025-04,943.8
322,112316,2024-04-30,Electronics,Smartphone,1,939.48,South,Hyderabad,Cash on Delivery,2024-04,939.48
323,207038,2025-01-23,Beauty,Perfume,3,2576.92,West,Pune,UPI,2025-01,7730.76
324,160944,2025-04-26,Books,Textbook,2,1778.63,North,Jaipur,Credit Card,2025-04,3557.26
325,139536,2024-10-30,Books,Biography,2,50.0,East,Kolkata,UPI,2024-10,100.0
326,126069,2024-03-30,Fashion,Jeans,1,3748.24,South,Kochi,Debit Card,2024-03,3748.24
327,136262,2024-04-14,Fashion,Sneakers,5,1292.29,North,Delhi,UPI,2024-04,6461.45
328,132113,2025-02-13,Electronics,Laptop,4,718.79,South,Hyderabad,Debit Card,2025-02,2875.16
329,196954,2024-10-08,Electronics,Laptop,5,983.17,South,Kochi,UPI,2024-10,4915.85
330,135684,2025-06-22,Beauty,Perfume,2,2608.88,South,Kochi,UPI,2025-06,5217.76
331,246495,2024-12-23,Beauty,Moisturizer,1,477.94,East,Kolkata,UPI,2024-12,477.94
332,179426,2024-03-16,Home & Kitchen,Lamp,2,335.66,East,Guwahati,Cash on Delivery,2024-03,671.32
333,181821,2025-02-02,Fashion,Jacket,4,877.81,West,Mumbai,UPI,2025-02,3511.24
334,220971,2025-08-30,Sports,Cricket Bat,3,1052.02,North,Lucknow,UPI,2025-08,3156.06
335,100276,2025-03-09,Home & Kitchen,Bedsheet,1,2352.93,North,Lucknow,Credit Card,2025-03,2352.93
336,182475,2025-05-21,Sports,Yoga Mat,4,50.0,East,Patna,UPI,2025-05,200.0
337,132634,2024-04-12,Books,Biography,3,1611.54,North,Jaipur,UPI,2024-04,4834.62
338,104620,2024-02-29,Fashion,T-Shirt,1,3891.72,West,Pune,Credit Card,2024-02,3891.72
339,149536,2024-03-22,Fashion,T-Shirt,5,1585.11,North,Lucknow,Cash on Delivery,2024-03,7925.55
340,177193,2025-07-09,Books,Fiction Novel,5,1101.28,West,Mumbai,UPI,2025-07,5506.4
341,201038,2024-02-03,Beauty,Lipstick,3,2266.08,South,Bangalore,Net Banking,2024-02,6798.24
342,127953,2025-08-05,Fashion,Saree,2,1026.9,South,Kochi,Credit Card,2025-08,2053.8
343,205274,2025-06-04,Beauty,Shampoo,1,1071.29,East,Patna,Debit Card,2025-06,1071.29
344,113775,2024-09-19,Beauty,Shampoo,5,3024.24,North,Lucknow,UPI,2024-09,15121.2
345,180215,2024-02-21,Books,Self-Help Book,1,285.28,West,Mumbai,Credit Card,2024-02,285.28
346,225785,2024-04-06,Fashion,Sneakers,1,1564.27,South,Chennai,Debit Card,2024-04,1564.27
347,241635,2025-06-19,Books,Biography,2,1616.97,West,Mumbai,Net Banking,2025-06,3233.94
348,213886,2024-07-11,Books,Textbook,4,781.01,West,Surat,Credit Card,2024-07,3124.04
349,111206,2025-01-23,Fashion,Sneakers,2,821.75,South,Kochi,Net Banking,2025-01,1643.5
350,186203,2024-08-04,Electronics,Smartphone,2,391.35,West,Surat,Credit Card,2024-08,782.7
351,227883,2024-07-14,Beauty,Moisturizer,3,1474.68,South,Hyderabad,Credit Card,2024-07,4424.04
352,168515,2024-02-02,Electronics,Smartwatch,4,2348.95,East,Patna,Credit Card,2024-02,9395.8
353,115414,2025-08-30,Fashion,Jacket,4,2253.64,West,Mumbai,Cash on Delivery,2025-08,9014.56
354,140353,2025-04-01,Home & Kitchen,Bedsheet,2,3031.34,West,Mumbai,Debit Card,2025-04,6062.68
355,152815,2024-12-15,Books,Fiction Novel,2,893.93,West,Pune,UPI,2024-12,1787.86
356,184574,2024-12-09,Books,Biography,2,50.0,West,Mumbai,Debit Card,2024-12,100.0
357,216895,2024-08-24,Electronics,Tablet,3,50.0,West,Ahmedabad,UPI,2024-08,150.0
358,161657,2024-02-08,Books,Fiction Novel,5,1387.39,South,Chennai,Debit Card,2024-02,6936.95
359,198942,2025-01-30,Electronics,Smartwatch,1,1751.56,East,Bhubaneswar,UPI,2025-01,1751.56
360,117159,2025-01-13,Sports,Yoga Mat,4,1920.07,South,Bangalore,UPI,2025-01,7680.28
361,128195,2024-02-29,Books,Comic,1,187.24,South,Chennai,Cash on Delivery,2024-02,187.24
362,198116,2025-03-24,Books,Fiction Novel,3,2412.15,West,Pune,UPI,2025-03,7236.45
363,189414,2024-09-05,Fashion,Jacket,3,3096.46,East,Kolkata,UPI,2024-09,9289.38
364,132387,2024-02-01,Books,Self-Help Book,3,386.85,East,Patna,Credit Card,2024-02,1160.55
365,170982,2025-08-18,Electronics,Laptop,1,828.59,South,Kochi,Debit Card,2025-08,828.59
366,144824,2024-10-05,Beauty,Sunscreen,5,1000.12,North,Jaipur,Credit Card,2024-10,5000.6
367,171331,2024-08-12,Home & Kitchen,Cookware Set,2,1256.38,North,Lucknow,Net Banking,2024-08,2512.76
368,111891,2025-06-21,Fashion,T-Shirt,1,2549.03,North,Delhi,UPI,2025-06,2549.03
369,102429,2024-09-28,Electronics,Headphones,3,1672.97,South,Hyderabad,UPI,2024-09,5018.91
371,158890,2025-04-16,Home & Kitchen,Cookware Set,4,396.82,North,Jaipur,UPI,2025-04,1587.28
372,105582,2025-06-22,Beauty,Shampoo,4,2340.9,North,Delhi,Cash on Delivery,2025-06,9363.6
373,125276,2024-09-08,Home & Kitchen,Cookware Set,3,2224.05,West,Mumbai,Credit Card,2024-09,6672.15
374,177649,2024-03-11,Home & Kitchen,Lamp,4,707.31,South,Kochi,Credit Card,2024-03,2829.24
375,248290,2025-06-05,Books,Biography,1,2896.2,West,Ahmedabad,Credit Card,2025-06,2896.2
376,159759,2025-08-27,Electronics,Headphones,1,693.96,East,Patna,Net Banking,2025-08,693.96
377,101592,2025-07-30,Sports,Football,5,2047.31,South,Bangalore,UPI,2025-07,10236.55
378,180752,2024-02-23,Sports,Yoga Mat,1,311.34,East,Patna,UPI,2024-02,311.34
379,218871,2025-01-18,Home & Kitchen,Mixer Grinder,3,2072.1,South,Bangalore,Credit Card,2025-01,6216.3
380,231702,2025-04-18,Fashion,T-Shirt,1,1590.82,North,Jaipur,Debit Card,2025-04,1590.82
381,165936,2024-12-24,Electronics,Smartphone,2,1022.99,West,Surat,Credit Card,2024-12,2045.98
382,104598,2024-03-06,Books,Biography,3,667.09,West,Surat,Cash on Delivery,2024-03,2001.27
383,215185,2024-08-23,Books,Fiction Novel,3,1256.51,South,Chennai,Net Banking,2024-08,3769.53
384,234202,2025-07-28,Fashion,Saree,1,838.3,South,Chennai,UPI,2025-07,838.3
385,245082,2024-06-22,Electronics,Headphones,4,982.68,North,Chandigarh,UPI,2024-06,3930.72
386,109803,2025-09-23,Electronics,Laptop,1,1797.68,West,Ahmedabad,Credit Card,2025-09,1797.68
387,215688,2024-04-30,Electronics,Headphones,5,1069.3,West,Pune,UPI,2024-04,5346.5
388,234604,2024-10-19,Sports,Dumbbells,1,2902.02,West,Surat,Net Banking,2024-10,2902.02
389,223168,2024-11-19,Books,Textbook,3,423.1,South,Bangalore,UPI,2024-11,1269.3
390,244983,2024-12-13,Electronics,Laptop,1,1210.73,East,Kolkata,Credit Card,2024-12,1210.73
391,212321,2024-04-18,Sports,Cycling Helmet,3,1101.33,South,Kochi,Credit Card,2024-04,3303.99
392,219564,2024-10-31,Fashion,Jacket,5,1369.72,West,Ahmedabad,Debit Card,2024-10,6848.6
393,143893,2024-10-28,Home & Kitchen,Air Fryer,5,50.0,East,Kolkata,UPI,2024-10,250.0
394,104945,2024-07-10,Beauty,Sunscreen,3,1277.95,West,Surat,Credit Card,2024-07,3833.85
395,137524,2024-06-13,Sports,Dumbbells,4,1663.84,South,Kochi,Debit Card,2024-06,6655.36
396,236226,2024-04-22,Books,Fiction Novel,1,1447.8,North,Delhi,UPI,2024-04,1447.8
397,233007,2025-04-07,Electronics,Tablet,3,667.86,North,Chandigarh,UPI,2025-04,2003.58
398,203359,2024-10-02,Fashion,T-Shirt,5,1369.71,South,Chennai,UPI,2024-10,6848.55
399,198171,2025-03-09,Fashion,Jeans,1,562.54,East,Guwahati,Debit Card,2025-03,562.54
400,170442,2025-02-20,Fashion,Saree,4,1259.84,West,Pune,Cash on Delivery,2025-02,5039.36
401,136940,2025-02-23,Books,Self-Help Book,3,1805.33,North,Jaipur,UPI,2025-02,5415.99
402,117305,2025-06-16,Sports,Dumbbells,4,544.2,North,Lucknow,Net Banking,2025-06,2176.8
403,120593,2025-02-13,Fashion,Jacket,2,1290.92,West,Surat,Credit Card,2025-02,2581.84
404,235585,2024-11-12,Books,Fiction Novel,5,1284.14,South,Kochi,UPI,2024-11,6420.7
405,115015,2024-02-19,Home & Kitchen,Lamp,5,1545.34,North,Lucknow,Credit Card,2024-02,7726.7
406,194433,2024-08-02,Beauty,Perfume,5,2135.55,South,Kochi,Credit Card,2024-08,10677.75
407,236982,2025-09-14,Home & Kitchen,Bedsheet,2,2134.92,East,Guwahati,UPI,2025-09,4269.84
408,233059,2025-06-08,Electronics,Smartwatch,4,1683.87,East,Patna,Debit Card,2025-06,6735.48
409,148436,2024-08-24,Books,Comic,5,395.51,West,Ahmedabad,UPI,2024-08,1977.55
410,117980,2025-05-06,Electronics,Smartwatch,3,1929.9,West,Ahmedabad,UPI,2025-05,5789.7
411,140339,2024-08-31,Fashion,Saree,3,1248.55,North,Chandigarh,Debit Card,2024-08,3745.65
412,179383,2025-05-31,Fashion,Sneakers,5,755.4,East,Kolkata,Cash on Delivery,2025-05,3777.0
413,135279,2024-02-27,Fashion,Sneakers,3,1015.7,East,Guwahati,UPI,2024-02,3047.1
414,104064,2024-04-22,Electronics,Smartphone,4,2595.87,South,Hyderabad,Net Banking,2024-04,10383.48
415,183700,2025-05-18,Electronics,Smartphone,5,2984.2,North,Lucknow,UPI,2025-05,14921.0
416,198564,2025-01-04,Sports,Dumbbells,4,2788.23,East,Patna,UPI,2025-01,11152.92
417,112312,2025-08-18,Books,Biography,3,2092.14,North,Jaipur,UPI,2025-08,6276.42
418,243772,2025-04-11,Electronics,Tablet,1,1086.01,South,Bangalore,UPI,2025-04,1086.01
419,125010,2025-06-11,Fashion,Jeans,1,1288.22,West,Mumbai,Credit Card,2025-06,1288.22
420,200864,2024-01-02,Beauty,Shampoo,3,2443.44,South,Kochi,UPI,2024-01,7330.32
421,201713,2024-08-21,Books,Fiction Novel,3,3236.51,East,Patna,UPI,2024-08,9709.53
422,128886,2025-06-13,Sports,Cycling Helmet,3,1018.97,South,Chennai,Cash on Delivery,2025-06,3056.91
423,176598,2025-09-13,Sports,Cricket Bat,5,1705.87,West,Surat,Debit Card,2025-09,8529.35
424,226520,2024-03-24,Beauty,Sunscreen,3,2331.93,South,Hyderabad,Credit Card,2024-03,6995.79
425,176881,2024-04-14,Home & Kitchen,Mixer Grinder,2,2070.23,North,Chandigarh,Debit Card,2024-04,4140.46
426,183643,2024-04-02,Fashion,Jeans,1,2841.8,East,Kolkata,UPI,2024-04,2841.8
427,247085,2024-05-19,Books,Fiction Novel,5,2588.89,East,Kolkata,Debit Card,2024-05,12944.45
428,186109,2024-04-30,Sports,Dumbbells,1,1624.38,East,Guwahati,Credit Card,2024-04,1624.38
429,238912,2024-09-03,Electronics,Headphones,5,50.0,South,Kochi,Credit Card,2024-09,250.0
430,154046,2025-05-24,Sports,Cricket Bat,4,2844.61,South,Hyderabad,UPI,2025-05,11378.44
431,144884,2024-02-01,Electronics,Tablet,1,3125.69,East,Patna,UPI,2024-02,3125.69
432,167830,2024-05-24,Sports,Cycling Helmet,2,961.64,North,Lucknow,Net Banking,2024-05,1923.28
433,204266,2025-06-06,Sports,Cycling Helmet,1,50.0,North,Delhi,UPI,2025-06,50.0
434,164526,2024-11-08,Electronics,Laptop,3,1535.87,North,Delhi,UPI,2024-11,4607.61
435,160635,2025-04-14,Home & Kitchen,Mixer Grinder,4,50.0,West,Pune,Net Banking,2025-04,200.0
436,111533,2024-06-23,Electronics,Laptop,3,624.61,North,Jaipur,Cash on Delivery,2024-06,1873.83
437,191657,2024-01-19,Beauty,Lipstick,1,2137.16,West,Pune,Debit Card,2024-01,2137.16
438,217136,2024-06-05,Books,Comic,5,835.56,West,Mumbai,UPI,2024-06,4177.8
439,179521,2024-10-25,Electronics,Smartphone,3,4042.82,North,Delhi,Credit Card,2024-10,12128.46
440,148174,2024-10-02,Home & Kitchen,Cookware Set,5,182.99,North,Lucknow,Credit Card,2024-10,914.95
441,216272,2024-04-20,Books,Comic,5,2283.95,North,Jaipur,Debit Card,2024-04,11419.75
442,220179,2025-07-10,Fashion,Sneakers,1,2576.49,South,Hyderabad,Credit Card,2025-07,2576.49
443,186268,2024-07-16,Electronics,Tablet,3,856.17,East,Bhubaneswar,Net Banking,2024-07,2568.51
444,207971,2025-09-21,Home & Kitchen,Mixer Grinder,3,2067.55,South,Kochi,UPI,2025-09,6202.65
445,104644,2025-08-03,Beauty,Perfume,2,1294.88,North,Delhi,UPI,2025-08,2589.76
446,184608,2025-07-18,Beauty,Lipstick,2,550.7,North,Jaipur,Credit Card,2025-07,1101.4
447,240684,2024-06-15,Fashion,T-Shirt,5,752.75,East,Patna,Debit Card,2024-06,3763.75
448,183971,2024-03-28,Books,Textbook,3,957.74,West,Ahmedabad,Credit Card,2024-03,2873.22
449,204691,2025-03-15,Beauty,Sunscreen,2,2770.77,West,Mumbai,Debit Card,2025-03,5541.54
450,177017,2024-08-13,Fashion,Saree,2,50.0,North,Delhi,Credit Card,2024-08,100.0
451,224541,2025-08-21,Books,Fiction Novel,2,271.05,South,Hyderabad,Credit Card,2025-08,542.1
452,191308,2025-04-01,Books,Comic,5,1372.03,East,Patna,UPI,2025-04,6860.15
453,235678,2024-02-21,Home & Kitchen,Lamp,5,347.5,North,Jaipur,UPI,2024-02,1737.5
454,196862,2024-02-11,Electronics,Smartwatch,1,1442.98,East,Guwahati,Cash on Delivery,2024-02,1442.98
455,244879,2025-08-22,Beauty,Sunscreen,3,987.37,West,Pune,Cash on Delivery,2025-08,2962.11
456,247384,2025-04-03,Beauty,Perfume,5,999.59,South,Kochi,UPI,2025-04,4997.95
457,219758,2024-08-27,Electronics,Smartphone,2,2341.29,North,Lucknow,Credit Card,2024-08,4682.58
458,183577,2025-04-20,Beauty,Sunscreen,3,1450.42,East,Guwahati,Debit Card,2025-04,4351.26
459,115973,2024-03-22,Books,Comic,5,846.21,North,Jaipur,UPI,2024-03,4231.05
460,116488,2024-03-03,Electronics,Smartwatch,2,2872.99,North,Lucknow,UPI,2024-03,5745.98
461,185090,2025-02-27,Sports,Football,4,501.97,South,Kochi,UPI,2025-02,2007.88
462,216143,2025-07-10,Electronics,Laptop,5,1827.64,East,Kolkata,Credit Card,2025-07,9138.2
463,126123,2024-05-11,Sports,Yoga Mat,5,1641.69,North,Jaipur,Credit Card,2024-05,8208.45
464,183303,2024-10-24,Home & Kitchen,Lamp,3,2648.91,North,Delhi,Credit Card,2024-10,7946.73
465,214601,2024-11-26,Electronics,Tablet,3,1994.18,East,Bhubaneswar,Credit Card,2024-11,5982.54
466,103558,2024-09-04,Books,Biography,4,341.13,South,Hyderabad,Net Banking,2024-09,1364.52
467,109047,2025-05-01,Electronics,Smartwatch,5,1934.67,West,Surat,Credit Card,2025-05,9673.35
468,245837,2024-02-27,Beauty,Shampoo,1,2423.54,East,Kolkata,Net Banking,2024-02,2423.54
469,108308,2025-02-01,Fashion,Saree,2,1211.09,West,Ahmedabad,Credit Card,2025-02,2422.18
470,227686,2024-07-23,Books,Self-Help Book,2,1032.87,West,Pune,UPI,2024-07,2065.74
471,126898,2025-08-04,Sports,Cricket Bat,4,2517.7,South,Bangalore,Debit Card,2025-08,10070.8
472,144394,2024-03-19,Sports,Dumbbells,3,862.4,East,Patna,Net Banking,2024-03,2587.2
473,127981,2025-08-21,Home & Kitchen,Air Fryer,1,1860.95,East,Patna,UPI,2025-08,1860.95
474,177335,2025-05-05,Home & Kitchen,Air Fryer,1,1705.58,South,Bangalore,Debit Card,2025-05,1705.58
475,192167,2024-07-04,Beauty,Lipstick,1,1286.32,East,Guwahati,Debit Card,2024-07,1286.32
476,121588,2024-01-07,Sports,Dumbbells,4,2735.41,West,Ahmedabad,Net Banking,2024-01,10941.64
477,140438,2024-10-19,Books,Textbook,1,2805.47,South,Chennai,Debit Card,2024-10,2805.47
478,166369,2025-05-08,Electronics,Headphones,4,2310.65,South,Bangalore,Credit Card,2025-05,9242.6
479,171953,2024-04-17,Beauty,Moisturizer,5,2035.08,North,Chandigarh,UPI,2024-04,10175.4
480,176999,2024-03-24,Electronics,Smartphone,2,782.26,North,Lucknow,Debit Card,2024-03,1564.52
481,194624,2025-03-13,Fashion,T-Shirt,5,502.97,West,Ahmedabad,UPI,2025-03,2514.85
482,116053,2024-07-17,Sports,Cricket Bat,5,1723.46,North,Delhi,Cash on Delivery,2024-07,8617.3
483,153236,2024-07-23,Fashion,Sneakers,3,2313.26,North,Chandigarh,Credit Card,2024-07,6939.78
484,121288,2025-01-14,Sports,Football,2,2507.0,South,Hyderabad,UPI,2025-01,5014.0
485,247114,2024-02-22,Home & Kitchen,Lamp,4,737.26,South,Hyderabad,UPI,2024-02,2949.04
486,198538,2025-02-04,Fashion,Saree,1,1353.69,South,Kochi,Cash on Delivery,2025-02,1353.69
487,181613,2024-09-25,Home & Kitchen,Mixer Grinder,2,1249.84,South,Kochi,Debit Card,2024-09,2499.68
488,156163,2025-06-30,Beauty,Sunscreen,2,1578.16,South,Kochi,Credit Card,2025-06,3156.32
489,114788,2025-03-20,Sports,Cycling Helmet,1,2707.15,West,Ahmedabad,Credit Card,2025-03,2707.15
490,133257,2025-05-17,Beauty,Sunscreen,3,690.83,South,Chennai,Net Banking,2025-05,2072.49
491,234427,2024-05-26,Books,Textbook,3,50.0,South,Hyderabad,UPI,2024-05,150.0
492,192278,2025-02-07,Books,Self-Help Book,5,1000.47,West,Mumbai,Credit Card,2025-02,5002.35
493,249479,2024-08-11,Sports,Cycling Helmet,3,2741.7,North,Chandigarh,UPI,2024-08,8225.1
494,187770,2025-01-01,Beauty,Moisturizer,1,622.31,West,Pune,UPI,2025-01,622.31
495,129576,2025-03-11,Fashion,Jeans,1,869.48,West,Mumbai,UPI,2025-03,869.48
496,227168,2025-08-30,Home & Kitchen,Mixer Grinder,2,2189.01,West,Mumbai,Cash on Delivery,2025-08,4378.02
497,107425,2025-07-17,Electronics,Smartphone,5,1075.88,North,Chandigarh,Debit Card,2025-07,5379.4
498,242244,2025-07-24,Home & Kitchen,Bedsheet,1,2672.3,West,Ahmedabad,UPI,2025-07,2672.3
499,175980,2024-08-19,Books,Textbook,3,2160.09,South,Chennai,UPI,2024-08,6480.27
500,249269,2024-02-18,Home & Kitchen,Mixer Grinder,5,817.65,North,Delhi,UPI,2024-02,4088.25
501,190482,2025-07-31,Electronics,Tablet,5,2786.72,North,Delhi,Debit Card,2025-07,13933.6
502,118052,2024-02-19,Beauty,Sunscreen,3,2577.86,North,Lucknow,Credit Card,2024-02,7733.58
503,133593,2025-02-16,Books,Comic,5,67.59,North,Jaipur,Debit Card,2025-02,337.95
504,173223,2025-08-23,Books,Biography,3,1660.45,East,Bhubaneswar,Cash on Delivery,2025-08,4981.35
505,173703,2024-06-15,Fashion,Jeans,2,2259.41,East,Bhubaneswar,UPI,2024-06,4518.82
506,193488,2024-10-01,Home & Kitchen,Air Fryer,2,2502.88,South,Kochi,Net Banking,2024-10,5005.76
507,227494,2024-01-22,Beauty,Moisturizer,4,2006.06,North,Delhi,UPI,2024-01,8024.24
508,211006,2025-03-01,Fashion,Saree,3,2771.08,North,Chandigarh,UPI,2025-03,8313.24
509,162737,2024-05-19,Fashion,Saree,4,711.83,East,Bhubaneswar,Net Banking,2024-05,2847.32
510,222240,2024-07-18,Fashion,Jeans,4,1229.51,East,Patna,Credit Card,2024-07,4918.04
511,150028,2025-05-25,Books,Self-Help Book,4,574.53,West,Mumbai,Debit Card,2025-05,2298.12
512,195218,2024-10-19,Sports,Cricket Bat,4,398.54,East,Bhubaneswar,UPI,2024-10,1594.16
513,186144,2024-11-21,Books,Self-Help Book,5,2068.65,East,Kolkata,Debit Card,2024-11,10343.25
514,228830,2024-02-28,Sports,Cricket Bat,1,717.15,North,Chandigarh,UPI,2024-02,717.15
515,237288,2024-06-30,Books,Self-Help Book,3,1535.8,East,Guwahati,UPI,2024-06,4607.4
516,202695,2024-03-27,Electronics,Laptop,4,50.0,West,Ahmedabad,Credit Card,2024-03,200.0
517,186948,2024-07-13,Books,Self-Help Book,5,811.99,West,Mumbai,Net Banking,2024-07,4059.95
518,241937,2024-01-17,Electronics,Laptop,1,277.13,South,Kochi,Credit Card,2024-01,277.13
519,132145,2025-03-04,Home & Kitchen,Air Fryer,2,1985.14,North,Delhi,Credit Card,2025-03,3970.28
520,213941,2025-07-22,Beauty,Sunscreen,1,1602.05,West,Ahmedabad,UPI,2025-07,1602.05
521,202416,2024-01-12,Home & Kitchen,Bedsheet,3,166.64,North,Lucknow,UPI,2024-01,499.92
522,206267,2025-09-09,Electronics,Tablet,4,1347.51,East,Patna,Net Banking,2025-09,5390.04
523,226719,2024-07-29,Fashion,Sneakers,4,2777.77,West,Pune,UPI,2024-07,11111.08
524,189076,2024-10-17,Sports,Yoga Mat,2,1433.44,North,Delhi,Net Banking,2024-10,2866.88
525,219345,2025-05-20,Fashion,Saree,3,2169.49,West,Ahmedabad,Credit Card,2025-05,6508.47
526,207477,2024-08-23,Fashion,Sneakers,1,2563.31,South,Hyderabad,UPI,2024-08,2563.31
527,203717,2024-02-04,Books,Self-Help Book,3,1554.19,East,Patna,Credit Card,2024-02,4662.57
528,134056,2024-01-24,Electronics,Smartwatch,3,497.81,North,Delhi,Credit Card,2024-01,1493.43
529,249818,2025-03-10,Books,Self-Help Book,3,2970.48,East,Patna,Cash on Delivery,2025-03,8911.44
530,135316,2025-09-25,Books,Comic,1,1084.76,North,Lucknow,UPI,2025-09,1084.76
531,117621,2024-12-28,Beauty,Lipstick,5,1853.77,East,Guwahati,Cash on Delivery,2024-12,9268.85
532,246252,2025-07-17,Electronics,Smartphone,3,54.08,West,Mumbai,Credit Card,2025-07,162.24
533,171851,2025-07-22,Electronics,Tablet,1,433.56,South,Bangalore,UPI,2025-07,433.56
534,117668,2024-10-17,Fashion,Saree,4,1807.63,North,Lucknow,Debit Card,2024-10,7230.52
535,208107,2025-02-04,Beauty,Lipstick,5,1522.82,North,Delhi,UPI,2025-02,7614.1
536,130481,2024-12-31,Electronics,Tablet,5,50.0,North,Jaipur,Net Banking,2024-12,250.0
537,243659,2024-01-26,Home & Kitchen,Air Fryer,5,1525.6,East,Kolkata,Debit Card,2024-01,7628.0
538,238309,2024-03-23,Electronics,Smartphone,3,1564.42,South,Chennai,Net Banking,2024-03,4693.26
539,118328,2024-11-21,Beauty,Shampoo,3,1875.54,West,Surat,Credit Card,2024-11,5626.62
540,249732,2024-10-15,Electronics,Headphones,1,1798.66,South,Kochi,UPI,2024-10,1798.66
541,136098,2025-08-18,Sports,Dumbbells,1,2486.24,West,Mumbai,UPI,2025-08,2486.24
542,232631,2025-03-05,Electronics,Laptop,4,1881.54,East,Guwahati,UPI,2025-03,7526.16
543,241703,2025-07-02,Fashion,T-Shirt,4,2133.76,South,Chennai,UPI,2025-07,8535.04
544,231108,2024-12-30,Fashion,Sneakers,2,2495.7,East,Guwahati,UPI,2024-12,4991.4
545,142470,2024-04-11,Sports,Cricket Bat,4,2911.83,South,Chennai,UPI,2024-04,11647.32
546,119792,2024-08-12,Electronics,Smartphone,4,2759.28,East,Kolkata,Credit Card,2024-08,11037.12
547,162801,2025-09-10,Home & Kitchen,Air Fryer,4,2198.25,North,Lucknow,Debit Card,2025-09,8793.0
548,216979,2024-12-05,Beauty,Moisturizer,4,1208.81,North,Delhi,Net Banking,2024-12,4835.24
549,208998,2024-04-21,Beauty,Sunscreen,1,343.75,West,Ahmedabad,Debit Card,2024-04,343.75
550,214776,2025-07-27,Sports,Dumbbells,3,480.73,South,Kochi,Credit Card,2025-07,1442.19
551,161744,2025-05-21,Sports,Dumbbells,1,736.14,West,Pune,UPI,2025-05,736.14
552,226772,2025-04-08,Home & Kitchen,Bedsheet,4,50.0,East,Kolkata,UPI,2025-04,200.0
553,134728,2025-09-11,Sports,Yoga Mat,1,2039.12,North,Chandigarh,Debit Card,2025-09,2039.12
554,134514,2025-01-15,Fashion,Saree,3,50.0,West,Pune,UPI,2025-01,150.0
555,222628,2024-02-02,Books,Comic,1,1647.86,East,Kolkata,Credit Card,2024-02,1647.86
556,115604,2024-08-15,Beauty,Moisturizer,5,2609.68,West,Mumbai,UPI,2024-08,13048.4
557,155943,2025-03-25,Sports,Cycling Helmet,4,2515.76,West,Ahmedabad,Debit Card,2025-03,10063.04
558,191774,2025-07-18,Books,Textbook,1,1252.22,South,Bangalore,UPI,2025-07,1252.22
559,114476,2025-08-29,Sports,Football,1,50.0,North,Chandigarh,Credit Card,2025-08,50.0
560,214198,2025-06-12,Books,Comic,5,663.05,South,Bangalore,UPI,2025-06,3315.25
561,106128,2025-04-20,Beauty,Shampoo,5,1590.49,East,Guwahati,UPI,2025-04,7952.45
562,180048,2024-12-28,Electronics,Smartwatch,5,1524.27,North,Jaipur,UPI,2024-12,7621.35
563,103537,2025-07-25,Home & Kitchen,Lamp,2,1019.59,South,Bangalore,UPI,2025-07,2039.18
564,184137,2025-03-19,Fashion,Sneakers,2,1919.6,South,Bangalore,UPI,2025-03,3839.2
565,186957,2024-12-25,Books,Comic,1,3930.12,East,Patna,Debit Card,2024-12,3930.12
566,131269,2024-11-25,Fashion,Jacket,4,1823.37,North,Delhi,UPI,2024-11,7293.48
567,160149,2025-04-21,Fashion,Saree,2,1803.73,South,Bangalore,Debit Card,2025-04,3607.46
568,113433,2024-09-12,Fashion,Jacket,1,880.47,South,Kochi,Cash on Delivery,2024-09,880.47
569,185414,2025-02-26,Beauty,Moisturizer,5,91.69,West,Ahmedabad,Debit Card,2025-02,458.45
570,184424,2024-10-16,Beauty,Lipstick,3,2062.67,North,Chandigarh,Credit Card,2024-10,6188.01
571,220607,2024-05-03,Books,Textbook,3,2104.98,West,Ahmedabad,UPI,2024-05,6314.94
572,236327,2025-03-01,Home & Kitchen,Mixer Grinder,3,2569.82,North,Delhi,UPI,2025-03,7709.46
573,137680,2024-02-04,Fashion,Sneakers,2,2036.79,North,Jaipur,UPI,2024-02,4073.58
574,221068,2025-06-19,Electronics,Smartwatch,3,2304.51,South,Hyderabad,UPI,2025-06,6913.53
575,129044,2024-07-07,Electronics,Headphones,5,1051.41,East,Bhubaneswar,Debit Card,2024-07,5257.05
576,174254,2024-01-16,Home & Kitchen,Lamp,3,1676.38,East,Bhubaneswar,Credit Card,2024-01,5029.14
577,128667,2025-03-28,Books,Textbook,5,50.0,North,Lucknow,Debit Card,2025-03,250.0
578,133203,2025-04-10,Beauty,Lipstick,4,2901.82,West,Pune,UPI,2025-04,11607.28
579,168764,2025-05-18,Books,Fiction Novel,5,491.4,East,Kolkata,Credit Card,2025-05,2457.0
580,142745,2024-03-24,Electronics,Smartphone,3,1609.23,South,Chennai,UPI,2024-03,4827.69
581,154775,2024-01-22,Electronics,Headphones,2,2459.41,North,Delhi,Net Banking,2024-01,4918.82
582,173246,2024-05-08,Books,Comic,4,50.0,South,Hyderabad,Debit Card,2024-05,200.0
583,201362,2025-08-18,Electronics,Smartwatch,2,227.4,West,Ahmedabad,Cash on Delivery,2025-08,454.8
585,106259,2024-09-04,Home & Kitchen,Air Fryer,2,822.01,East,Patna,UPI,2024-09,1644.02
586,152067,2024-04-14,Books,Self-Help Book,1,2179.82,North,Lucknow,UPI,2024-04,2179.82
587,139049,2024-01-27,Sports,Cricket Bat,5,1789.51,South,Chennai,UPI,2024-01,8947.55
588,235024,2024-03-23,Electronics,Laptop,4,2387.78,South,Chennai,Debit Card,2024-03,9551.12
589,153649,2025-04-11,Books,Fiction Novel,5,2368.83,South,Chennai,UPI,2025-04,11844.15
590,247656,2025-04-21,Books,Biography,4,1208.76,South,Bangalore,UPI,2025-04,4835.04
592,120280,2025-08-10,Books,Biography,2,1511.63,West,Pune,Debit Card,2025-08,3023.26
593,101009,2025-08-27,Fashion,Saree,4,1257.7,West,Ahmedabad,Debit Card,2025-08,5030.8
594,244906,2024-08-27,Books,Self-Help Book,4,921.24,East,Bhubaneswar,Net Banking,2024-08,3684.96
595,205179,2024-03-20,Fashion,Sneakers,3,1530.31,East,Guwahati,Credit Card,2024-03,4590.93
596,200049,2025-08-31,Sports,Football,4,180.75,West,Pune,Net Banking,2025-08,723.0
597,190968,2024-09-19,Beauty,Shampoo,4,1039.52,North,Chandigarh,Credit Card,2024-09,4158.08
598,170143,2024-12-21,Sports,Dumbbells,4,1624.81,North,Delhi,UPI,2024-12,6499.24
599,207869,2024-05-09,Beauty,Sunscreen,4,204.76,South,Bangalore,Debit Card,2024-05,819.04
600,148678,2025-04-04,Beauty,Shampoo,5,978.66,South,Hyderabad,UPI,2025-04,4893.3
601,224798,2025-09-30,Beauty,Moisturizer,5,502.04,North,Jaipur,Debit Card,2025-09,2510.2
602,240353,2025-05-04,Sports,Football,3,1458.95,East,Guwahati,Net Banking,2025-05,4376.85
603,119716,2024-03-26,Sports,Cycling Helmet,3,1958.92,East,Patna,Debit Card,2024-03,5876.76
604,115299,2024-03-16,Electronics,Smartphone,5,1533.64,West,Pune,UPI,2024-03,7668.2
605,225760,2025-07-02,Sports,Yoga Mat,4,996.2,South,Kochi,UPI,2025-07,3984.8
606,105714,2025-09-14,Beauty,Shampoo,2,2029.22,West,Mumbai,Debit Card,2025-09,4058.44
607,208438,2025-04-04,Fashion,Jeans,4,2461.65,South,Kochi,Credit Card,2025-04,9846.6
608,203204,2025-02-10,Beauty,Lipstick,3,1625.68,South,Bangalore,UPI,2025-02,4877.04
609,122921,2025-06-24,Books,Biography,4,1986.97,South,Chennai,UPI,2025-06,7947.88
610,243007,2024-08-22,Books,Biography,4,2400.86,East,Guwahati,Net Banking,2024-08,9603.44
611,133559,2024-10-05,Books,Comic,5,2362.94,East,Kolkata,UPI,2024-10,11814.7
612,213760,2025-06-16,Home & Kitchen,Bedsheet,5,1405.41,South,Kochi,Debit Card,2025-06,7027.05
613,190398,2024-08-05,Sports,Dumbbells,4,912.14,North,Lucknow,Credit Card,2024-08,3648.56
614,127858,2025-08-07,Home & Kitchen,Bedsheet,5,1671.13,East,Bhubaneswar,UPI,2025-08,8355.65
615,163023,2025-06-22,Sports,Football,1,404.37,East,Guwahati,Debit Card,2025-06,404.37
616,100099,2024-06-29,Beauty,Sunscreen,2,540.82,North,Lucknow,Debit Card,2024-06,1081.64
617,103559,2024-10-15,Fashion,T-Shirt,3,3145.39,East,Patna,Cash on Delivery,2024-10,9436.17
618,130842,2024-09-01,Fashion,T-Shirt,5,903.15,South,Hyderabad,UPI,2024-09,4515.75
619,146800,2024-02-02,Electronics,Smartwatch,3,2022.94,South,Hyderabad,UPI,2024-02,6068.82
620,213262,2024-04-08,Electronics,Smartwatch,2,1007.76,West,Ahmedabad,UPI,2024-04,2015.52
621,249069,2024-09-13,Home & Kitchen,Bedsheet,5,1137.56,West,Ahmedabad,Net Banking,2024-09,5687.8
622,115865,2025-06-02,Home & Kitchen,Cookware Set,2,1663.35,South,Chennai,UPI,2025-06,3326.7
623,201941,2024-04-22,Electronics,Tablet,4,1388.09,West,Surat,Credit Card,2024-04,5552.36
624,212081,2024-08-19,Home & Kitchen,Lamp,3,505.74,North,Delhi,Credit Card,2024-08,1517.22
625,212709,2025-04-06,Beauty,Lipstick,2,2159.91,East,Guwahati,Debit Card,2025-04,4319.82
626,217937,2024-02-06,Fashion,Jeans,4,1667.04,West,Surat,UPI,2024-02,6668.16
627,188767,2024-05-07,Home & Kitchen,Air Fryer,3,1131.16,West,Pune,Credit Card,2024-05,3393.48
628,159167,2025-05-22,Home & Kitchen,Lamp,4,1873.42,East,Patna,Credit Card,2025-05,7493.68
629,173890,2025-08-17,Beauty,Perfume,5,808.45,South,Hyderabad,UPI,2025-08,4042.25
630,219482,2025-07-24,Home & Kitchen,Cookware Set,3,1996.51,East,Kolkata,UPI,2025-07,5989.53
631,206529,2025-01-20,Sports,Cycling Helmet,3,2038.31,West,Mumbai,Cash on Delivery,2025-01,6114.93
632,104384,2025-09-17,Fashion,Jeans,3,1116.39,West,Ahmedabad,Credit Card,2025-09,3349.17
633,188550,2024-05-27,Home & Kitchen,Cookware Set,1,1890.4,North,Chandigarh,Debit Card,2024-05,1890.4
634,148941,2025-04-19,Home & Kitchen,Mixer Grinder,3,2037.37,North,Delhi,Cash on Delivery,2025-04,6112.11
635,217186,2024-10-29,Fashion,T-Shirt,3,1273.07,West,Mumbai,UPI,2024-10,3819.21
636,125951,2024-04-07,Sports,Yoga Mat,1,178.97,North,Chandigarh,UPI,2024-04,178.97
637,180445,2024-07-14,Fashion,Jeans,1,1686.13,West,Pune,Net Banking,2024-07,1686.13
638,143988,2024-08-10,Fashion,T-Shirt,5,2106.15,West,Ahmedabad,Debit Card,2024-08,10530.75
639,209096,2025-05-01,Sports,Cycling Helmet,3,1495.67,North,Chandigarh,Credit Card,2025-05,4487.01
640,114613,2024-04-16,Books,Textbook,2,1700.74,West,Pune,Debit Card,2024-04,3401.48
641,140692,2024-11-30,Sports,Dumbbells,5,2922.76,West,Surat,UPI,2024-11,14613.8
642,209969,2025-07-15,Books,Comic,1,1491.18,North,Lucknow,Credit Card,2025-07,1491.18
643,245228,2025-03-28,Books,Biography,4,1803.88,East,Bhubaneswar,Net Banking,2025-03,7215.52
644,227935,2024-07-01,Home & Kitchen,Lamp,2,1670.21,East,Bhubaneswar,UPI,2024-07,3340.42
645,128759,2024-07-07,Sports,Cricket Bat,3,220.49,East,Patna,UPI,2024-07,661.47
646,131153,2024-05-17,Fashion,Jacket,5,1582.5,West,Mumbai,Debit Card,2024-05,7912.5
647,221448,2025-04-03,Home & Kitchen,Mixer Grinder,2,2243.1,North,Jaipur,Credit Card,2025-04,4486.2
648,152431,2025-03-17,Beauty,Lipstick,3,978.62,East,Patna,Credit Card,2025-03,2935.86
649,237211,2024-09-17,Books,Comic,1,2590.13,North,Jaipur,UPI,2024-09,2590.13
650,161586,2024-07-30,Books,Biography,5,1415.92,West,Pune,Cash on Delivery,2024-07,7079.6
651,219667,2025-05-08,Home & Kitchen,Mixer Grinder,5,2195.37,East,Bhubaneswar,UPI,2025-05,10976.85
652,141999,2024-01-12,Beauty,Lipstick,4,506.88,East,Bhubaneswar,UPI,2024-01,2027.52
653,109758,2024-10-17,Fashion,Jacket,2,1301.73,North,Jaipur,Net Banking,2024-10,2603.46
654,144964,2025-09-05,Sports,Dumbbells,5,1138.7,West,Surat,Net Banking,2025-09,5693.5
655,176564,2025-04-10,Beauty,Shampoo,4,353.02,North,Lucknow,Debit Card,2025-04,1412.08
656,107596,2025-06-16,Beauty,Shampoo,1,50.0,West,Surat,Debit Card,2025-06,50.0
657,224545,2024-08-18,Sports,Cycling Helmet,5,1382.72,West,Pune,UPI,2024-08,6913.6
658,183066,2025-01-31,Beauty,Perfume,1,1179.05,North,Lucknow,UPI,2025-01,1179.05
659,129919,2024-01-10,Electronics,Tablet,1,2415.17,North,Delhi,Net Banking,2024-01,2415.17
660,131677,2025-09-20,Fashion,Sneakers,4,815.05,South,Hyderabad,UPI,2025-09,3260.2
661,116517,2024-12-27,Fashion,Jacket,1,317.5,West,Ahmedabad,UPI,2024-12,317.5
662,165638,2024-06-11,Sports,Dumbbells,5,1875.06,North,Jaipur,Credit Card,2024-06,9375.3
663,142740,2025-08-07,Electronics,Laptop,1,1131.63,East,Patna,UPI,2025-08,1131.63
664,123959,2024-12-06,Fashion,Saree,1,2066.61,East,Bhubaneswar,UPI,2024-12,2066.61
665,140917,2024-02-10,Beauty,Sunscreen,3,573.62,North,Delhi,Net Banking,2024-02,1720.86
666,136164,2024-06-07,Sports,Cricket Bat,5,1894.79,South,Chennai,Cash on Delivery,2024-06,9473.95
667,131823,2025-08-03,Beauty,Lipstick,3,1209.4,East,Kolkata,UPI,2025-08,3628.2
668,142601,2024-03-22,Books,Fiction Novel,1,583.25,West,Ahmedabad,Cash on Delivery,2024-03,583.25
669,187346,2024-09-16,Books,Textbook,5,866.81,North,Delhi,Debit Card,2024-09,4334.05
670,118738,2024-12-27,Electronics,Laptop,2,1995.82,South,Kochi,Cash on Delivery,2024-12,3991.64
671,130679,2024-12-16,Books,Biography,4,1589.21,South,Chennai,Net Banking,2024-12,6356.84
672,191653,2025-08-06,Beauty,Sunscreen,2,50.0,North,Delhi,Cash on Delivery,2025-08,100.0
673,172280,2024-12-31,Beauty,Shampoo,4,1148.82,East,Patna,UPI,2024-12,4595.28
674,136399,2024-12-21,Electronics,Smartwatch,4,1784.43,East,Guwahati,Cash on Delivery,2024-12,7137.72
675,142747,2024-01-05,Beauty,Shampoo,1,2377.41,South,Chennai,Credit Card,2024-01,2377.41
676,204136,2025-02-25,Sports,Football,1,1681.81,East,Kolkata,UPI,2025-02,1681.81
677,204558,2025-04-22,Beauty,Perfume,5,1170.68,East,Kolkata,Credit Card,2025-04,5853.4
678,104935,2024-09-28,Electronics,Smartwatch,1,1797.6,North,Chandigarh,Credit Card,2024-09,1797.6
679,246804,2024-01-23,Beauty,Perfume,2,1790.72,East,Bhubaneswar,Debit Card,2024-01,3581.44
680,137497,2025-05-08,Books,Biography,5,1421.03,South,Kochi,Debit Card,2025-05,7105.15
681,132629,2025-05-05,Sports,Cricket Bat,1,50.0,South,Kochi,Debit Card,2025-05,50.0
682,160976,2024-04-20,Electronics,Headphones,3,2159.72,South,Kochi,Debit Card,2024-04,6479.16
683,101006,2025-07-11,Books,Biography,2,1598.53,West,Pune,UPI,2025-07,3197.06
684,206785,2024-05-18,Books,Comic,3,3263.67,West,Mumbai,Net Banking,2024-05,9791.01
685,161850,2025-07-11,Fashion,Saree,1,2573.78,East,Bhubaneswar,Credit Card,2025-07,2573.78
686,162660,2024-03-20,Sports,Dumbbells,2,1454.49,North,Chandigarh,Debit Card,2024-03,2908.98
687,194194,2025-01-25,Home & Kitchen,Cookware Set,4,2619.41,West,Surat,Credit Card,2025-01,10477.64
688,233644,2025-04-08,Beauty,Perfume,3,2220.16,South,Chennai,Net Banking,2025-04,6660.48
689,212852,2024-08-22,Home & Kitchen,Lamp,2,1464.62,East,Guwahati,UPI,2024-08,2929.24
690,238379,2025-01-02,Sports,Cricket Bat,3,50.0,East,Kolkata,Debit Card,2025-01,150.0
691,162161,2025-08-11,Books,Comic,1,1273.38,West,Mumbai,UPI,2025-08,1273.38
692,156628,2025-03-20,Sports,Yoga Mat,4,832.66,South,Hyderabad,Cash on Delivery,2025-03,3330.64
693,211393,2024-12-30,Books,Self-Help Book,5,1921.07,East,Guwahati,Credit Card,2024-12,9605.35
694,108508,2024-11-18,Books,Biography,4,1066.25,South,Kochi,Net Banking,2024-11,4265.0
695,106843,2025-09-29,Electronics,Laptop,5,50.0,South,Chennai,Debit Card,2025-09,250.0
696,121014,2024-08-11,Fashion,Saree,1,1275.59,West,Pune,Credit Card,2024-08,1275.59
697,222812,2024-05-06,Sports,Dumbbells,4,621.76,West,Mumbai,Net Banking,2024-05,2487.04
698,117674,2025-01-26,Beauty,Sunscreen,4,2231.03,South,Chennai,UPI,2025-01,8924.12
699,227849,2024-04-16,Electronics,Tablet,1,1500.05,North,Chandigarh,Credit Card,2024-04,1500.05
700,197480,2025-04-13,Electronics,Tablet,3,2504.56,North,Chandigarh,Credit Card,2025-04,7513.68
701,133537,2024-08-03,Beauty,Sunscreen,5,623.25,East,Kolkata,Credit Card,2024-08,3116.25
702,199502,2024-08-02,Beauty,Sunscreen,5,2067.31,East,Bhubaneswar,Credit Card,2024-08,10336.55
703,200072,2025-03-28,Fashion,Jacket,3,269.62,North,Delhi,UPI,2025-03,808.86
704,194314,2024-04-12,Fashion,Sneakers,1,1665.58,South,Chennai,Debit Card,2024-04,1665.58
705,221244,2024-12-22,Electronics,Smartwatch,1,4027.45,West,Pune,UPI,2024-12,4027.45
706,199152,2024-11-15,Beauty,Lipstick,1,50.0,North,Lucknow,Credit Card,2024-11,50.0
707,171277,2025-04-28,Electronics,Tablet,2,1861.36,East,Bhubaneswar,Credit Card,2025-04,3722.72
708,220258,2025-06-27,Beauty,Sunscreen,3,50.0,West,Mumbai,Credit Card,2025-06,150.0
709,124930,2024-12-28,Home & Kitchen,Bedsheet,5,1343.98,South,Bangalore,Credit Card,2024-12,6719.9
710,147514,2025-02-04,Home & Kitchen,Cookware Set,3,1809.28,North,Chandigarh,UPI,2025-02,5427.84
711,102858,2024-06-30,Sports,Cricket Bat,5,2086.46,East,Patna,UPI,2024-06,10432.3
712,110603,2024-06-03,Beauty,Sunscreen,3,2149.39,North,Delhi,Net Banking,2024-06,6448.17
713,128614,2025-03-15,Sports,Cricket Bat,2,739.61,East,Guwahati,Debit Card,2025-03,1479.22
714,172017,2024-07-30,Sports,Football,3,1508.63,East,Kolkata,UPI,2024-07,4525.89
715,178123,2025-08-31,Books,Textbook,3,1725.32,West,Pune,Cash on Delivery,2025-08,5175.96
716,168116,2025-06-24,Sports,Cricket Bat,3,1594.8,South,Bangalore,UPI,2025-06,4784.4
717,190427,2025-04-17,Beauty,Sunscreen,5,2246.41,East,Patna,UPI,2025-04,11232.05
718,154929,2025-02-19,Home & Kitchen,Mixer Grinder,2,704.01,South,Bangalore,Debit Card,2025-02,1408.02
719,207632,2025-09-17,Fashion,Sneakers,1,984.48,South,Chennai,UPI,2025-09,984.48
720,213143,2024-08-23,Beauty,Perfume,1,1380.83,West,Surat,Debit Card,2024-08,1380.83
721,142342,2025-05-02,Electronics,Headphones,1,3119.5,South,Bangalore,Debit Card,2025-05,3119.5
722,218339,2025-02-24,Books,Textbook,3,1351.33,East,Kolkata,Net Banking,2025-02,4053.99
723,249797,2024-06-29,Books,Fiction Novel,5,589.92,East,Bhubaneswar,UPI,2024-06,2949.6
724,246431,2024-12-07,Electronics,Smartwatch,1,1290.48,South,Hyderabad,UPI,2024-12,1290.48
725,153077,2024-05-17,Sports,Cricket Bat,3,2149.82,East,Kolkata,Credit Card,2024-05,6449.46
726,203557,2025-06-02,Electronics,Smartphone,2,1338.6,East,Patna,UPI,2025-06,2677.2
727,234992,2024-06-11,Sports,Yoga Mat,3,2369.36,South,Kochi,UPI,2024-06,7108.08
728,107049,2024-03-23,Electronics,Smartwatch,2,2015.84,East,Patna,Credit Card,2024-03,4031.68
729,117643,2024-01-19,Home & Kitchen,Cookware Set,5,1229.7,North,Delhi,UPI,2024-01,6148.5
730,202737,2025-01-26,Beauty,Lipstick,3,1631.82,East,Guwahati,Credit Card,2025-01,4895.46
731,214407,2024-10-09,Sports,Cycling Helmet,3,1507.14,South,Kochi,UPI,2024-10,4521.42
732,189513,2024-11-07,Home & Kitchen,Bedsheet,5,2032.04,South,Kochi,Net Banking,2024-11,10160.2
733,217443,2025-03-24,Books,Comic,1,360.68,North,Delhi,UPI,2025-03,360.68
734,177983,2024-03-22,Sports,Dumbbells,3,50.0,North,Chandigarh,Debit Card,2024-03,150.0
735,173686,2025-08-25,Fashion,Saree,4,2631.74,West,Pune,UPI,2025-08,10526.96
736,182146,2024-03-07,Sports,Cricket Bat,1,970.68,South,Kochi,Debit Card,2024-03,970.68
737,222776,2024-01-28,Sports,Cycling Helmet,4,1599.34,West,Pune,Net Banking,2024-01,6397.36
739,195588,2024-06-16,Sports,Cricket Bat,1,82.07,South,Hyderabad,UPI,2024-06,82.07
740,149495,2025-06-13,Books,Biography,5,50.0,East,Patna,UPI,2025-06,250.0
741,203337,2025-04-12,Sports,Cycling Helmet,5,3259.51,South,Chennai,UPI,2025-04,16297.55
742,189159,2025-03-02,Sports,Football,1,1321.77,West,Ahmedabad,UPI,2025-03,1321.77
743,204255,2025-03-29,Beauty,Perfume,5,1438.32,East,Patna,Debit Card,2025-03,7191.6
744,229401,2025-02-01,Fashion,Sneakers,2,2062.85,South,Kochi,Credit Card,2025-02,4125.7
745,165138,2024-01-01,Sports,Yoga Mat,4,976.21,South,Bangalore,UPI,2024-01,3904.84
746,155179,2025-07-12,Home & Kitchen,Cookware Set,4,577.9,South,Kochi,Credit Card,2025-07,2311.6
747,158247,2024-12-10,Beauty,Perfume,5,1800.11,East,Kolkata,Credit Card,2024-12,9000.55
748,120684,2025-01-11,Fashion,Jeans,2,2675.81,North,Delhi,Cash on Delivery,2025-01,5351.62
749,103766,2025-07-06,Fashion,Sneakers,4,2842.23,South,Kochi,Debit Card,2025-07,11368.92
750,242020,2025-05-15,Electronics,Tablet,1,1598.81,North,Delhi,Credit Card,2025-05,1598.81
751,111200,2025-07-27,Books,Comic,4,341.81,West,Ahmedabad,Credit Card,2025-07,1367.24
752,140181,2024-09-19,Electronics,Laptop,5,1659.21,West,Ahmedabad,UPI,2024-09,8296.05
753,151676,2024-03-11,Electronics,Laptop,4,1469.22,South,Bangalore,UPI,2024-03,5876.88
754,156266,2025-07-17,Books,Textbook,5,3506.87,South,Hyderabad,Cash on Delivery,2025-07,17534.35
755,106199,2024-04-15,Beauty,Moisturizer,1,214.9,South,Hyderabad,Debit Card,2024-04,214.9
756,124020,2024-10-05,Home & Kitchen,Cookware Set,3,1356.84,West,Mumbai,UPI,2024-10,4070.52
757,131716,2024-08-28,Sports,Cycling Helmet,3,862.74,East,Patna,Credit Card,2024-08,2588.22
758,109294,2025-02-20,Home & Kitchen,Lamp,4,1240.54,East,Bhubaneswar,Credit Card,2025-02,4962.16
759,212761,2024-06-30,Electronics,Laptop,5,1583.71,East,Patna,Cash on Delivery,2024-06,7918.55
760,210752,2025-08-06,Sports,Cricket Bat,4,1239.74,West,Mumbai,Debit Card,2025-08,4958.96
761,138365,2025-07-27,Fashion,Jeans,5,1419.43,East,Patna,Debit Card,2025-07,7097.15
762,155288,2024-02-05,Beauty,Perfume,2,907.17,East,Guwahati,Credit Card,2024-02,1814.34
763,114967,2024-12-02,Books,Comic,5,2167.1,West,Ahmedabad,UPI,2024-12,10835.5
764,157296,2025-03-18,Books,Fiction Novel,5,2648.99,East,Patna,Credit Card,2025-03,13244.95
765,243280,2024-11-28,Home & Kitchen,Mixer Grinder,5,2943.63,West,Pune,UPI,2024-11,14718.15
766,183848,2025-05-29,Sports,Cricket Bat,5,2390.87,East,Patna,Credit Card,2025-05,11954.35
767,124178,2024-06-27,Beauty,Shampoo,1,2104.22,West,Ahmedabad,Debit Card,2024-06,2104.22
768,102982,2025-06-04,Home & Kitchen,Air Fryer,3,876.12,East,Patna,Debit Card,2025-06,2628.36
769,106187,2025-08-07,Electronics,Headphones,1,765.93,North,Jaipur,Credit Card,2025-08,765.93
770,241229,2024-03-30,Home & Kitchen,Mixer Grinder,2,2812.4,West,Mumbai,Debit Card,2024-03,5624.8
771,225983,2025-08-08,Beauty,Perfume,5,2213.5,West,Pune,Cash on Delivery,2025-08,11067.5
772,160002,2024-02-14,Books,Self-Help Book,1,570.54,East,Patna,Credit Card,2024-02,570.54
773,109683,2025-07-19,Electronics,Laptop,5,821.56,West,Ahmedabad,Credit Card,2025-07,4107.8
774,116530,2024-06-24,Sports,Cycling Helmet,3,1150.02,North,Delhi,UPI,2024-06,3450.06
775,114654,2024-08-26,Books,Self-Help Book,4,2833.43,South,Chennai,Credit Card,2024-08,11333.72
776,223520,2024-08-27,Books,Comic,1,754.4,East,Kolkata,UPI,2024-08,754.4
777,118882,2025-08-13,Home & Kitchen,Bedsheet,5,975.77,South,Bangalore,UPI,2025-08,4878.85
778,166193,2024-06-05,Electronics,Smartwatch,4,50.0,East,Patna,Credit Card,2024-06,200.0
779,111305,2025-03-15,Fashion,Saree,5,1522.28,West,Surat,Credit Card,2025-03,7611.4
780,168177,2025-05-18,Books,Comic,4,673.07,West,Ahmedabad,Debit Card,2025-05,2692.28
782,152228,2024-06-17,Beauty,Shampoo,1,810.51,North,Lucknow,UPI,2024-06,810.51
783,212152,2024-08-20,Electronics,Smartwatch,3,1863.68,East,Patna,Debit Card,2024-08,5591.04
784,115795,2024-08-30,Electronics,Headphones,3,2887.87,North,Jaipur,UPI,2024-08,8663.61
785,171924,2025-01-14,Home & Kitchen,Cookware Set,3,1174.16,North,Jaipur,UPI,2025-01,3522.48
786,166300,2024-06-23,Beauty,Shampoo,2,1670.14,North,Lucknow,Net Banking,2024-06,3340.28
787,209857,2025-08-03,Electronics,Smartphone,5,588.64,West,Pune,Credit Card,2025-08,2943.2
788,212359,2024-09-29,Sports,Football,1,1246.32,West,Pune,UPI,2024-09,1246.32
789,122909,2024-05-16,Beauty,Lipstick,2,1680.11,East,Patna,Debit Card,2024-05,3360.22
790,137244,2024-07-08,Electronics,Headphones,4,416.33,West,Ahmedabad,UPI,2024-07,1665.32
791,122682,2025-05-29,Electronics,Headphones,5,1167.06,North,Lucknow,Debit Card,2025-05,5835.3
792,241400,2025-09-13,Home & Kitchen,Bedsheet,4,2322.98,West,Surat,UPI,2025-09,9291.92
793,132217,2024-06-05,Sports,Football,2,1660.87,West,Surat,UPI,2024-06,3321.74
794,190822,2024-02-12,Sports,Yoga Mat,1,748.23,South,Kochi,Net Banking,2024-02,748.23
795,160330,2024-05-23,Home & Kitchen,Mixer Grinder,4,633.08,West,Mumbai,UPI,2024-05,2532.32
796,204422,2024-08-31,Fashion,Saree,1,2074.25,North,Delhi,Debit Card,2024-08,2074.25
797,106204,2024-01-25,Books,Fiction Novel,2,641.32,North,Delhi,Credit Card,2024-01,1282.64
798,217426,2024-10-10,Home & Kitchen,Lamp,4,1084.93,West,Ahmedabad,Net Banking,2024-10,4339.72
799,229656,2024-02-12,Fashion,T-Shirt,5,1472.76,South,Kochi,UPI,2024-02,7363.8
800,177392,2024-11-05,Home & Kitchen,Mixer Grinder,5,1525.87,North,Jaipur,UPI,2024-11,7629.35
801,202556,2025-08-29,Electronics,Tablet,5,2688.43,West,Mumbai,Credit Card,2025-08,13442.15
802,101441,2024-12-03,Fashion,Jacket,3,545.06,West,Ahmedabad,UPI,2024-12,1635.18
803,157844,2025-01-19,Beauty,Moisturizer,4,50.0,East,Guwahati,Credit Card,2025-01,200.0
804,234480,2024-11-01,Books,Biography,3,50.0,West,Pune,Debit Card,2024-11,150.0
805,184563,2024-05-13,Sports,Yoga Mat,4,3576.37,North,Delhi,Credit Card,2024-05,14305.48
806,155255,2025-06-19,Sports,Football,3,832.64,North,Jaipur,Net Banking,2025-06,2497.92
807,210520,2024-12-18,Beauty,Moisturizer,4,828.02,South,Hyderabad,UPI,2024-12,3312.08
808,163377,2024-06-22,Electronics,Tablet,3,1104.49,East,Bhubaneswar,UPI,2024-06,3313.47
809,219882,2025-07-19,Home & Kitchen,Air Fryer,5,1942.79,East,Guwahati,Net Banking,2025-07,9713.95
810,196861,2025-02-06,Books,Comic,1,1865.8,West,Mumbai,Credit Card,2025-02,1865.8
811,112283,2024-02-02,Electronics,Smartwatch,1,50.0,West,Surat,Credit Card,2024-02,50.0
812,111480,2024-11-27,Books,Self-Help Book,1,2204.19,West,Surat,Cash on Delivery,2024-11,2204.19
813,153329,2024-09-23,Sports,Football,1,644.41,West,Ahmedabad,Net Banking,2024-09,644.41
814,167293,2024-09-14,Fashion,Saree,5,50.0,South,Hyderabad,Credit Card,2024-09,250.0
815,104970,2024-03-31,Sports,Football,2,1523.81,South,Chennai,UPI,2024-03,3047.62
816,120039,2024-06-16,Books,Comic,3,896.67,West,Ahmedabad,Credit Card,2024-06,2690.01
817,205003,2024-10-01,Electronics,Tablet,5,2171.1,South,Bangalore,Debit Card,2024-10,10855.5
818,216145,2025-06-06,Electronics,Laptop,5,201.26,West,Surat,UPI,2025-06,1006.3
819,161701,2025-07-20,Beauty,Sunscreen,5,581.18,South,Bangalore,Credit Card,2025-07,2905.9
820,236994,2024-11-11,Books,Fiction Novel,2,439.97,West,Pune,Credit Card,2024-11,879.94
821,219250,2025-06-11,Electronics,Smartwatch,1,1402.8,East,Bhubaneswar,Credit Card,2025-06,1402.8
822,154417,2024-10-06,Beauty,Lipstick,1,2525.27,South,Bangalore,Cash on Delivery,2024-10,2525.27
823,234781,2025-06-23,Electronics,Smartwatch,2,419.61,North,Lucknow,Credit Card,2025-06,839.22
824,112099,2025-09-21,Beauty,Sunscreen,5,50.0,West,Pune,UPI,2025-09,250.0
825,179970,2025-08-22,Beauty,Shampoo,3,1450.09,South,Kochi,UPI,2025-08,4350.27
826,175720,2025-04-25,Electronics,Laptop,1,1471.73,East,Bhubaneswar,Net Banking,2025-04,1471.73
827,210220,2024-09-02,Sports,Yoga Mat,5,3018.99,West,Pune,Cash on Delivery,2024-09,15094.95
828,217997,2024-08-07,Books,Biography,5,1646.42,North,Jaipur,Cash on Delivery,2024-08,8232.1
829,165849,2025-04-28,Books,Fiction Novel,3,1446.9,West,Pune,UPI,2025-04,4340.7
830,165827,2024-10-05,Electronics,Tablet,4,2312.89,East,Kolkata,Debit Card,2024-10,9251.56
831,188596,2025-06-07,Fashion,Saree,5,1767.62,South,Kochi,UPI,2025-06,8838.1
832,127752,2024-08-22,Fashion,Jeans,1,2691.31,West,Ahmedabad,Debit Card,2024-08,2691.31
833,168821,2025-03-27,Home & Kitchen,Lamp,3,1669.86,West,Surat,Net Banking,2025-03,5009.58
834,208072,2024-08-08,Electronics,Smartwatch,5,605.72,East,Patna,Debit Card,2024-08,3028.6
835,226517,2024-02-24,Books,Comic,5,1457.45,East,Bhubaneswar,Credit Card,2024-02,7287.25
836,193679,2024-07-23,Sports,Yoga Mat,3,667.27,East,Bhubaneswar,Cash on Delivery,2024-07,2001.81
837,240047,2025-04-12,Sports,Football,5,50.0,West,Surat,Cash on Delivery,2025-04,250.0
838,190311,2024-03-04,Fashion,T-Shirt,4,831.3,South,Hyderabad,UPI,2024-03,3325.2
839,106399,2025-03-17,Electronics,Tablet,1,869.59,North,Chandigarh,UPI,2025-03,869.59
840,228746,2025-07-03,Books,Fiction Novel,4,453.47,East,Bhubaneswar,Credit Card,2025-07,1813.88
841,146631,2025-02-22,Fashion,Sneakers,4,2137.46,West,Pune,Debit Card,2025-02,8549.84
842,226774,2024-06-30,Beauty,Lipstick,1,1408.35,West,Mumbai,Net Banking,2024-06,1408.35
843,105443,2024-06-07,Books,Fiction Novel,3,1225.22,North,Jaipur,UPI,2024-06,3675.66
844,236337,2025-04-07,Electronics,Smartphone,2,2742.34,East,Bhubaneswar,Cash on Delivery,2025-04,5484.68
845,123061,2024-10-13,Electronics,Tablet,1,2393.15,North,Jaipur,Debit Card,2024-10,2393.15
846,199533,2025-02-11,Electronics,Smartphone,1,655.46,West,Ahmedabad,Cash on Delivery,2025-02,655.46
847,210901,2024-01-20,Electronics,Laptop,4,1812.07,South,Hyderabad,UPI,2024-01,7248.28
848,213929,2024-03-18,Electronics,Smartphone,4,2419.83,North,Delhi,UPI,2024-03,9679.32
849,131408,2024-04-01,Sports,Dumbbells,3,1470.49,North,Jaipur,UPI,2024-04,4411.47
850,130422,2024-11-22,Beauty,Perfume,4,2933.99,South,Bangalore,UPI,2024-11,11735.96
851,125802,2024-01-08,Books,Textbook,2,1610.7,North,Delhi,Credit Card,2024-01,3221.4
852,121290,2024-03-07,Sports,Cricket Bat,5,2613.21,East,Kolkata,Debit Card,2024-03,13066.05
853,180372,2024-09-26,Books,Fiction Novel,2,1704.69,North,Chandigarh,Credit Card,2024-09,3409.38
854,110642,2024-03-23,Fashion,Jacket,2,3215.19,South,Hyderabad,Debit Card,2024-03,6430.38
855,100272,2024-12-17,Fashion,T-Shirt,3,1438.64,West,Mumbai,UPI,2024-12,4315.92
856,212723,2024-04-04,Books,Biography,1,1307.1,West,Surat,Debit Card,2024-04,1307.1
857,125901,2025-03-14,Fashion,Jacket,4,2918.43,North,Lucknow,Debit Card,2025-03,11673.72
858,210233,2024-05-20,Electronics,Smartphone,1,2563.77,East,Bhubaneswar,UPI,2024-05,2563.77
859,117707,2025-08-05,Sports,Dumbbells,5,50.0,South,Hyderabad,UPI,2025-08,250.0
860,160983,2025-04-29,Sports,Football,2,1166.26,South,Chennai,UPI,2025-04,2332.52
861,105952,2025-08-10,Books,Textbook,1,1652.07,North,Lucknow,Cash on Delivery,2025-08,1652.07
862,103792,2024-10-30,Books,Comic,3,211.0,South,Chennai,Net Banking,2024-10,633.0
863,112672,2024-09-29,Electronics,Tablet,3,1563.62,West,Surat,Net Banking,2024-09,4690.86
864,244111,2024-12-28,Sports,Football,3,2829.43,South,Chennai,Net Banking,2024-12,8488.29
865,214354,2024-10-19,Books,Textbook,2,988.31,North,Chandigarh,Net Banking,2024-10,1976.62
866,139072,2024-12-18,Sports,Cricket Bat,3,663.16,West,Mumbai,UPI,2024-12,1989.48
867,174628,2024-03-17,Sports,Cricket Bat,4,1296.15,West,Ahmedabad,Cash on Delivery,2024-03,5184.6
868,238922,2024-02-04,Books,Textbook,5,1577.25,South,Kochi,Credit Card,2024-02,7886.25
869,172187,2024-06-12,Home & Kitchen,Bedsheet,4,2105.76,West,Ahmedabad,Debit Card,2024-06,8423.04
870,154375,2024-04-14,Electronics,Smartphone,5,50.0,South,Kochi,Net Banking,2024-04,250.0
871,173440,2024-06-20,Home & Kitchen,Mixer Grinder,4,1360.08,West,Ahmedabad,Net Banking,2024-06,5440.32
872,119290,2025-04-03,Fashion,Saree,5,1711.0,West,Ahmedabad,UPI,2025-04,8555.0
873,241661,2025-07-11,Electronics,Tablet,2,1156.78,North,Jaipur,Debit Card,2025-07,2313.56
874,107738,2024-12-21,Electronics,Tablet,5,4235.65,North,Delhi,Debit Card,2024-12,21178.25
875,189687,2024-07-22,Sports,Cricket Bat,5,399.99,West,Mumbai,UPI,2024-07,1999.95
876,235124,2024-02-14,Beauty,Shampoo,1,1020.59,South,Kochi,Debit Card,2024-02,1020.59
877,160177,2024-02-27,Beauty,Shampoo,2,1455.53,East,Kolkata,Credit Card,2024-02,2911.06
878,178687,2024-01-14,Sports,Cricket Bat,2,818.47,North,Lucknow,Credit Card,2024-01,1636.94
879,220249,2024-01-15,Beauty,Lipstick,1,2403.59,West,Ahmedabad,Cash on Delivery,2024-01,2403.59
880,150408,2025-06-09,Beauty,Perfume,3,398.46,North,Jaipur,UPI,2025-06,1195.38
881,210171,2025-04-25,Electronics,Headphones,5,1552.79,East,Kolkata,UPI,2025-04,7763.95
882,108882,2024-03-30,Books,Textbook,4,3763.94,South,Kochi,Debit Card,2024-03,15055.76
883,118553,2025-01-12,Home & Kitchen,Lamp,5,1375.28,East,Guwahati,Credit Card,2025-01,6876.4
884,174911,2024-12-26,Electronics,Smartwatch,1,2569.64,North,Delhi,UPI,2024-12,2569.64
885,210388,2024-09-24,Sports,Cricket Bat,1,1584.88,East,Guwahati,Debit Card,2024-09,1584.88
886,196373,2024-01-27,Sports,Cycling Helmet,2,1097.57,East,Guwahati,UPI,2024-01,2195.14
887,189075,2025-07-14,Electronics,Smartphone,5,1693.46,South,Kochi,Credit Card,2025-07,8467.3
888,110939,2024-04-26,Fashion,T-Shirt,5,1915.38,North,Delhi,Debit Card,2024-04,9576.9
889,105112,2024-09-10,Electronics,Smartphone,1,1808.05,North,Chandigarh,Debit Card,2024-09,1808.05
890,230580,2024-04-26,Fashion,Jacket,3,1167.2,East,Kolkata,Debit Card,2024-04,3501.6
891,161562,2024-02-12,Electronics,Laptop,5,50.0,South,Bangalore,Credit Card,2024-02,250.0
892,128333,2024-05-23,Sports,Football,3,2166.35,West,Mumbai,Credit Card,2024-05,6499.05
893,162104,2024-05-03,Beauty,Shampoo,2,1005.83,South,Kochi,UPI,2024-05,2011.66
894,177603,2025-04-03,Books,Biography,5,2277.18,South,Hyderabad,UPI,2025-04,11385.9
895,183389,2025-07-24,Sports,Football,2,2544.8,South,Hyderabad,UPI,2025-07,5089.6
896,134892,2024-04-08,Beauty,Shampoo,1,2974.66,North,Lucknow,Cash on Delivery,2024-04,2974.66
897,245096,2025-07-29,Beauty,Moisturizer,1,1595.81,East,Guwahati,UPI,2025-07,1595.81
898,244118,2025-06-23,Electronics,Headphones,4,502.49,South,Chennai,Credit Card,2025-06,2009.96
899,213288,2024-12-03,Electronics,Smartphone,4,1979.93,East,Patna,UPI,2024-12,7919.72
900,153132,2024-09-25,Beauty,Moisturizer,4,277.19,South,Hyderabad,UPI,2024-09,1108.76
901,214294,2024-04-06,Electronics,Headphones,2,291.38,East,Guwahati,Debit Card,2024-04,582.76
902,208963,2024-12-16,Electronics,Laptop,2,2104.38,North,Jaipur,UPI,2024-12,4208.76
903,135792,2024-05-16,Fashion,Sneakers,5,2860.51,South,Chennai,Debit Card,2024-05,14302.55
904,201764,2025-07-14,Books,Comic,5,633.58,North,Chandigarh,Cash on Delivery,2025-07,3167.9
905,238272,2025-01-15,Home & Kitchen,Air Fryer,2,2202.38,North,Lucknow,Debit Card,2025-01,4404.76
906,213884,2025-04-11,Sports,Dumbbells,5,2310.92,North,Chandigarh,Net Banking,2025-04,11554.6
907,112413,2025-02-27,Home & Kitchen,Cookware Set,2,722.03,East,Patna,UPI,2025-02,1444.06
908,153844,2025-04-07,Fashion,Sneakers,2,1707.48,South,Chennai,Net Banking,2025-04,3414.96
909,153070,2024-07-13,Home & Kitchen,Lamp,1,1573.77,South,Bangalore,UPI,2024-07,1573.77
910,118364,2024-12-25,Electronics,Laptop,4,2414.24,West,Pune,Credit Card,2024-12,9656.96
911,147720,2024-04-14,Sports,Cricket Bat,2,2060.2,West,Mumbai,Credit Card,2024-04,4120.4
912,116705,2024-01-27,Fashion,Saree,3,50.0,West,Surat,Net Banking,2024-01,150.0
913,112322,2025-05-09,Home & Kitchen,Cookware Set,4,2410.45,West,Pune,Net Banking,2025-05,9641.8
914,172597,2024-09-07,Books,Fiction Novel,2,426.75,South,Hyderabad,Credit Card,2024-09,853.5
915,146807,2024-05-30,Beauty,Moisturizer,3,1018.62,North,Chandigarh,Credit Card,2024-05,3055.86
916,228651,2024-11-25,Home & Kitchen,Cookware Set,5,1490.07,East,Kolkata,Debit Card,2024-11,7450.35
917,219163,2025-08-19,Beauty,Lipstick,4,1973.16,East,Bhubaneswar,Debit Card,2025-08,7892.64
918,236954,2024-05-23,Sports,Cycling Helmet,2,1117.46,North,Chandigarh,UPI,2024-05,2234.92
919,147623,2024-05-15,Fashion,Jacket,5,1461.6,South,Bangalore,UPI,2024-05,7308.0
920,214143,2024-10-18,Beauty,Sunscreen,5,1201.04,North,Lucknow,UPI,2024-10,6005.2
921,105450,2024-08-29,Books,Textbook,2,1417.85,East,Patna,Cash on Delivery,2024-08,2835.7
922,109128,2025-06-10,Beauty,Perfume,3,2372.34,South,Hyderabad,Net Banking,2025-06,7117.02
923,166638,2024-05-11,Home & Kitchen,Lamp,3,2016.19,East,Bhubaneswar,UPI,2024-05,6048.57
924,243703,2025-06-11,Electronics,Headphones,1,1677.23,North,Jaipur,UPI,2025-06,1677.23
925,124606,2024-09-19,Fashion,Jacket,1,1470.46,South,Chennai,UPI,2024-09,1470.46
926,230809,2024-09-08,Books,Biography,5,1860.72,South,Kochi,UPI,2024-09,9303.6
927,139862,2024-04-03,Beauty,Moisturizer,1,855.62,South,Bangalore,Debit Card,2024-04,855.62
928,135682,2024-02-27,Fashion,Jeans,3,3491.92,North,Jaipur,UPI,2024-02,10475.76
929,161525,2024-01-05,Home & Kitchen,Mixer Grinder,5,2947.59,West,Pune,Credit Card,2024-01,14737.95
931,162108,2025-04-08,Beauty,Shampoo,2,2273.84,West,Pune,Debit Card,2025-04,4547.68
932,221819,2024-10-09,Sports,Dumbbells,2,576.67,South,Hyderabad,Credit Card,2024-10,1153.34
933,167709,2024-07-12,Fashion,T-Shirt,2,581.61,East,Bhubaneswar,Debit Card,2024-07,1163.22
934,149786,2025-07-28,Beauty,Lipstick,2,2542.74,West,Ahmedabad,Credit Card,2025-07,5085.48
935,137926,2024-06-23,Home & Kitchen,Bedsheet,3,566.56,East,Bhubaneswar,Credit Card,2024-06,1699.68
936,111603,2025-09-06,Books,Comic,2,1701.65,North,Lucknow,Cash on Delivery,2025-09,3403.3
937,185770,2025-05-02,Electronics,Headphones,2,2772.76,East,Kolkata,UPI,2025-05,5545.52
938,113809,2024-10-03,Electronics,Tablet,1,2450.19,East,Patna,UPI,2024-10,2450.19
939,209342,2024-03-02,Home & Kitchen,Mixer Grinder,1,1803.49,South,Bangalore,Net Banking,2024-03,1803.49
940,216396,2024-05-18,Beauty,Moisturizer,2,1703.08,South,Chennai,Debit Card,2024-05,3406.16
941,196272,2024-09-06,Sports,Cricket Bat,3,2609.96,West,Pune,Debit Card,2024-09,7829.88
942,203937,2024-03-19,Home & Kitchen,Lamp,3,2220.62,East,Bhubaneswar,UPI,2024-03,6661.86
943,161582,2025-08-25,Books,Biography,3,343.73,North,Lucknow,UPI,2025-08,1031.19
944,188839,2024-07-15,Home & Kitchen,Air Fryer,5,891.49,South,Hyderabad,UPI,2024-07,4457.45
945,130451,2024-01-18,Electronics,Headphones,1,50.0,South,Kochi,Credit Card,2024-01,50.0
947,123573,2025-06-01,Books,Fiction Novel,3,1358.68,South,Hyderabad,Debit Card,2025-06,4076.04
948,141104,2024-08-04,Electronics,Laptop,3,1050.78,North,Delhi,Credit Card,2024-08,3152.34
949,192611,2025-01-25,Books,Textbook,1,1413.43,East,Bhubaneswar,UPI,2025-01,1413.43
950,172680,2025-08-19,Fashion,T-Shirt,1,3028.01,North,Chandigarh,UPI,2025-08,3028.01
951,158331,2024-03-28,Electronics,Laptop,4,684.21,South,Chennai,UPI,2024-03,2736.84
952,196132,2025-08-11,Fashion,Sneakers,4,50.0,West,Surat,UPI,2025-08,200.0
953,238679,2025-04-19,Beauty,Lipstick,2,1325.21,North,Chandigarh,Debit Card,2025-04,2650.42
954,204820,2024-03-08,Home & Kitchen,Cookware Set,4,1789.2,East,Patna,Credit Card,2024-03,7156.8
955,135536,2024-07-07,Sports,Yoga Mat,5,667.92,South,Chennai,Net Banking,2024-07,3339.6
956,110537,2024-08-02,Beauty,Perfume,5,1459.19,South,Bangalore,Credit Card,2024-08,7295.95
957,133355,2024-07-16,Home & Kitchen,Air Fryer,4,1898.93,North,Delhi,UPI,2024-07,7595.72
958,111629,2025-09-11,Beauty,Moisturizer,2,2344.21,East,Patna,Debit Card,2025-09,4688.42
959,133984,2025-04-15,Books,Comic,5,1364.41,West,Pune,UPI,2025-04,6822.05
960,126101,2025-03-22,Home & Kitchen,Lamp,4,2437.68,East,Guwahati,Cash on Delivery,2025-03,9750.72
961,165742,2025-05-17,Electronics,Smartwatch,3,738.05,South,Bangalore,Credit Card,2025-05,2214.15
962,162230,2025-06-19,Home & Kitchen,Air Fryer,5,303.88,North,Chandigarh,Credit Card,2025-06,1519.4
963,238139,2024-03-30,Books,Fiction Novel,3,3853.85,North,Lucknow,Credit Card,2024-03,11561.55
964,137139,2024-02-04,Fashion,Sneakers,3,959.51,East,Bhubaneswar,UPI,2024-02,2878.53
965,166189,2025-06-18,Books,Biography,4,1447.91,North,Chandigarh,UPI,2025-06,5791.64
966,166324,2024-06-04,Beauty,Shampoo,3,1079.35,South,Kochi,Cash on Delivery,2024-06,3238.05
967,135469,2025-09-09,Beauty,Lipstick,1,1125.06,South,Kochi,Cash on Delivery,2025-09,1125.06
968,213749,2024-12-07,Fashion,T-Shirt,5,50.0,West,Pune,Credit Card,2024-12,250.0
969,234113,2025-08-24,Books,Biography,2,1815.25,South,Hyderabad,Debit Card,2025-08,3630.5
970,189760,2025-07-30,Electronics,Laptop,4,1435.42,North,Lucknow,UPI,2025-07,5741.68
971,104211,2025-09-27,Fashion,Sneakers,1,1747.43,South,Kochi,Debit Card,2025-09,1747.43
972,147678,2024-01-23,Home & Kitchen,Mixer Grinder,5,1833.85,West,Ahmedabad,Debit Card,2024-01,9169.25
973,231461,2024-08-10,Home & Kitchen,Air Fryer,3,2060.28,West,Mumbai,Cash on Delivery,2024-08,6180.84
974,245686,2024-08-09,Home & Kitchen,Air Fryer,1,542.96,East,Bhubaneswar,UPI,2024-08,542.96
975,227393,2024-04-13,Electronics,Tablet,5,1105.69,South,Chennai,UPI,2024-04,5528.45
976,213951,2024-01-24,Fashion,Saree,2,1859.6,South,Kochi,Debit Card,2024-01,3719.2
977,112054,2024-12-21,Electronics,Laptop,2,543.83,North,Lucknow,Net Banking,2024-12,1087.66
978,112154,2025-09-14,Beauty,Perfume,5,1708.82,North,Jaipur,Credit Card,2025-09,8544.1
979,169045,2025-06-15,Home & Kitchen,Mixer Grinder,5,1524.4,North,Lucknow,Debit Card,2025-06,7622.0
980,217701,2024-03-15,Beauty,Sunscreen,1,1054.19,South,Hyderabad,Credit Card,2024-03,1054.19
981,136112,2024-07-29,Beauty,Moisturizer,2,603.22,East,Guwahati,Credit Card,2024-07,1206.44
982,103091,2024-08-07,Sports,Yoga Mat,3,1226.4,West,Surat,Debit Card,2024-08,3679.2
983,122771,2025-08-14,Beauty,Sunscreen,4,3069.53,West,Mumbai,Net Banking,2025-08,12278.12
985,110133,2025-01-19,Beauty,Lipstick,1,50.0,East,Guwahati,UPI,2025-01,50.0
986,123144,2025-03-04,Beauty,Shampoo,3,612.89,North,Delhi,Net Banking,2025-03,1838.67
987,160959,2025-05-03,Beauty,Moisturizer,2,1928.59,East,Bhubaneswar,Cash on Delivery,2025-05,3857.18
988,138655,2025-07-02,Fashion,T-Shirt,2,50.0,North,Jaipur,UPI,2025-07,100.0
989,236202,2025-08-26,Fashion,Sneakers,1,159.27,West,Mumbai,Debit Card,2025-08,159.27
990,189930,2025-07-27,Sports,Football,4,1524.6,North,Delhi,Debit Card,2025-07,6098.4
991,207457,2024-09-04,Home & Kitchen,Lamp,1,1056.78,South,Chennai,Credit Card,2024-09,1056.78
992,240672,2024-11-15,Beauty,Perfume,1,2430.79,North,Delhi,UPI,2024-11,2430.79
993,141773,2024-08-16,Fashion,Sneakers,3,2120.56,East,Guwahati,Cash on Delivery,2024-08,6361.68
994,115748,2025-05-03,Home & Kitchen,Lamp,3,1945.88,East,Kolkata,UPI,2025-05,5837.64
995,184871,2025-02-06,Beauty,Moisturizer,3,1327.2,North,Chandigarh,UPI,2025-02,3981.6
996,225893,2024-12-17,Beauty,Perfume,4,970.72,South,Chennai,UPI,2024-12,3882.88
997,205607,2024-07-07,Beauty,Moisturizer,1,634.79,South,Bangalore,UPI,2024-07,634.79
998,168780,2025-02-27,Home & Kitchen,Mixer Grinder,4,1434.02,South,Hyderabad,Debit Card,2025-02,5736.08
999,149802,2025-03-12,Books,Self-Help Book,2,1072.57,North,Delhi,UPI,2025-03,2145.14
1000,165812,2024-03-02,Beauty,Sunscreen,4,258.27,South,Kochi,Net Banking,2024-03,1033.08
1001,140233,2024-02-22,Sports,Cycling Helmet,5,1815.11,North,Delhi,UPI,2024-02,9075.55
1002,171509,2025-02-01,Sports,Yoga Mat,3,2355.26,North,Lucknow,UPI,2025-02,7065.78
1003,133419,2025-09-28,Beauty,Sunscreen,5,460.84,North,Delhi,UPI,2025-09,2304.2
1004,225680,2025-09-13,Books,Self-Help Book,4,2315.36,West,Mumbai,Net Banking,2025-09,9261.44
1005,185445,2024-03-04,Electronics,Tablet,3,391.4,East,Kolkata,Credit Card,2024-03,1174.2
1006,104269,2024-02-25,Books,Textbook,1,1357.36,East,Bhubaneswar,Credit Card,2024-02,1357.36
1007,153669,2024-12-25,Books,Textbook,3,50.0,East,Kolkata,Credit Card,2024-12,150.0
1008,197485,2025-07-25,Beauty,Moisturizer,4,1610.37,South,Hyderabad,UPI,2025-07,6441.48
1009,185337,2025-01-19,Sports,Football,5,1170.1,East,Patna,Cash on Delivery,2025-01,5850.5
1010,240896,2024-12-21,Beauty,Lipstick,3,2062.15,East,Kolkata,UPI,2024-12,6186.45
1011,131947,2024-02-05,Fashion,Jeans,5,1884.35,South,Bangalore,UPI,2024-02,9421.75
1012,146313,2025-05-23,Sports,Yoga Mat,1,2162.54,West,Mumbai,Cash on Delivery,2025-05,2162.54
1013,125416,2024-10-28,Fashion,Jacket,1,578.67,North,Jaipur,UPI,2024-10,578.67
1014,243334,2024-09-28,Fashion,T-Shirt,2,50.0,West,Mumbai,UPI,2024-09,100.0
1015,143268,2025-03-17,Beauty,Perfume,1,229.7,North,Jaipur,Credit Card,2025-03,229.7
1016,106306,2024-02-25,Books,Comic,5,1554.24,South,Bangalore,UPI,2024-02,7771.2
1017,211020,2024-10-14,Home & Kitchen,Lamp,4,1066.3,East,Guwahati,Net Banking,2024-10,4265.2
1018,225250,2024-08-16,Home & Kitchen,Bedsheet,1,1234.42,East,Patna,Net Banking,2024-08,1234.42
1019,146475,2024-12-31,Electronics,Tablet,3,50.0,West,Surat,Credit Card,2024-12,150.0
1021,155114,2025-04-25,Electronics,Headphones,3,1511.05,East,Kolkata,UPI,2025-04,4533.15
1022,165286,2025-04-24,Electronics,Tablet,3,50.0,North,Delhi,Debit Card,2025-04,150.0
1023,185857,2024-04-06,Books,Self-Help Book,4,1167.31,North,Chandigarh,UPI,2024-04,4669.24
1024,126378,2024-03-25,Books,Fiction Novel,1,1478.25,South,Kochi,UPI,2024-03,1478.25
1025,207927,2024-04-19,Sports,Yoga Mat,5,50.0,North,Chandigarh,UPI,2024-04,250.0
1026,140303,2024-11-24,Electronics,Laptop,3,865.83,North,Lucknow,Debit Card,2024-11,2597.49
1027,207991,2024-07-22,Electronics,Tablet,5,50.0,West,Pune,Credit Card,2024-07,250.0
1028,176411,2025-01-15,Fashion,Jeans,1,843.07,East,Guwahati,UPI,2025-01,843.07
1029,155984,2024-10-11,Beauty,Shampoo,5,2437.26,North,Delhi,Net Banking,2024-10,12186.3
1030,248609,2025-01-06,Home & Kitchen,Cookware Set,5,138.7,South,Kochi,UPI,2025-01,693.5
1031,223019,2024-05-28,Home & Kitchen,Air Fryer,2,1069.89,West,Ahmedabad,Cash on Delivery,2024-05,2139.78
1032,241382,2025-02-20,Fashion,Jeans,4,1151.36,West,Surat,UPI,2025-02,4605.44
1033,238736,2024-03-19,Sports,Football,5,1555.8,South,Kochi,Net Banking,2024-03,7779.0
1034,235545,2024-01-05,Fashion,Jeans,5,1583.04,South,Chennai,Cash on Delivery,2024-01,7915.2
1035,135136,2024-07-08,Electronics,Headphones,5,2926.14,East,Patna,Debit Card,2024-07,14630.7
1036,104366,2024-08-23,Sports,Cricket Bat,2,1036.3,East,Kolkata,UPI,2024-08,2072.6
1037,142991,2024-03-05,Books,Biography,5,801.37,West,Ahmedabad,UPI,2024-03,4006.85
1038,195110,2024-05-02,Electronics,Headphones,3,942.06,South,Bangalore,Debit Card,2024-05,2826.18
1039,214775,2025-08-28,Home & Kitchen,Bedsheet,4,3140.27,South,Bangalore,Credit Card,2025-08,12561.08
1040,141168,2025-01-21,Sports,Yoga Mat,1,2038.75,East,Patna,UPI,2025-01,2038.75
1042,157002,2025-06-22,Books,Fiction Novel,1,1318.04,East,Bhubaneswar,Net Banking,2025-06,1318.04
1043,112554,2025-02-22,Home & Kitchen,Air Fryer,5,1635.47,East,Patna,Debit Card,2025-02,8177.35
1044,102054,2024-12-01,Home & Kitchen,Cookware Set,5,803.71,East,Bhubaneswar,Credit Card,2024-12,4018.55
1045,138414,2025-09-08,Sports,Dumbbells,2,50.0,East,Guwahati,Cash on Delivery,2025-09,100.0
1046,246373,2024-06-23,Electronics,Tablet,4,1635.56,East,Patna,Net Banking,2024-06,6542.24
1047,153356,2025-03-11,Fashion,Sneakers,5,2435.96,South,Chennai,UPI,2025-03,12179.8
1048,218810,2024-09-13,Beauty,Sunscreen,1,1957.76,West,Pune,Net Banking,2024-09,1957.76
1049,207867,2025-09-09,Sports,Cricket Bat,3,1046.92,North,Lucknow,Credit Card,2025-09,3140.76
1050,210988,2025-01-26,Electronics,Smartwatch,4,1530.79,South,Kochi,Cash on Delivery,2025-01,6123.16
1051,224939,2024-11-13,Beauty,Lipstick,2,3549.78,East,Bhubaneswar,Debit Card,2024-11,7099.56
1052,202352,2024-12-01,Home & Kitchen,Lamp,3,1238.23,South,Kochi,UPI,2024-12,3714.69
1053,148016,2025-04-02,Beauty,Sunscreen,4,1276.34,North,Jaipur,Credit Card,2025-04,5105.36
1054,247797,2024-02-24,Books,Textbook,5,777.0,East,Kolkata,Net Banking,2024-02,3885.0
1055,221963,2025-01-01,Electronics,Smartphone,1,746.7,South,Bangalore,Credit Card,2025-01,746.7
1056,149805,2025-01-16,Books,Comic,4,1141.21,East,Kolkata,Cash on Delivery,2025-01,4564.84
1057,100021,2025-02-08,Home & Kitchen,Air Fryer,2,1283.54,South,Chennai,Cash on Delivery,2025-02,2567.08
1058,237588,2024-03-19,Sports,Dumbbells,1,1664.65,West,Ahmedabad,Net Banking,2024-03,1664.65
1059,218068,2024-05-09,Home & Kitchen,Lamp,3,899.17,South,Kochi,Credit Card,2024-05,2697.51
1060,206540,2024-06-01,Fashion,Jacket,1,1523.85,North,Delhi,Credit Card,2024-06,1523.85
1061,136254,2025-09-06,Sports,Cricket Bat,4,968.55,East,Guwahati,UPI,2025-09,3874.2
1062,159846,2024-09-30,Sports,Cricket Bat,3,965.28,North,Jaipur,UPI,2024-09,2895.84
1063,130248,2025-06-28,Electronics,Smartwatch,3,1172.04,North,Lucknow,UPI,2025-06,3516.12
1064,203627,2024-09-25,Sports,Football,1,899.4,East,Bhubaneswar,Cash on Delivery,2024-09,899.4
1065,119451,2024-07-26,Sports,Yoga Mat,1,1019.38,East,Bhubaneswar,UPI,2024-07,1019.38
1066,145704,2024-03-01,Home & Kitchen,Air Fryer,1,935.9,North,Lucknow,Cash on Delivery,2024-03,935.9
1067,159743,2024-03-16,Books,Textbook,3,1662.13,West,Surat,UPI,2024-03,4986.39
1068,191252,2024-09-17,Beauty,Shampoo,2,2035.08,South,Chennai,UPI,2024-09,4070.16
1069,191896,2024-07-13,Home & Kitchen,Bedsheet,4,2985.2,South,Kochi,Debit Card,2024-07,11940.8
1070,198798,2025-04-05,Electronics,Smartphone,1,433.39,East,Guwahati,UPI,2025-04,433.39
1071,211347,2024-02-21,Sports,Dumbbells,5,1086.72,North,Chandigarh,Credit Card,2024-02,5433.6
1072,179491,2024-04-05,Fashion,T-Shirt,5,1338.09,North,Delhi,UPI,2024-04,6690.45
1073,116471,2024-02-08,Sports,Cricket Bat,2,826.48,South,Kochi,Credit Card,2024-02,1652.96
1074,169124,2024-05-15,Beauty,Lipstick,2,2617.83,South,Hyderabad,UPI,2024-05,5235.66
1075,102814,2024-02-07,Home & Kitchen,Cookware Set,4,94.79,East,Bhubaneswar,UPI,2024-02,379.16
1076,173855,2025-07-20,Electronics,Laptop,4,2430.52,West,Surat,UPI,2025-07,9722.08
1077,169791,2024-02-24,Sports,Cycling Helmet,1,239.46,South,Hyderabad,Net Banking,2024-02,239.46
1078,179403,2025-04-24,Electronics,Headphones,3,882.6,North,Chandigarh,UPI,2025-04,2647.8
1079,198553,2025-08-09,Home & Kitchen,Bedsheet,5,1293.33,South,Chennai,UPI,2025-08,6466.65
1080,209955,2025-05-08,Books,Fiction Novel,4,1572.12,North,Lucknow,UPI,2025-05,6288.48
1081,237617,2025-02-16,Books,Fiction Novel,2,1864.8,East,Guwahati,UPI,2025-02,3729.6
1082,237714,2024-11-06,Books,Biography,5,2465.6,West,Pune,UPI,2024-11,12328.0
1083,241675,2025-07-16,Books,Comic,4,1391.4,South,Bangalore,Debit Card,2025-07,5565.6
1084,209439,2024-05-24,Beauty,Sunscreen,3,1549.93,West,Pune,Debit Card,2024-05,4649.79
1085,169855,2025-04-29,Fashion,Jeans,4,3736.06,West,Pune,Debit Card,2025-04,14944.24
1086,151036,2024-04-26,Books,Fiction Novel,3,1400.81,West,Surat,UPI,2024-04,4202.43
1087,113037,2025-03-06,Sports,Yoga Mat,1,1132.36,North,Chandigarh,UPI,2025-03,1132.36
1088,159872,2025-09-07,Books,Comic,5,2985.25,East,Bhubaneswar,Credit Card,2025-09,14926.25
1089,209773,2025-03-29,Beauty,Sunscreen,2,2848.52,North,Delhi,UPI,2025-03,5697.04
1090,174778,2025-05-09,Electronics,Tablet,1,1475.22,East,Kolkata,Credit Card,2025-05,1475.22
1091,249246,2025-04-11,Beauty,Moisturizer,3,1577.34,East,Bhubaneswar,UPI,2025-04,4732.02
1092,247986,2024-05-10,Home & Kitchen,Cookware Set,1,1747.81,West,Surat,Debit Card,2024-05,1747.81
1093,199602,2025-07-31,Books,Self-Help Book,1,1173.2,North,Delhi,Cash on Delivery,2025-07,1173.2
1094,125961,2025-06-05,Home & Kitchen,Air Fryer,3,2743.41,East,Patna,Debit Card,2025-06,8230.23
1095,120823,2024-08-07,Fashion,Jacket,3,3723.26,South,Hyderabad,UPI,2024-08,11169.78
1096,107594,2025-05-15,Electronics,Headphones,4,1180.43,North,Jaipur,Credit Card,2025-05,4721.72
1097,238746,2024-04-14,Books,Biography,3,2632.6,North,Chandigarh,UPI,2024-04,7897.8
1098,155961,2024-12-19,Sports,Football,4,255.1,West,Pune,UPI,2024-12,1020.4
1099,164533,2024-11-14,Electronics,Smartphone,2,50.0,West,Ahmedabad,Debit Card,2024-11,100.0
1100,235741,2024-03-16,Home & Kitchen,Lamp,3,2306.67,West,Surat,Credit Card,2024-03,6920.01
1101,204909,2025-09-23,Home & Kitchen,Air Fryer,1,2223.61,North,Jaipur,UPI,2025-09,2223.61
1102,170265,2024-05-03,Home & Kitchen,Air Fryer,5,50.0,North,Jaipur,UPI,2024-05,250.0
1103,155360,2024-03-17,Books,Biography,1,1513.48,East,Kolkata,Credit Card,2024-03,1513.48
1104,162385,2024-11-13,Electronics,Smartphone,2,1085.49,East,Guwahati,UPI,2024-11,2170.98
1105,135647,2025-01-04,Fashion,Saree,3,50.0,North,Chandigarh,Cash on Delivery,2025-01,150.0
1106,241760,2024-12-08,Fashion,Jeans,1,782.87,South,Kochi,Credit Card,2024-12,782.87
1107,146790,2025-01-15,Fashion,Jacket,5,445.57,East,Guwahati,Credit Card,2025-01,2227.85
1108,160380,2025-01-02,Books,Biography,1,95.69,North,Delhi,Net Banking,2025-01,95.69
1109,226458,2025-07-14,Books,Self-Help Book,3,1830.25,North,Chandigarh,Net Banking,2025-07,5490.75
1110,166131,2024-03-18,Electronics,Headphones,3,1092.83,South,Bangalore,Cash on Delivery,2024-03,3278.49
1111,227109,2025-05-20,Beauty,Perfume,4,595.23,East,Bhubaneswar,Cash on Delivery,2025-05,2380.92
1112,180309,2024-05-10,Fashion,Saree,5,2586.62,East,Bhubaneswar,Net Banking,2024-05,12933.1
1113,142697,2024-12-05,Fashion,Sneakers,3,472.61,East,Patna,Cash on Delivery,2024-12,1417.83
1114,193217,2025-07-29,Fashion,Saree,5,3073.78,South,Hyderabad,Net Banking,2025-07,15368.9
1115,196711,2024-07-09,Fashion,Jeans,1,278.13,East,Bhubaneswar,UPI,2024-07,278.13
1116,134111,2024-04-12,Home & Kitchen,Air Fryer,4,1953.21,South,Hyderabad,Net Banking,2024-04,7812.84
1117,196636,2024-06-01,Books,Comic,1,3222.89,East,Bhubaneswar,UPI,2024-06,3222.89
1118,121631,2024-06-10,Beauty,Perfume,1,1526.71,South,Kochi,Debit Card,2024-06,1526.71
1119,211032,2025-04-02,Sports,Cricket Bat,4,526.0,East,Patna,UPI,2025-04,2104.0
1120,114689,2025-05-21,Home & Kitchen,Air Fryer,2,1766.82,East,Bhubaneswar,UPI,2025-05,3533.64
1121,130844,2025-03-17,Electronics,Laptop,1,2061.26,East,Bhubaneswar,Cash on Delivery,2025-03,2061.26
1122,160114,2024-01-14,Electronics,Smartwatch,4,2397.06,East,Bhubaneswar,Debit Card,2024-01,9588.24
1123,139346,2025-06-28,Fashion,Saree,1,2620.5,North,Jaipur,Net Banking,2025-06,2620.5
1124,112762,2025-05-26,Fashion,Jacket,4,1430.14,East,Guwahati,UPI,2025-05,5720.56
1125,238533,2025-01-31,Books,Self-Help Book,3,270.6,North,Jaipur,UPI,2025-01,811.8
1126,216557,2024-12-10,Books,Textbook,4,50.0,South,Hyderabad,Debit Card,2024-12,200.0
1127,109550,2025-01-30,Books,Comic,5,1759.7,South,Kochi,Debit Card,2025-01,8798.5
1128,193150,2024-04-22,Beauty,Shampoo,4,994.34,North,Jaipur,UPI,2024-04,3977.36
1129,108880,2024-06-19,Beauty,Perfume,4,1374.6,East,Kolkata,UPI,2024-06,5498.4
1130,137679,2024-10-29,Beauty,Perfume,3,50.0,West,Ahmedabad,Credit Card,2024-10,150.0
1131,230708,2025-06-04,Home & Kitchen,Cookware Set,1,2595.92,North,Lucknow,Debit Card,2025-06,2595.92
1132,167735,2025-07-07,Sports,Yoga Mat,4,1740.15,North,Delhi,Debit Card,2025-07,6960.6
1133,220290,2024-02-23,Sports,Yoga Mat,5,2544.87,North,Chandigarh,Net Banking,2024-02,12724.35
1134,208793,2025-08-04,Sports,Dumbbells,4,2437.0,East,Bhubaneswar,Credit Card,2025-08,9748.0
1135,166712,2024-01-01,Beauty,Moisturizer,5,1391.73,West,Mumbai,Credit Card,2024-01,6958.65
1136,185796,2024-07-14,Electronics,Headphones,4,1341.3,East,Guwahati,Cash on Delivery,2024-07,5365.2
1137,184560,2024-11-01,Sports,Football,3,1270.47,East,Patna,UPI,2024-11,3811.41
1138,111532,2024-09-28,Home & Kitchen,Mixer Grinder,2,1269.99,East,Bhubaneswar,Cash on Delivery,2024-09,2539.98
1139,231401,2025-02-14,Sports,Dumbbells,4,1032.52,North,Jaipur,Cash on Delivery,2025-02,4130.08
1140,233724,2025-07-29,Beauty,Shampoo,1,1880.79,West,Pune,UPI,2025-07,1880.79
1141,193400,2024-07-30,Books,Textbook,1,612.41,East,Guwahati,Credit Card,2024-07,612.41
1142,219236,2025-08-15,Home & Kitchen,Bedsheet,2,1940.22,East,Kolkata,Debit Card,2025-08,3880.44
1143,103121,2024-03-24,Books,Comic,3,1890.34,North,Chandigarh,Debit Card,2024-03,5671.02
1144,225013,2024-11-19,Books,Fiction Novel,2,1988.08,North,Chandigarh,UPI,2024-11,3976.16
1145,201981,2024-01-18,Fashion,Saree,1,1599.09,South,Bangalore,Debit Card,2024-01,1599.09
1146,183320,2025-05-15,Home & Kitchen,Cookware Set,1,1062.43,West,Pune,UPI,2025-05,1062.43
1147,140162,2025-05-20,Beauty,Sunscreen,4,3154.32,East,Bhubaneswar,Debit Card,2025-05,12617.28
1148,124586,2025-06-20,Sports,Football,1,75.89,South,Kochi,Credit Card,2025-06,75.89
1149,167250,2025-04-07,Sports,Yoga Mat,5,2999.72,North,Lucknow,Debit Card,2025-04,14998.6
1150,163661,2024-02-29,Books,Self-Help Book,1,932.23,South,Kochi,Cash on Delivery,2024-02,932.23
1151,131075,2025-08-08,Home & Kitchen,Lamp,1,2546.42,West,Pune,Cash on Delivery,2025-08,2546.42
1152,173127,2025-02-27,Beauty,Sunscreen,5,966.21,South,Chennai,Credit Card,2025-02,4831.05
1153,208338,2025-07-04,Home & Kitchen,Mixer Grinder,2,1603.99,South,Bangalore,UPI,2025-07,3207.98
1154,135909,2025-05-06,Books,Comic,1,1067.0,North,Lucknow,Credit Card,2025-05,1067.0
1155,197478,2025-07-27,Fashion,Jeans,3,1808.53,West,Mumbai,Credit Card,2025-07,5425.59
1156,233163,2025-05-02,Beauty,Shampoo,5,1586.23,South,Chennai,UPI,2025-05,7931.15
1157,232418,2024-10-08,Electronics,Smartwatch,2,1633.05,East,Bhubaneswar,Cash on Delivery,2024-10,3266.1
1158,182423,2025-04-18,Books,Biography,1,572.48,North,Jaipur,Debit Card,2025-04,572.48
1159,215789,2024-03-21,Home & Kitchen,Mixer Grinder,5,378.42,South,Chennai,Debit Card,2024-03,1892.1
1160,140653,2025-05-29,Home & Kitchen,Bedsheet,3,1056.27,East,Kolkata,UPI,2025-05,3168.81
1161,245273,2024-11-22,Beauty,Moisturizer,1,453.2,West,Ahmedabad,UPI,2024-11,453.2
1162,117453,2024-07-20,Home & Kitchen,Lamp,1,461.28,West,Surat,Debit Card,2024-07,461.28
1163,201556,2024-07-19,Books,Biography,1,973.41,South,Bangalore,Credit Card,2024-07,973.41
1164,177142,2025-08-08,Beauty,Lipstick,2,1909.04,North,Delhi,Debit Card,2025-08,3818.08
1165,131563,2025-07-18,Beauty,Shampoo,4,50.0,West,Pune,Credit Card,2025-07,200.0
1166,242570,2024-03-26,Electronics,Headphones,1,1014.88,South,Chennai,Credit Card,2024-03,1014.88
1167,183480,2025-04-09,Electronics,Smartwatch,2,1432.93,North,Delhi,Credit Card,2025-04,2865.86
1168,207886,2025-09-12,Home & Kitchen,Air Fryer,5,1027.41,East,Patna,UPI,2025-09,5137.05
1169,123224,2025-01-18,Books,Textbook,2,1577.46,East,Guwahati,Debit Card,2025-01,3154.92
1170,136767,2025-06-19,Books,Textbook,3,2076.65,West,Surat,UPI,2025-06,6229.95
1172,190959,2024-10-28,Beauty,Moisturizer,1,2319.88,West,Ahmedabad,Credit Card,2024-10,2319.88
1173,230891,2024-01-19,Home & Kitchen,Bedsheet,5,827.18,West,Mumbai,UPI,2024-01,4135.9
1174,159371,2024-12-19,Fashion,Saree,3,2981.65,North,Chandigarh,Debit Card,2024-12,8944.95
1175,197190,2025-03-11,Electronics,Smartwatch,5,2438.11,West,Mumbai,UPI,2025-03,12190.55
1176,162804,2025-04-22,Home & Kitchen,Lamp,5,2020.58,East,Kolkata,Cash on Delivery,2025-04,10102.9
1177,153844,2024-07-16,Fashion,Jacket,3,1173.23,North,Chandigarh,Net Banking,2024-07,3519.69
1178,157741,2024-08-08,Fashion,Jacket,3,1570.27,North,Chandigarh,UPI,2024-08,4710.81
1179,184858,2024-05-15,Fashion,Saree,2,1755.54,North,Chandigarh,Credit Card,2024-05,3511.08
1180,126836,2025-06-19,Electronics,Smartwatch,3,454.3,North,Jaipur,Credit Card,2025-06,1362.9
1181,120852,2025-07-30,Beauty,Lipstick,3,2028.86,East,Guwahati,Net Banking,2025-07,6086.58
1182,223347,2024-07-30,Books,Comic,2,1733.65,West,Surat,Net Banking,2024-07,3467.3
1183,107589,2024-03-25,Sports,Cricket Bat,2,1907.21,South,Bangalore,UPI,2024-03,3814.42
1184,238384,2025-08-30,Home & Kitchen,Air Fryer,3,1458.66,North,Lucknow,Debit Card,2025-08,4375.98
1185,160869,2025-03-30,Home & Kitchen,Air Fryer,4,1598.18,East,Patna,Net Banking,2025-03,6392.72
1186,146304,2025-08-25,Fashion,Sneakers,5,2579.32,South,Chennai,UPI,2025-08,12896.6
1187,121404,2025-09-25,Electronics,Smartphone,1,1897.44,South,Kochi,Net Banking,2025-09,1897.44
1188,194048,2025-04-02,Beauty,Lipstick,3,2314.59,North,Jaipur,UPI,2025-04,6943.77
1189,234516,2024-05-12,Beauty,Moisturizer,2,1616.79,North,Jaipur,Credit Card,2024-05,3233.58
1190,160879,2025-08-22,Electronics,Tablet,2,707.18,East,Bhubaneswar,UPI,2025-08,1414.36
1191,215289,2024-08-22,Home & Kitchen,Mixer Grinder,2,1732.51,West,Mumbai,Cash on Delivery,2024-08,3465.02
1192,178605,2025-04-13,Fashion,Jacket,3,50.0,East,Patna,Credit Card,2025-04,150.0
1193,103577,2025-04-28,Fashion,T-Shirt,4,973.57,North,Jaipur,UPI,2025-04,3894.28
1194,105697,2025-02-06,Sports,Yoga Mat,3,1767.64,North,Chandigarh,Credit Card,2025-02,5302.92
1195,200550,2025-01-18,Beauty,Lipstick,1,705.23,South,Chennai,UPI,2025-01,705.23
1196,225031,2025-05-24,Beauty,Perfume,2,977.69,North,Jaipur,Credit Card,2025-05,1955.38
1197,158231,2024-05-05,Sports,Yoga Mat,1,3321.37,South,Kochi,Cash on Delivery,2024-05,3321.37
1198,108804,2025-04-10,Books,Biography,3,50.0,East,Bhubaneswar,Credit Card,2025-04,150.0
1199,249557,2025-04-30,Sports,Yoga Mat,5,1954.35,East,Guwahati,Credit Card,2025-04,9771.75
1200,228727,2025-04-02,Beauty,Perfume,3,591.32,East,Patna,Cash on Delivery,2025-04,1773.96
1201,132840,2025-02-27,Books,Textbook,1,1127.14,South,Chennai,UPI,2025-02,1127.14
1202,153606,2025-09-15,Home & Kitchen,Bedsheet,2,1018.23,East,Kolkata,UPI,2025-09,2036.46
1203,244311,2025-01-12,Books,Fiction Novel,2,1492.84,West,Surat,Credit Card,2025-01,2985.68
1204,195604,2024-07-16,Sports,Cycling Helmet,2,2422.31,East,Patna,Debit Card,2024-07,4844.62
1205,156754,2024-03-22,Beauty,Perfume,3,1863.76,North,Jaipur,Net Banking,2024-03,5591.28
1206,110485,2024-06-17,Books,Textbook,5,1658.48,West,Mumbai,Credit Card,2024-06,8292.4
1207,150173,2025-06-30,Beauty,Perfume,1,50.0,South,Hyderabad,UPI,2025-06,50.0
1208,170255,2025-07-13,Sports,Football,4,1300.41,South,Bangalore,Debit Card,2025-07,5201.64
1209,143217,2025-04-01,Fashion,Jeans,2,577.88,South,Hyderabad,Credit Card,2025-04,1155.76
1210,168455,2024-06-02,Books,Self-Help Book,4,1286.25,North,Jaipur,Debit Card,2024-06,5145.0
1211,150780,2025-08-11,Beauty,Perfume,2,1255.57,South,Hyderabad,UPI,2025-08,2511.14
1212,117667,2024-05-10,Sports,Football,4,1974.52,East,Patna,Net Banking,2024-05,7898.08
1213,209123,2024-12-25,Home & Kitchen,Mixer Grinder,3,1635.88,South,Bangalore,UPI,2024-12,4907.64
1214,145296,2024-01-20,Books,Fiction Novel,3,603.69,West,Mumbai,Debit Card,2024-01,1811.07
1215,219416,2025-02-03,Electronics,Headphones,5,961.25,South,Hyderabad,Credit Card,2025-02,4806.25
1216,169191,2025-04-20,Electronics,Smartwatch,5,3210.84,East,Guwahati,Cash on Delivery,2025-04,16054.2
1217,161856,2025-08-14,Beauty,Moisturizer,2,1221.53,West,Ahmedabad,UPI,2025-08,2443.06
1218,223570,2025-03-11,Sports,Cricket Bat,5,951.75,North,Delhi,UPI,2025-03,4758.75
1219,116502,2024-10-22,Sports,Football,5,2954.54,West,Pune,Cash on Delivery,2024-10,14772.7
1220,156400,2024-08-17,Home & Kitchen,Lamp,4,1674.7,South,Kochi,UPI,2024-08,6698.8
1221,146848,2025-06-16,Beauty,Sunscreen,3,2323.53,North,Lucknow,UPI,2025-06,6970.59
1222,116550,2024-06-25,Beauty,Sunscreen,4,522.25,West,Mumbai,Credit Card,2024-06,2089.0
1223,163816,2025-07-07,Books,Comic,4,3631.78,West,Ahmedabad,Net Banking,2025-07,14527.12
1224,203747,2024-05-22,Beauty,Sunscreen,5,1978.85,West,Pune,Cash on Delivery,2024-05,9894.25
1225,152969,2025-04-24,Home & Kitchen,Lamp,4,1622.03,North,Chandigarh,UPI,2025-04,6488.12
1226,196645,2025-09-05,Books,Self-Help Book,1,2988.05,South,Bangalore,UPI,2025-09,2988.05
1227,104266,2025-10-01,Electronics,Headphones,2,844.41,North,Chandigarh,Cash on Delivery,2025-10,1688.82
1228,210860,2024-02-02,Books,Textbook,5,1777.63,East,Bhubaneswar,UPI,2024-02,8888.15
1229,109347,2024-03-28,Electronics,Laptop,3,1598.44,South,Bangalore,UPI,2024-03,4795.32
1230,161074,2025-08-07,Fashion,Sneakers,4,3253.32,West,Pune,Credit Card,2025-08,13013.28
1231,177483,2024-11-11,Sports,Cricket Bat,5,1553.49,South,Chennai,UPI,2024-11,7767.45
1232,109666,2024-10-21,Sports,Football,3,2255.53,West,Pune,UPI,2024-10,6766.59
1233,237426,2024-06-02,Books,Fiction Novel,1,1302.93,North,Jaipur,Credit Card,2024-06,1302.93
1234,182691,2024-12-26,Sports,Football,3,1932.3,East,Patna,Debit Card,2024-12,5796.9
1235,158644,2025-07-24,Beauty,Lipstick,1,2527.4,South,Kochi,Credit Card,2025-07,2527.4
1236,207005,2025-01-29,Home & Kitchen,Air Fryer,1,1360.73,East,Bhubaneswar,Credit Card,2025-01,1360.73
1237,135654,2024-08-12,Electronics,Laptop,1,50.0,East,Patna,UPI,2024-08,50.0
1238,187863,2024-11-02,Electronics,Smartwatch,5,1884.72,West,Surat,Credit Card,2024-11,9423.6
1239,192182,2024-06-27,Fashion,Sneakers,4,506.51,East,Bhubaneswar,UPI,2024-06,2026.04
1240,237332,2025-07-27,Electronics,Laptop,1,917.93,East,Bhubaneswar,UPI,2025-07,917.93
1241,220270,2024-09-10,Beauty,Sunscreen,4,1577.37,South,Bangalore,Credit Card,2024-09,6309.48
1242,193901,2024-06-04,Sports,Cycling Helmet,4,1874.35,South,Chennai,Debit Card,2024-06,7497.4
1243,131864,2025-07-05,Books,Comic,3,711.66,West,Ahmedabad,Cash on Delivery,2025-07,2134.98
1244,101616,2024-10-04,Home & Kitchen,Mixer Grinder,2,2550.76,West,Surat,UPI,2024-10,5101.52
1246,166118,2024-10-14,Books,Fiction Novel,4,409.7,North,Delhi,Credit Card,2024-10,1638.8
1247,236154,2025-07-15,Books,Self-Help Book,5,693.83,North,Chandigarh,UPI,2025-07,3469.15
1248,140874,2024-10-18,Home & Kitchen,Cookware Set,3,2265.73,West,Ahmedabad,UPI,2024-10,6797.19
1249,195629,2025-08-01,Fashion,Saree,3,479.01,West,Mumbai,UPI,2025-08,1437.03
1250,196951,2025-04-17,Books,Comic,1,2135.05,South,Bangalore,Credit Card,2025-04,2135.05
1251,244088,2024-10-20,Fashion,Jacket,3,50.0,North,Chandigarh,UPI,2024-10,150.0
1252,145711,2025-08-06,Home & Kitchen,Lamp,2,2168.85,South,Hyderabad,UPI,2025-08,4337.7
1253,145589,2024-06-10,Electronics,Smartphone,3,1586.31,West,Mumbai,Debit Card,2024-06,4758.93
1254,214446,2025-08-06,Sports,Cricket Bat,3,450.36,East,Kolkata,Credit Card,2025-08,1351.08
1255,171198,2025-02-24,Beauty,Shampoo,3,2417.67,North,Jaipur,Credit Card,2025-02,7253.01
1256,113485,2024-03-27,Electronics,Tablet,3,883.67,West,Ahmedabad,Cash on Delivery,2024-03,2651.01
1257,184453,2025-07-02,Fashion,T-Shirt,4,50.0,East,Patna,UPI,2025-07,200.0
1258,158288,2024-07-29,Beauty,Sunscreen,5,50.0,West,Mumbai,Debit Card,2024-07,250.0
1259,210858,2024-05-15,Beauty,Perfume,2,50.0,North,Delhi,Cash on Delivery,2024-05,100.0
1260,117098,2025-09-03,Sports,Yoga Mat,5,1911.93,West,Ahmedabad,Credit Card,2025-09,9559.65
1261,164756,2024-06-18,Fashion,Jeans,5,2580.65,South,Bangalore,Net Banking,2024-06,12903.25
1262,222149,2024-08-13,Books,Self-Help Book,2,913.04,West,Surat,Debit Card,2024-08,1826.08
1263,222962,2025-07-04,Home & Kitchen,Mixer Grinder,1,2040.22,North,Chandigarh,Debit Card,2025-07,2040.22
1264,201154,2025-05-21,Sports,Football,1,2054.87,East,Kolkata,Debit Card,2025-05,2054.87
1265,235427,2025-08-13,Fashion,T-Shirt,4,1663.52,West,Surat,Credit Card,2025-08,6654.08
1266,126624,2024-10-07,Electronics,Smartwatch,2,2722.78,West,Surat,UPI,2024-10,5445.56
1267,184834,2025-08-20,Electronics,Smartwatch,3,50.0,East,Guwahati,Credit Card,2025-08,150.0
1268,143873,2025-03-27,Home & Kitchen,Air Fryer,4,3251.87,West,Mumbai,UPI,2025-03,13007.48
1269,168482,2025-06-02,Books,Biography,3,1529.84,North,Lucknow,UPI,2025-06,4589.52
1271,248219,2025-03-21,Home & Kitchen,Cookware Set,5,2038.55,East,Kolkata,Credit Card,2025-03,10192.75
1272,203500,2025-04-03,Electronics,Laptop,4,1958.23,North,Jaipur,UPI,2025-04,7832.92
1273,183002,2025-06-08,Books,Fiction Novel,1,58.28,East,Patna,Credit Card,2025-06,58.28
1274,235930,2025-09-22,Sports,Cycling Helmet,4,308.78,East,Bhubaneswar,Credit Card,2025-09,1235.12
1275,202864,2024-07-20,Sports,Dumbbells,2,1958.77,East,Bhubaneswar,Credit Card,2024-07,3917.54
1276,152065,2025-09-28,Sports,Yoga Mat,3,1451.27,East,Patna,Net Banking,2025-09,4353.81
1277,113089,2025-07-21,Beauty,Moisturizer,2,797.63,East,Patna,UPI,2025-07,1595.26
1278,140913,2024-04-03,Sports,Football,2,2403.2,West,Surat,UPI,2024-04,4806.4
1279,142559,2024-03-19,Electronics,Smartwatch,2,571.8,South,Chennai,UPI,2024-03,1143.6
1280,112458,2025-07-09,Books,Fiction Novel,1,434.09,North,Lucknow,Cash on Delivery,2025-07,434.09
1281,116245,2025-02-02,Sports,Football,3,1658.89,North,Delhi,UPI,2025-02,4976.67
1282,178689,2025-05-24,Sports,Cycling Helmet,1,2034.57,South,Chennai,Net Banking,2025-05,2034.57
1283,164847,2024-01-28,Home & Kitchen,Mixer Grinder,5,2115.99,East,Bhubaneswar,Net Banking,2024-01,10579.95
1284,139273,2025-08-16,Sports,Cricket Bat,1,1046.92,South,Hyderabad,Credit Card,2025-08,1046.92
1285,204934,2025-08-21,Home & Kitchen,Bedsheet,5,2815.33,South,Bangalore,Credit Card,2025-08,14076.65
1286,110622,2024-06-26,Electronics,Laptop,4,578.98,West,Ahmedabad,Credit Card,2024-06,2315.92
1287,151860,2025-06-16,Books,Textbook,5,829.15,South,Hyderabad,Credit Card,2025-06,4145.75
1288,158425,2024-05-03,Fashion,Saree,5,1017.96,East,Guwahati,Debit Card,2024-05,5089.8
1289,235748,2024-12-03,Electronics,Smartwatch,3,1810.56,North,Delhi,Debit Card,2024-12,5431.68
1290,148135,2024-02-15,Beauty,Shampoo,2,254.01,North,Delhi,Credit Card,2024-02,508.02
1291,148002,2024-01-08,Fashion,Jacket,3,2268.86,East,Guwahati,UPI,2024-01,6806.58
1292,121822,2024-06-25,Books,Fiction Novel,4,930.43,South,Chennai,Credit Card,2024-06,3721.72
1293,105007,2024-07-19,Home & Kitchen,Lamp,1,2450.2,West,Surat,UPI,2024-07,2450.2
1294,175862,2024-10-26,Electronics,Tablet,2,2287.41,South,Chennai,Debit Card,2024-10,4574.82
1295,134281,2024-09-06,Books,Self-Help Book,1,694.61,South,Chennai,Credit Card,2024-09,694.61
1296,240614,2025-05-11,Beauty,Sunscreen,2,1720.51,West,Mumbai,Credit Card,2025-05,3441.02
1297,239139,2024-04-07,Fashion,Sneakers,5,1152.33,East,Guwahati,Net Banking,2024-04,5761.65
1298,216783,2024-11-29,Sports,Cycling Helmet,2,1182.52,South,Bangalore,UPI,2024-11,2365.04
1299,124932,2025-06-23,Beauty,Lipstick,3,1449.67,North,Lucknow,Credit Card,2025-06,4349.01
1300,207249,2024-07-10,Electronics,Headphones,4,931.22,South,Chennai,Credit Card,2024-07,3724.88
1302,175248,2025-08-06,Home & Kitchen,Cookware Set,1,2292.34,South,Hyderabad,Cash on Delivery,2025-08,2292.34
1303,156096,2024-02-07,Sports,Football,3,1400.09,North,Delhi,Debit Card,2024-02,4200.27
1304,109382,2024-06-12,Books,Biography,2,872.3,West,Surat,Cash on Delivery,2024-06,1744.6
1305,139682,2024-10-09,Beauty,Perfume,5,1361.61,East,Kolkata,UPI,2024-10,6808.05
1306,108347,2024-10-20,Sports,Cycling Helmet,4,3879.47,South,Chennai,UPI,2024-10,15517.88
1307,197372,2024-08-19,Fashion,Sneakers,3,1979.76,East,Bhubaneswar,Credit Card,2024-08,5939.28
1308,190495,2025-02-11,Fashion,Jacket,3,1849.23,East,Guwahati,Credit Card,2025-02,5547.69
1309,211909,2025-06-12,Home & Kitchen,Mixer Grinder,5,50.0,North,Delhi,Credit Card,2025-06,250.0
1310,184044,2024-05-23,Books,Biography,2,1110.89,North,Jaipur,UPI,2024-05,2221.78
1311,210930,2025-07-29,Beauty,Moisturizer,5,1516.06,West,Ahmedabad,Credit Card,2025-07,7580.3
1312,148828,2024-12-06,Home & Kitchen,Air Fryer,3,1541.49,West,Mumbai,Debit Card,2024-12,4624.47
1313,242352,2024-02-08,Sports,Cycling Helmet,4,2032.36,East,Kolkata,Credit Card,2024-02,8129.44
1314,140226,2025-07-09,Books,Textbook,4,2017.55,East,Kolkata,UPI,2025-07,8070.2
1315,244587,2024-06-15,Books,Textbook,1,1013.66,North,Jaipur,Credit Card,2024-06,1013.66
1316,142922,2025-01-27,Fashion,Sneakers,4,2241.61,West,Mumbai,UPI,2025-01,8966.44
1317,199714,2024-04-12,Sports,Dumbbells,1,1517.65,South,Kochi,UPI,2024-04,1517.65
1318,119019,2024-12-14,Beauty,Lipstick,1,1987.57,North,Delhi,Credit Card,2024-12,1987.57
1319,100583,2025-05-05,Home & Kitchen,Lamp,2,887.1,West,Ahmedabad,UPI,2025-05,1774.2
1320,128643,2024-02-04,Home & Kitchen,Lamp,3,1517.82,East,Kolkata,UPI,2024-02,4553.46
1321,209386,2025-08-09,Electronics,Headphones,5,2428.25,North,Jaipur,Debit Card,2025-08,12141.25
1322,124900,2024-03-25,Fashion,T-Shirt,5,3825.18,West,Pune,Credit Card,2024-03,19125.9
1323,114404,2025-07-11,Beauty,Shampoo,3,3136.15,South,Kochi,UPI,2025-07,9408.45
1324,198222,2024-07-14,Books,Textbook,3,2095.96,West,Mumbai,Cash on Delivery,2024-07,6287.88
1325,214273,2024-02-19,Books,Fiction Novel,4,1061.82,East,Patna,UPI,2024-02,4247.28
1326,244738,2025-01-21,Fashion,Sneakers,3,2073.49,West,Mumbai,Net Banking,2025-01,6220.47
1327,212714,2025-08-08,Sports,Football,2,1887.68,East,Patna,Debit Card,2025-08,3775.36
1328,185781,2025-01-23,Electronics,Tablet,4,994.05,West,Ahmedabad,Net Banking,2025-01,3976.2
1329,132588,2024-07-20,Sports,Yoga Mat,4,2683.0,West,Pune,Credit Card,2024-07,10732.0
1330,222204,2025-04-29,Home & Kitchen,Bedsheet,4,678.79,East,Bhubaneswar,Credit Card,2025-04,2715.16
1331,226955,2025-01-29,Home & Kitchen,Air Fryer,5,1443.46,South,Bangalore,UPI,2025-01,7217.3
1332,192365,2025-06-29,Sports,Cycling Helmet,1,246.84,South,Hyderabad,UPI,2025-06,246.84
1333,110027,2025-05-03,Home & Kitchen,Mixer Grinder,4,265.22,North,Delhi,UPI,2025-05,1060.88
1334,107885,2024-01-16,Sports,Cycling Helmet,3,2212.37,West,Mumbai,Credit Card,2024-01,6637.11
1335,244021,2024-04-01,Beauty,Lipstick,4,1143.64,North,Lucknow,UPI,2024-04,4574.56
1336,118426,2024-05-24,Books,Textbook,4,294.11,West,Surat,Cash on Delivery,2024-05,1176.44
1337,101628,2025-06-03,Beauty,Shampoo,3,814.78,East,Guwahati,UPI,2025-06,2444.34
1338,235062,2025-08-24,Fashion,Sneakers,1,1972.99,South,Hyderabad,UPI,2025-08,1972.99
1339,117728,2024-07-13,Sports,Dumbbells,2,2308.51,South,Kochi,Net Banking,2024-07,4617.02
1340,143086,2025-05-01,Home & Kitchen,Cookware Set,5,1616.89,South,Hyderabad,Debit Card,2025-05,8084.45
1341,184119,2025-06-10,Beauty,Sunscreen,2,2863.76,West,Mumbai,Net Banking,2025-06,5727.52
1342,141855,2024-12-02,Electronics,Smartwatch,1,1100.47,North,Jaipur,Credit Card,2024-12,1100.47
1343,216463,2024-05-04,Electronics,Smartphone,1,2921.45,South,Hyderabad,Net Banking,2024-05,2921.45
1344,203943,2024-08-02,Beauty,Sunscreen,2,322.22,West,Mumbai,UPI,2024-08,644.44
1345,179748,2025-05-04,Fashion,Sneakers,1,989.55,East,Bhubaneswar,UPI,2025-05,989.55
1346,113435,2024-09-24,Books,Fiction Novel,2,1138.19,East,Guwahati,Debit Card,2024-09,2276.38
1347,244563,2024-02-14,Books,Biography,4,99.62,East,Patna,UPI,2024-02,398.48
1348,113382,2025-09-11,Sports,Football,5,1094.63,West,Surat,UPI,2025-09,5473.15
1349,173500,2024-12-29,Sports,Dumbbells,3,1942.89,South,Bangalore,UPI,2024-12,5828.67
1350,144317,2024-02-05,Beauty,Sunscreen,5,1394.05,North,Delhi,UPI,2024-02,6970.25
1351,134349,2024-09-15,Electronics,Smartphone,5,1674.74,East,Guwahati,Net Banking,2024-09,8373.7
1352,175897,2024-11-29,Home & Kitchen,Mixer Grinder,5,1202.35,North,Jaipur,UPI,2024-11,6011.75
1353,158112,2024-07-17,Home & Kitchen,Air Fryer,3,2872.31,East,Patna,Credit Card,2024-07,8616.93
1354,198364,2024-07-21,Books,Comic,3,50.0,West,Surat,Debit Card,2024-07,150.0
1355,217140,2024-06-11,Fashion,Saree,3,1682.27,North,Lucknow,Net Banking,2024-06,5046.81
1356,110446,2024-07-02,Home & Kitchen,Mixer Grinder,3,50.0,East,Guwahati,Credit Card,2024-07,150.0
1357,183997,2024-09-23,Home & Kitchen,Lamp,3,2911.98,East,Bhubaneswar,UPI,2024-09,8735.94
1358,208128,2025-04-28,Electronics,Laptop,3,3676.23,South,Bangalore,Credit Card,2025-04,11028.69
1359,203750,2025-01-02,Electronics,Smartphone,5,1620.91,South,Chennai,UPI,2025-01,8104.55
1360,102280,2024-06-30,Home & Kitchen,Lamp,1,1070.36,South,Kochi,Credit Card,2024-06,1070.36
1361,157585,2024-01-18,Electronics,Headphones,1,738.36,West,Mumbai,Debit Card,2024-01,738.36
1362,179538,2024-10-05,Electronics,Tablet,1,853.53,East,Guwahati,Credit Card,2024-10,853.53
1363,155289,2024-05-26,Home & Kitchen,Lamp,1,1733.84,West,Ahmedabad,Cash on Delivery,2024-05,1733.84
1364,100295,2025-05-09,Fashion,Jacket,1,2447.11,South,Kochi,UPI,2025-05,2447.11
1365,185777,2024-03-14,Beauty,Sunscreen,4,2486.71,West,Pune,Credit Card,2024-03,9946.84
1366,187364,2024-11-14,Electronics,Smartwatch,1,132.25,North,Delhi,Net Banking,2024-11,132.25
1367,154283,2024-10-28,Fashion,Jacket,1,286.01,East,Bhubaneswar,UPI,2024-10,286.01
1368,187350,2024-08-15,Home & Kitchen,Mixer Grinder,1,778.56,South,Kochi,Net Banking,2024-08,778.56
1369,211166,2025-04-14,Books,Self-Help Book,2,2667.7,East,Kolkata,UPI,2025-04,5335.4
1370,199884,2025-05-08,Beauty,Lipstick,2,230.49,East,Kolkata,Debit Card,2025-05,460.98
1371,220335,2024-12-17,Books,Comic,1,1275.52,West,Ahmedabad,Net Banking,2024-12,1275.52
1372,194466,2024-05-20,Home & Kitchen,Cookware Set,5,1882.07,West,Surat,UPI,2024-05,9410.35
1373,138037,2024-10-09,Home & Kitchen,Bedsheet,4,88.33,West,Ahmedabad,Cash on Delivery,2024-10,353.32
1374,220488,2024-11-17,Home & Kitchen,Mixer Grinder,5,466.94,West,Surat,Debit Card,2024-11,2334.7
1375,200954,2024-04-13,Books,Self-Help Book,3,618.89,South,Kochi,Credit Card,2024-04,1856.67
1376,121039,2025-06-04,Books,Biography,4,1026.9,South,Kochi,Cash on Delivery,2025-06,4107.6
1377,114500,2024-11-28,Books,Comic,2,604.29,East,Guwahati,Net Banking,2024-11,1208.58
1378,118003,2025-06-05,Sports,Cycling Helmet,2,876.41,West,Ahmedabad,UPI,2025-06,1752.82
1379,233427,2024-11-11,Beauty,Perfume,2,1268.4,South,Bangalore,Credit Card,2024-11,2536.8
1380,247456,2024-11-05,Beauty,Sunscreen,2,1701.23,East,Guwahati,UPI,2024-11,3402.46
1381,163823,2024-12-03,Books,Textbook,5,658.31,West,Pune,Net Banking,2024-12,3291.55
1382,164028,2024-11-05,Fashion,Sneakers,3,1646.09,West,Surat,Credit Card,2024-11,4938.27
1383,112601,2024-10-02,Home & Kitchen,Cookware Set,3,2127.5,North,Jaipur,Debit Card,2024-10,6382.5
1384,229093,2024-03-21,Books,Textbook,5,1140.55,East,Patna,Cash on Delivery,2024-03,5702.75
1385,117992,2025-09-11,Home & Kitchen,Cookware Set,1,2108.35,East,Guwahati,Net Banking,2025-09,2108.35
1386,213944,2025-07-18,Fashion,Sneakers,1,281.83,South,Bangalore,UPI,2025-07,281.83
1387,161980,2024-12-23,Beauty,Shampoo,3,596.55,West,Pune,UPI,2024-12,1789.65
1388,168639,2025-02-27,Fashion,T-Shirt,4,2178.64,North,Delhi,UPI,2025-02,8714.56
1389,163154,2024-12-18,Books,Biography,2,1988.71,North,Jaipur,Credit Card,2024-12,3977.42
1390,172941,2025-02-12,Books,Self-Help Book,1,1406.6,North,Lucknow,Debit Card,2025-02,1406.6
1391,119782,2024-03-28,Fashion,Saree,2,2153.58,North,Lucknow,UPI,2024-03,4307.16
1392,140189,2024-12-12,Beauty,Lipstick,2,374.08,East,Patna,Cash on Delivery,2024-12,748.16
1393,197818,2025-07-28,Books,Biography,2,1398.44,South,Bangalore,Net Banking,2025-07,2796.88
1394,197539,2024-08-13,Sports,Football,5,825.04,South,Chennai,Credit Card,2024-08,4125.2
1395,238912,2024-03-23,Fashion,T-Shirt,2,1682.39,West,Ahmedabad,Debit Card,2024-03,3364.78
1396,227162,2025-04-18,Beauty,Perfume,2,273.16,North,Lucknow,UPI,2025-04,546.32
1397,109851,2025-04-04,Beauty,Moisturizer,4,2382.99,East,Kolkata,Net Banking,2025-04,9531.96
1398,228549,2024-02-22,Beauty,Shampoo,2,1673.74,South,Bangalore,UPI,2024-02,3347.48
1399,241171,2024-06-24,Electronics,Tablet,1,50.0,North,Lucknow,Cash on Delivery,2024-06,50.0
1400,208058,2024-01-18,Fashion,Jacket,2,798.11,North,Jaipur,Credit Card,2024-01,1596.22
1401,159696,2024-12-11,Books,Textbook,4,2808.86,North,Jaipur,Cash on Delivery,2024-12,11235.44
1402,234148,2024-04-23,Fashion,Sneakers,2,2277.96,North,Jaipur,UPI,2024-04,4555.92
1403,246974,2024-01-09,Fashion,Sneakers,1,2166.8,West,Surat,Credit Card,2024-01,2166.8
1404,187397,2025-08-09,Fashion,Jacket,3,1863.09,East,Bhubaneswar,Credit Card,2025-08,5589.27
1405,152317,2024-10-17,Fashion,Sneakers,4,2053.65,East,Bhubaneswar,Net Banking,2024-10,8214.6
1406,142476,2024-02-25,Electronics,Laptop,2,1411.7,North,Chandigarh,Credit Card,2024-02,2823.4
1407,130573,2024-02-24,Home & Kitchen,Lamp,5,843.03,East,Guwahati,Credit Card,2024-02,4215.15
1408,177194,2025-09-29,Books,Biography,4,1724.71,South,Kochi,Net Banking,2025-09,6898.84
1409,210107,2025-02-21,Electronics,Headphones,4,2720.06,East,Guwahati,UPI,2025-02,10880.24
1410,244946,2024-05-15,Fashion,Jacket,2,260.18,North,Chandigarh,UPI,2024-05,520.36
1411,217256,2024-01-22,Electronics,Headphones,5,680.18,South,Chennai,UPI,2024-01,3400.9
1412,203778,2024-09-17,Beauty,Sunscreen,3,1577.28,East,Kolkata,Credit Card,2024-09,4731.84
1413,215248,2025-06-13,Fashion,Sneakers,2,1988.76,West,Mumbai,Net Banking,2025-06,3977.52
1415,190353,2024-12-29,Beauty,Perfume,2,1259.3,East,Kolkata,UPI,2024-12,2518.6
1416,238850,2025-08-13,Sports,Cricket Bat,2,770.91,West,Surat,Credit Card,2025-08,1541.82
1417,214672,2024-12-01,Beauty,Perfume,4,2174.71,South,Kochi,UPI,2024-12,8698.84
1418,139238,2025-02-03,Home & Kitchen,Bedsheet,5,1346.64,North,Delhi,UPI,2025-02,6733.2
1419,192787,2024-05-29,Books,Biography,5,1882.65,East,Guwahati,Debit Card,2024-05,9413.25
1420,181965,2024-06-26,Home & Kitchen,Cookware Set,3,50.0,North,Chandigarh,Net Banking,2024-06,150.0
1421,163790,2024-08-12,Books,Self-Help Book,5,977.1,East,Patna,UPI,2024-08,4885.5
1422,103122,2025-08-20,Books,Comic,2,1843.81,East,Guwahati,UPI,2025-08,3687.62
1423,113611,2025-02-08,Beauty,Sunscreen,4,838.33,South,Bangalore,UPI,2025-02,3353.32
1424,187010,2024-02-15,Sports,Football,3,1723.89,North,Lucknow,UPI,2024-02,5171.67
1425,134473,2025-05-08,Fashion,Jacket,1,761.82,North,Jaipur,UPI,2025-05,761.82
1426,109230,2024-12-11,Sports,Football,5,3138.41,West,Pune,Net Banking,2024-12,15692.05
1427,213808,2024-03-31,Sports,Football,5,1737.87,East,Kolkata,UPI,2024-03,8689.35
1428,102437,2024-08-15,Books,Fiction Novel,5,1411.01,West,Pune,Debit Card,2024-08,7055.05
1430,168344,2024-05-18,Sports,Cycling Helmet,5,217.72,South,Kochi,UPI,2024-05,1088.6
1431,123332,2024-10-24,Home & Kitchen,Mixer Grinder,4,3243.71,South,Kochi,UPI,2024-10,12974.84
1432,146443,2024-09-25,Fashion,Sneakers,1,1402.27,East,Kolkata,UPI,2024-09,1402.27
1433,173004,2024-06-28,Fashion,Sneakers,3,1200.78,East,Patna,Net Banking,2024-06,3602.34
1434,138683,2024-07-01,Beauty,Perfume,2,1719.76,West,Surat,Debit Card,2024-07,3439.52
1435,148519,2025-06-18,Fashion,Saree,3,923.55,West,Mumbai,Cash on Delivery,2025-06,2770.65
1436,175849,2025-03-31,Electronics,Laptop,3,1548.38,East,Bhubaneswar,Debit Card,2025-03,4645.14
1437,218492,2025-08-31,Home & Kitchen,Lamp,2,1130.76,East,Patna,Debit Card,2025-08,2261.52
1438,148134,2025-06-27,Beauty,Lipstick,2,50.0,North,Jaipur,Debit Card,2025-06,100.0
1439,192109,2024-11-09,Fashion,Sneakers,4,2543.58,East,Bhubaneswar,Credit Card,2024-11,10174.32
1440,126483,2024-10-22,Books,Fiction Novel,4,673.03,South,Bangalore,UPI,2024-10,2692.12
1441,134550,2024-07-27,Sports,Cricket Bat,1,3802.56,North,Jaipur,UPI,2024-07,3802.56
1442,149831,2024-10-02,Beauty,Lipstick,3,1449.49,North,Chandigarh,Cash on Delivery,2024-10,4348.47
1443,102461,2025-03-03,Books,Fiction Novel,2,1590.62,South,Chennai,Credit Card,2025-03,3181.24
1444,193529,2025-08-29,Home & Kitchen,Bedsheet,5,569.25,West,Mumbai,Credit Card,2025-08,2846.25
1445,128386,2024-02-04,Electronics,Headphones,2,1765.66,West,Mumbai,Credit Card,2024-02,3531.32
1446,185999,2024-01-05,Electronics,Headphones,5,221.98,East,Bhubaneswar,UPI,2024-01,1109.9
1447,107952,2024-01-01,Books,Biography,5,1414.44,East,Kolkata,Net Banking,2024-01,7072.2
1448,148517,2025-08-01,Books,Biography,5,996.69,East,Bhubaneswar,Credit Card,2025-08,4983.45
1449,143228,2024-03-15,Sports,Dumbbells,5,50.0,East,Kolkata,Cash on Delivery,2024-03,250.0
1450,167823,2024-05-13,Electronics,Tablet,1,2206.59,West,Mumbai,UPI,2024-05,2206.59
1451,199342,2024-03-29,Fashion,Sneakers,3,2670.39,North,Lucknow,UPI,2024-03,8011.17
1452,219662,2024-08-27,Electronics,Headphones,5,1721.27,West,Mumbai,UPI,2024-08,8606.35
1453,125487,2025-07-15,Electronics,Smartphone,2,1188.65,North,Jaipur,Credit Card,2025-07,2377.3
1454,117533,2024-11-27,Fashion,Sneakers,3,129.47,East,Bhubaneswar,Credit Card,2024-11,388.41
1455,230395,2024-01-18,Beauty,Shampoo,1,2735.61,West,Ahmedabad,UPI,2024-01,2735.61
1456,230275,2024-10-06,Electronics,Smartwatch,1,1433.44,East,Bhubaneswar,UPI,2024-10,1433.44
1457,157908,2024-04-09,Books,Self-Help Book,4,1263.43,East,Bhubaneswar,Net Banking,2024-04,5053.72
1458,113985,2024-12-03,Home & Kitchen,Bedsheet,2,1748.73,West,Mumbai,UPI,2024-12,3497.46
1459,149148,2025-08-01,Fashion,T-Shirt,5,1604.08,North,Lucknow,UPI,2025-08,8020.4
1460,109195,2024-03-19,Beauty,Lipstick,3,50.0,South,Bangalore,UPI,2024-03,150.0
1461,202189,2025-02-19,Sports,Football,5,1585.65,South,Chennai,UPI,2025-02,7928.25
1462,104406,2024-11-20,Fashion,T-Shirt,2,2425.56,South,Bangalore,UPI,2024-11,4851.12
1463,213528,2024-02-08,Electronics,Smartphone,5,373.93,East,Guwahati,Debit Card,2024-02,1869.65
1464,157961,2025-08-08,Electronics,Laptop,1,1229.16,North,Lucknow,Credit Card,2025-08,1229.16
1465,233377,2025-04-13,Books,Self-Help Book,1,2065.68,South,Kochi,UPI,2025-04,2065.68
1466,108441,2024-02-01,Electronics,Laptop,1,3298.6,West,Pune,Credit Card,2024-02,3298.6
1467,142887,2025-05-19,Beauty,Shampoo,5,1914.08,South,Kochi,UPI,2025-05,9570.4
1468,224681,2024-05-15,Home & Kitchen,Cookware Set,5,1149.5,South,Hyderabad,Debit Card,2024-05,5747.5
1469,211803,2024-07-12,Sports,Cycling Helmet,1,1413.92,East,Kolkata,UPI,2024-07,1413.92
1470,174971,2024-02-10,Electronics,Smartphone,3,2072.95,South,Kochi,Credit Card,2024-02,6218.85
1471,248072,2025-09-09,Books,Fiction Novel,4,2287.21,West,Pune,Credit Card,2025-09,9148.84
1472,199527,2024-08-17,Sports,Football,2,2344.57,North,Delhi,Credit Card,2024-08,4689.14
1473,191437,2024-09-18,Home & Kitchen,Air Fryer,2,2076.38,West,Mumbai,UPI,2024-09,4152.76
1474,191490,2025-06-16,Fashion,Jeans,5,119.2,East,Kolkata,UPI,2025-06,596.0
1475,139236,2025-06-13,Books,Comic,3,1715.89,North,Jaipur,Debit Card,2025-06,5147.67
1476,216557,2025-05-21,Fashion,Jeans,4,1735.12,West,Mumbai,Cash on Delivery,2025-05,6940.48
1477,118898,2024-12-25,Home & Kitchen,Air Fryer,5,1206.39,North,Jaipur,Credit Card,2024-12,6031.95
1478,235027,2024-10-22,Home & Kitchen,Cookware Set,5,645.29,West,Ahmedabad,UPI,2024-10,3226.45
1479,211270,2025-02-01,Fashion,Jeans,5,1179.51,North,Chandigarh,UPI,2025-02,5897.55
1480,119504,2025-09-27,Home & Kitchen,Bedsheet,4,2053.73,South,Bangalore,Credit Card,2025-09,8214.92
1481,210891,2024-10-23,Electronics,Laptop,3,228.01,East,Bhubaneswar,Credit Card,2024-10,684.03
1482,178809,2024-08-12,Electronics,Laptop,1,1556.88,East,Kolkata,UPI,2024-08,1556.88
1483,221199,2024-02-28,Fashion,Jeans,2,1467.5,East,Kolkata,Cash on Delivery,2024-02,2935.0
1484,162356,2024-10-11,Electronics,Headphones,1,633.97,South,Bangalore,UPI,2024-10,633.97
1485,103328,2025-06-01,Home & Kitchen,Mixer Grinder,5,826.07,North,Jaipur,Credit Card,2025-06,4130.35
1487,108368,2025-10-01,Electronics,Smartwatch,5,847.28,North,Jaipur,UPI,2025-10,4236.4
1488,207005,2025-06-23,Electronics,Smartwatch,3,1726.73,West,Pune,Debit Card,2025-06,5180.19
1489,120086,2024-03-13,Electronics,Headphones,4,752.24,South,Bangalore,Cash on Delivery,2024-03,3008.96
1490,144074,2025-09-09,Beauty,Moisturizer,2,984.37,East,Guwahati,UPI,2025-09,1968.74
1491,213398,2024-06-09,Fashion,Jacket,2,1659.03,East,Bhubaneswar,Credit Card,2024-06,3318.06
1492,241946,2025-09-06,Home & Kitchen,Air Fryer,3,419.66,North,Delhi,Cash on Delivery,2025-09,1258.98
1493,239746,2024-11-01,Electronics,Tablet,3,1670.25,North,Chandigarh,UPI,2024-11,5010.75
1494,183048,2024-07-10,Fashion,Sneakers,5,428.92,South,Bangalore,Credit Card,2024-07,2144.6
1495,168625,2025-09-30,Home & Kitchen,Bedsheet,1,1782.9,North,Lucknow,UPI,2025-09,1782.9
1496,216899,2025-09-23,Home & Kitchen,Mixer Grinder,3,1715.82,West,Ahmedabad,Cash on Delivery,2025-09,5147.46
1497,116136,2024-08-18,Beauty,Moisturizer,3,863.5,West,Ahmedabad,UPI,2024-08,2590.5
1498,192320,2024-04-12,Sports,Cricket Bat,1,1869.36,South,Hyderabad,UPI,2024-04,1869.36
1499,212665,2025-07-15,Home & Kitchen,Air Fryer,2,2129.36,East,Guwahati,Credit Card,2025-07,4258.72
1500,170996,2024-03-25,Books,Biography,2,1572.09,North,Jaipur,UPI,2024-03,3144.18
1501,247443,2024-08-20,Beauty,Perfume,5,773.38,West,Pune,UPI,2024-08,3866.9
1502,127830,2024-08-20,Fashion,Sneakers,4,1518.27,North,Lucknow,Debit Card,2024-08,6073.08
1503,215994,2024-08-26,Fashion,Jeans,1,2864.62,West,Surat,UPI,2024-08,2864.62
1504,142099,2024-06-14,Fashion,Jacket,1,1516.54,South,Bangalore,Credit Card,2024-06,1516.54
1505,220374,2025-08-01,Beauty,Moisturizer,1,2206.78,South,Kochi,Debit Card,2025-08,2206.78
1506,156926,2024-03-05,Fashion,Jacket,1,1472.9,West,Pune,Credit Card,2024-03,1472.9
1507,169628,2024-03-03,Books,Fiction Novel,4,555.08,South,Chennai,UPI,2024-03,2220.32
1508,136617,2024-01-16,Home & Kitchen,Cookware Set,4,1074.19,North,Delhi,UPI,2024-01,4296.76
1509,206417,2024-01-17,Books,Textbook,2,2000.62,South,Hyderabad,UPI,2024-01,4001.24
1510,139151,2025-07-04,Sports,Dumbbells,4,1920.42,South,Kochi,UPI,2025-07,7681.68
1511,184345,2025-08-07,Home & Kitchen,Air Fryer,1,1940.24,North,Chandigarh,UPI,2025-08,1940.24
1512,224782,2024-07-10,Fashion,Saree,5,2178.03,East,Kolkata,Net Banking,2024-07,10890.15
1513,142448,2025-04-13,Sports,Yoga Mat,2,727.35,West,Ahmedabad,Net Banking,2025-04,1454.7
1514,233466,2024-03-20,Fashion,Saree,1,2420.15,East,Patna,UPI,2024-03,2420.15
1515,182078,2024-10-27,Fashion,Jacket,3,2134.23,East,Guwahati,Net Banking,2024-10,6402.69
1517,129005,2024-12-27,Home & Kitchen,Cookware Set,2,1351.28,North,Jaipur,Cash on Delivery,2024-12,2702.56
1518,226536,2024-12-30,Electronics,Laptop,3,50.0,South,Bangalore,Cash on Delivery,2024-12,150.0
1519,121029,2024-04-07,Home & Kitchen,Lamp,4,2830.64,North,Lucknow,Net Banking,2024-04,11322.56
1520,124060,2024-04-10,Home & Kitchen,Bedsheet,3,50.0,East,Patna,Credit Card,2024-04,150.0
1521,203217,2024-05-30,Books,Biography,4,1995.17,East,Patna,UPI,2024-05,7980.68
1522,122829,2024-04-17,Sports,Football,3,1631.57,North,Lucknow,Debit Card,2024-04,4894.71
1523,123587,2025-06-17,Fashion,Sneakers,3,2787.22,West,Ahmedabad,Debit Card,2025-06,8361.66
1524,111208,2025-03-11,Electronics,Tablet,3,1842.96,West,Surat,Cash on Delivery,2025-03,5528.88
1525,123052,2024-08-15,Beauty,Sunscreen,1,1666.33,East,Bhubaneswar,Net Banking,2024-08,1666.33
1526,110684,2024-09-08,Electronics,Tablet,4,895.93,North,Jaipur,Debit Card,2024-09,3583.72
1527,183952,2024-04-04,Fashion,Sneakers,2,794.33,West,Mumbai,Credit Card,2024-04,1588.66
1528,218173,2024-02-20,Electronics,Smartwatch,3,1972.5,North,Chandigarh,Credit Card,2024-02,5917.5
1529,152589,2025-05-14,Electronics,Tablet,4,1030.99,East,Patna,UPI,2025-05,4123.96
1530,196978,2024-10-11,Books,Fiction Novel,5,1282.1,East,Guwahati,Cash on Delivery,2024-10,6410.5
1531,244723,2024-02-14,Electronics,Tablet,5,1770.49,South,Chennai,Debit Card,2024-02,8852.45
1532,242674,2025-01-14,Electronics,Smartphone,3,3012.08,South,Kochi,UPI,2025-01,9036.24
1533,133303,2024-12-13,Books,Self-Help Book,4,1114.35,North,Delhi,Net Banking,2024-12,4457.4
1534,213408,2024-08-23,Fashion,Sneakers,3,3316.51,North,Delhi,UPI,2024-08,9949.53
1535,218018,2025-07-14,Sports,Cricket Bat,3,3063.07,North,Delhi,Net Banking,2025-07,9189.21
1536,155487,2025-03-28,Electronics,Smartwatch,4,2146.49,North,Lucknow,UPI,2025-03,8585.96
1537,112297,2025-01-23,Electronics,Laptop,4,448.58,East,Bhubaneswar,Net Banking,2025-01,1794.32
1538,143201,2025-06-08,Electronics,Headphones,5,1315.54,East,Patna,UPI,2025-06,6577.7
1539,248246,2024-02-29,Sports,Dumbbells,3,2967.37,East,Patna,Net Banking,2024-02,8902.11
1540,216750,2025-09-03,Beauty,Lipstick,4,1679.21,North,Lucknow,UPI,2025-09,6716.84
1541,221312,2024-03-17,Home & Kitchen,Bedsheet,3,50.58,South,Chennai,Credit Card,2024-03,151.74
1542,132801,2024-04-20,Fashion,Sneakers,4,3565.92,East,Patna,Credit Card,2024-04,14263.68
1543,136747,2024-09-27,Electronics,Laptop,3,406.97,North,Jaipur,Debit Card,2024-09,1220.91
1544,229073,2024-04-21,Beauty,Sunscreen,4,1080.21,South,Hyderabad,Credit Card,2024-04,4320.84
1545,244698,2024-02-28,Fashion,T-Shirt,1,302.92,East,Bhubaneswar,Credit Card,2024-02,302.92
1546,124178,2025-09-27,Beauty,Perfume,5,50.0,East,Kolkata,Credit Card,2025-09,250.0
1547,155621,2025-07-19,Sports,Yoga Mat,4,50.0,East,Guwahati,UPI,2025-07,200.0
1548,101944,2024-10-17,Books,Fiction Novel,2,2238.31,South,Kochi,UPI,2024-10,4476.62
1549,117264,2025-02-15,Home & Kitchen,Lamp,4,1519.57,North,Delhi,UPI,2025-02,6078.28
1550,208687,2025-04-25,Electronics,Smartwatch,3,2908.04,South,Bangalore,Cash on Delivery,2025-04,8724.12
1551,180736,2024-09-24,Fashion,Jeans,4,3305.2,West,Mumbai,UPI,2024-09,13220.8
1552,239580,2024-05-31,Books,Biography,3,3826.88,West,Surat,Debit Card,2024-05,11480.64
1553,162871,2025-09-04,Beauty,Perfume,5,332.27,North,Chandigarh,UPI,2025-09,1661.35
1554,157422,2025-01-08,Beauty,Moisturizer,5,2709.24,South,Chennai,Credit Card,2025-01,13546.2
1555,147180,2025-01-30,Home & Kitchen,Air Fryer,5,912.69,South,Hyderabad,Net Banking,2025-01,4563.45
1556,234533,2024-06-03,Electronics,Headphones,5,1855.28,East,Patna,UPI,2024-06,9276.4
1557,154243,2025-05-17,Books,Biography,2,3057.83,North,Lucknow,Net Banking,2025-05,6115.66
1558,122299,2024-06-11,Sports,Cycling Helmet,4,806.03,North,Delhi,Net Banking,2024-06,3224.12
1559,170094,2024-03-17,Books,Self-Help Book,2,2530.75,North,Lucknow,Cash on Delivery,2024-03,5061.5
1560,158608,2024-01-06,Books,Self-Help Book,2,1988.96,West,Surat,Net Banking,2024-01,3977.92
1561,181788,2025-06-25,Fashion,T-Shirt,4,2125.09,East,Bhubaneswar,UPI,2025-06,8500.36
1562,142574,2025-03-02,Fashion,Saree,1,655.46,South,Chennai,UPI,2025-03,655.46
1563,183418,2024-09-10,Fashion,Saree,3,452.42,South,Bangalore,UPI,2024-09,1357.26
1564,106476,2024-08-19,Books,Biography,1,442.09,East,Kolkata,UPI,2024-08,442.09
1565,176357,2024-04-23,Beauty,Lipstick,4,2229.11,South,Chennai,Debit Card,2024-04,8916.44
1566,193753,2024-12-26,Home & Kitchen,Bedsheet,3,1588.6,North,Jaipur,Credit Card,2024-12,4765.8
1567,247041,2025-08-21,Books,Textbook,1,2102.98,North,Jaipur,UPI,2025-08,2102.98
1569,102795,2024-03-03,Books,Self-Help Book,4,63.11,East,Guwahati,Cash on Delivery,2024-03,252.44
1570,113918,2024-05-04,Books,Self-Help Book,1,1884.99,North,Delhi,UPI,2024-05,1884.99
1571,247419,2024-03-06,Electronics,Headphones,5,918.56,North,Jaipur,Debit Card,2024-03,4592.8
1572,245156,2024-06-18,Home & Kitchen,Mixer Grinder,3,2099.85,South,Hyderabad,Debit Card,2024-06,6299.55
1573,193113,2025-02-21,Sports,Dumbbells,2,1455.39,West,Pune,UPI,2025-02,2910.78
1574,172494,2024-05-29,Sports,Cycling Helmet,5,2771.44,West,Surat,Credit Card,2024-05,13857.2
1575,231668,2024-01-10,Electronics,Smartwatch,3,2090.66,North,Lucknow,Debit Card,2024-01,6271.98
1576,128163,2025-09-28,Fashion,Jeans,5,1082.24,South,Chennai,UPI,2025-09,5411.2
1577,101613,2025-09-10,Beauty,Perfume,2,1042.98,West,Mumbai,Net Banking,2025-09,2085.96
1578,133499,2024-12-08,Sports,Cricket Bat,2,50.0,West,Pune,UPI,2024-12,100.0
1579,204179,2024-07-11,Electronics,Laptop,5,346.86,South,Kochi,Net Banking,2024-07,1734.3
1580,135085,2025-04-12,Beauty,Shampoo,5,2845.51,West,Surat,Debit Card,2025-04,14227.55
1581,174541,2024-03-01,Fashion,Sneakers,3,3051.27,East,Kolkata,Net Banking,2024-03,9153.81
1582,200959,2024-03-27,Fashion,Sneakers,4,1029.75,South,Bangalore,Cash on Delivery,2024-03,4119.0
1583,246271,2024-08-22,Beauty,Moisturizer,3,2322.51,North,Chandigarh,UPI,2024-08,6967.53
1584,121336,2024-10-04,Home & Kitchen,Cookware Set,3,2235.88,North,Lucknow,Credit Card,2024-10,6707.64
1585,102728,2024-05-22,Beauty,Sunscreen,1,2654.25,East,Kolkata,UPI,2024-05,2654.25
1586,160644,2025-05-26,Fashion,T-Shirt,1,668.38,West,Surat,UPI,2025-05,668.38
1587,237905,2024-01-30,Sports,Dumbbells,3,1332.55,East,Kolkata,Credit Card,2024-01,3997.65
1588,187502,2025-02-13,Electronics,Laptop,4,1628.01,West,Ahmedabad,Net Banking,2025-02,6512.04
1589,133379,2024-05-20,Books,Biography,3,2288.01,West,Ahmedabad,UPI,2024-05,6864.03
1590,167133,2024-02-13,Electronics,Tablet,5,2220.55,North,Jaipur,Debit Card,2024-02,11102.75
1591,124480,2024-08-10,Sports,Cricket Bat,4,2451.86,North,Jaipur,Credit Card,2024-08,9807.44
1592,246117,2025-08-17,Home & Kitchen,Air Fryer,5,2970.74,North,Chandigarh,Debit Card,2025-08,14853.7
1593,230208,2024-07-21,Home & Kitchen,Mixer Grinder,2,839.31,West,Surat,Net Banking,2024-07,1678.62
1595,178828,2024-04-26,Sports,Cricket Bat,4,217.09,South,Kochi,UPI,2024-04,868.36
1596,153810,2025-03-15,Electronics,Laptop,1,1509.55,East,Guwahati,UPI,2025-03,1509.55
1597,150000,2024-07-10,Beauty,Sunscreen,3,2084.65,West,Mumbai,Debit Card,2024-07,6253.95
1598,112368,2024-08-15,Sports,Cycling Helmet,1,2262.43,North,Jaipur,Net Banking,2024-08,2262.43
1599,197793,2024-09-15,Books,Textbook,4,1613.54,South,Kochi,UPI,2024-09,6454.16
1600,194834,2025-05-02,Sports,Cycling Helmet,1,2523.47,South,Chennai,UPI,2025-05,2523.47
1601,133671,2024-06-30,Fashion,Sneakers,5,1154.66,West,Ahmedabad,Credit Card,2024-06,5773.3
1602,197413,2024-03-27,Sports,Dumbbells,4,2043.15,East,Kolkata,Net Banking,2024-03,8172.6
1603,201280,2024-03-07,Sports,Cricket Bat,3,1000.18,East,Patna,Net Banking,2024-03,3000.54
1604,243222,2025-07-17,Fashion,Sneakers,1,852.41,East,Guwahati,UPI,2025-07,852.41
1605,248954,2025-08-24,Electronics,Smartwatch,2,1455.89,East,Guwahati,Cash on Delivery,2025-08,2911.78
1606,200497,2025-04-10,Books,Self-Help Book,4,111.77,West,Ahmedabad,UPI,2025-04,447.08
1607,106645,2024-09-21,Electronics,Headphones,1,1625.12,East,Kolkata,Debit Card,2024-09,1625.12
1608,120607,2024-07-20,Beauty,Lipstick,5,1970.93,North,Delhi,Cash on Delivery,2024-07,9854.65
1609,180415,2025-06-30,Fashion,Saree,5,1955.42,East,Kolkata,Credit Card,2025-06,9777.1
1610,151969,2024-09-20,Electronics,Headphones,4,949.98,South,Chennai,UPI,2024-09,3799.92
1611,189134,2024-04-18,Sports,Football,4,1430.49,South,Hyderabad,UPI,2024-04,5721.96
1612,222964,2024-06-17,Electronics,Smartwatch,5,2650.73,North,Jaipur,Credit Card,2024-06,13253.65
1613,173569,2024-10-31,Sports,Cricket Bat,4,206.71,West,Surat,UPI,2024-10,826.84
1614,177804,2024-07-13,Sports,Cricket Bat,2,408.91,East,Kolkata,UPI,2024-07,817.82
1615,117112,2025-03-26,Electronics,Tablet,5,438.14,East,Bhubaneswar,UPI,2025-03,2190.7
1616,156294,2025-01-14,Fashion,Sneakers,4,1312.4,South,Kochi,Net Banking,2025-01,5249.6
1617,153425,2024-11-29,Sports,Football,1,811.51,South,Kochi,Debit Card,2024-11,811.51
1618,181026,2024-04-24,Beauty,Moisturizer,1,1793.83,West,Surat,UPI,2024-04,1793.83
1619,229977,2024-05-31,Electronics,Headphones,2,50.0,South,Chennai,UPI,2024-05,100.0
1620,233782,2025-08-08,Books,Biography,3,965.48,North,Chandigarh,Debit Card,2025-08,2896.44
1621,234931,2024-08-26,Fashion,Sneakers,4,1586.34,West,Pune,UPI,2024-08,6345.36
1622,134680,2024-07-08,Electronics,Tablet,3,1163.34,North,Delhi,UPI,2024-07,3490.02
1623,189418,2025-08-06,Books,Biography,2,828.06,East,Guwahati,Debit Card,2025-08,1656.12
1624,101829,2024-03-11,Electronics,Tablet,1,734.03,South,Hyderabad,Cash on Delivery,2024-03,734.03
1625,236910,2024-01-03,Beauty,Lipstick,4,717.36,East,Bhubaneswar,Net Banking,2024-01,2869.44
1626,160711,2024-01-30,Books,Self-Help Book,3,191.96,East,Patna,UPI,2024-01,575.88
1627,202531,2024-05-23,Beauty,Moisturizer,5,50.0,North,Jaipur,UPI,2024-05,250.0
1628,237625,2025-03-25,Beauty,Shampoo,1,50.0,North,Chandigarh,Credit Card,2025-03,50.0
1629,230617,2025-07-27,Home & Kitchen,Lamp,2,2411.32,North,Delhi,Credit Card,2025-07,4822.64
1630,223165,2024-10-28,Electronics,Smartwatch,3,2252.26,East,Bhubaneswar,Credit Card,2024-10,6756.78
1631,122532,2024-04-11,Beauty,Moisturizer,1,1803.73,West,Pune,Net Banking,2024-04,1803.73
1632,180827,2024-03-25,Books,Textbook,1,1573.34,South,Hyderabad,UPI,2024-03,1573.34
1633,229339,2025-02-13,Electronics,Headphones,4,1383.21,West,Surat,UPI,2025-02,5532.84
1634,117060,2024-03-16,Books,Biography,1,2375.66,North,Jaipur,UPI,2024-03,2375.66
1635,162304,2024-11-23,Home & Kitchen,Mixer Grinder,4,2684.69,West,Mumbai,Net Banking,2024-11,10738.76
1636,136846,2025-01-29,Beauty,Lipstick,3,247.29,North,Delhi,Credit Card,2025-01,741.87
1637,235727,2024-01-28,Electronics,Smartwatch,1,852.7,West,Surat,Debit Card,2024-01,852.7
1638,207089,2025-07-12,Beauty,Perfume,1,606.76,West,Pune,Credit Card,2025-07,606.76
1639,213481,2025-06-16,Fashion,Saree,3,109.86,South,Kochi,UPI,2025-06,329.58
1640,122953,2025-07-14,Fashion,Jacket,2,977.97,North,Lucknow,Cash on Delivery,2025-07,1955.94
1641,216347,2025-01-03,Sports,Football,5,2156.06,East,Bhubaneswar,Cash on Delivery,2025-01,10780.3
1642,244043,2024-05-29,Electronics,Headphones,1,1896.48,East,Guwahati,Credit Card,2024-05,1896.48
1643,219820,2024-05-08,Home & Kitchen,Lamp,3,1185.14,East,Bhubaneswar,UPI,2024-05,3555.42
1644,238657,2025-06-24,Beauty,Shampoo,3,50.0,South,Chennai,Debit Card,2025-06,150.0
1645,117784,2024-08-27,Electronics,Laptop,3,1147.84,East,Guwahati,UPI,2024-08,3443.52
1646,230187,2024-12-06,Fashion,Jacket,2,2797.63,West,Pune,Credit Card,2024-12,5595.26
1647,206680,2024-07-02,Home & Kitchen,Bedsheet,3,794.13,North,Delhi,Credit Card,2024-07,2382.39
1648,149991,2024-03-06,Beauty,Lipstick,3,1776.54,North,Delhi,Cash on Delivery,2024-03,5329.62
1649,121246,2025-02-15,Books,Comic,3,477.02,West,Surat,UPI,2025-02,1431.06
1650,183186,2024-10-01,Books,Fiction Novel,3,939.2,North,Delhi,Debit Card,2024-10,2817.6
1651,111730,2025-06-05,Fashion,Jacket,1,695.92,South,Hyderabad,Net Banking,2025-06,695.92
1652,128249,2025-03-12,Electronics,Laptop,2,614.65,North,Delhi,Credit Card,2025-03,1229.3
1653,193729,2024-01-05,Electronics,Laptop,5,2414.67,East,Bhubaneswar,Net Banking,2024-01,12073.35
1654,215333,2024-06-30,Beauty,Shampoo,5,1857.05,West,Surat,UPI,2024-06,9285.25
1655,217211,2024-04-18,Electronics,Smartwatch,1,1969.43,West,Mumbai,Credit Card,2024-04,1969.43
1656,234756,2025-07-30,Fashion,Saree,2,1970.5,West,Mumbai,Cash on Delivery,2025-07,3941.0
1657,218831,2025-05-18,Books,Biography,5,1310.45,West,Mumbai,Net Banking,2025-05,6552.25
1658,237501,2025-03-29,Books,Biography,3,3239.73,West,Pune,Net Banking,2025-03,9719.19
1659,119895,2025-05-10,Books,Biography,4,1082.81,East,Patna,Debit Card,2025-05,4331.24
1660,235734,2025-01-16,Fashion,Sneakers,2,2948.18,East,Kolkata,Net Banking,2025-01,5896.36
1661,221245,2024-03-06,Beauty,Shampoo,1,1830.34,South,Chennai,Credit Card,2024-03,1830.34
1663,175163,2025-07-17,Fashion,Sneakers,3,690.46,North,Lucknow,UPI,2025-07,2071.38
1664,232772,2024-12-03,Beauty,Lipstick,1,2262.46,South,Bangalore,UPI,2024-12,2262.46
1665,210658,2024-03-15,Beauty,Sunscreen,1,402.53,East,Guwahati,UPI,2024-03,402.53
1666,246475,2025-07-26,Home & Kitchen,Cookware Set,1,2108.13,North,Delhi,Cash on Delivery,2025-07,2108.13
1667,113965,2024-02-09,Sports,Yoga Mat,3,3142.64,North,Lucknow,UPI,2024-02,9427.92
1668,225040,2024-06-05,Sports,Dumbbells,5,1922.84,South,Bangalore,Net Banking,2024-06,9614.2
1669,103845,2025-04-11,Beauty,Shampoo,3,50.0,South,Kochi,Debit Card,2025-04,150.0
1670,162555,2024-07-14,Sports,Football,5,1603.5,East,Guwahati,Cash on Delivery,2024-07,8017.5
1671,157751,2024-07-01,Sports,Cricket Bat,5,1921.75,South,Hyderabad,Credit Card,2024-07,9608.75
1672,246984,2025-05-26,Beauty,Moisturizer,2,1955.18,East,Patna,UPI,2025-05,3910.36
1673,123633,2024-03-01,Fashion,T-Shirt,2,1985.46,South,Hyderabad,Credit Card,2024-03,3970.92
1674,160285,2024-12-08,Sports,Yoga Mat,2,2114.63,West,Ahmedabad,UPI,2024-12,4229.26
1675,115929,2025-05-07,Sports,Dumbbells,3,4207.7,North,Chandigarh,UPI,2025-05,12623.1
1676,232106,2024-08-31,Books,Comic,2,601.84,North,Chandigarh,UPI,2024-08,1203.68
1677,104740,2025-09-29,Electronics,Smartphone,5,2327.81,North,Lucknow,Credit Card,2025-09,11639.05
1678,129688,2025-05-31,Home & Kitchen,Cookware Set,1,1670.71,North,Jaipur,Credit Card,2025-05,1670.71
1679,242878,2024-02-21,Books,Biography,4,1679.18,South,Chennai,UPI,2024-02,6716.72
1681,199587,2024-01-21,Books,Comic,3,2398.7,South,Bangalore,Net Banking,2024-01,7196.1
1682,134685,2024-02-03,Electronics,Tablet,3,633.92,West,Pune,Debit Card,2024-02,1901.76
1683,116179,2024-02-05,Electronics,Tablet,4,1388.57,North,Jaipur,UPI,2024-02,5554.28
1684,231897,2025-03-28,Sports,Cricket Bat,2,1080.97,North,Jaipur,Credit Card,2025-03,2161.94
1685,103201,2024-10-28,Home & Kitchen,Lamp,2,1855.42,East,Kolkata,UPI,2024-10,3710.84
1686,130548,2024-02-23,Beauty,Lipstick,3,50.0,East,Kolkata,Debit Card,2024-02,150.0
1687,112515,2025-08-27,Home & Kitchen,Air Fryer,4,2026.74,West,Mumbai,Debit Card,2025-08,8106.96
1688,224461,2025-05-02,Home & Kitchen,Air Fryer,3,2089.38,East,Patna,Net Banking,2025-05,6268.14
1689,176775,2024-05-29,Books,Fiction Novel,5,874.44,East,Bhubaneswar,Credit Card,2024-05,4372.2
1690,248060,2025-01-30,Electronics,Smartwatch,3,1314.3,North,Delhi,Debit Card,2025-01,3942.9
1691,205111,2024-11-13,Sports,Dumbbells,3,2234.67,West,Pune,Credit Card,2024-11,6704.01
1692,167424,2025-09-19,Books,Textbook,4,1268.6,North,Jaipur,Credit Card,2025-09,5074.4
1693,130551,2024-07-27,Beauty,Shampoo,2,2482.52,North,Jaipur,UPI,2024-07,4965.04
1694,150834,2024-12-06,Home & Kitchen,Air Fryer,4,1496.84,South,Kochi,UPI,2024-12,5987.36
1695,240640,2025-04-22,Electronics,Smartphone,1,911.86,West,Surat,Credit Card,2025-04,911.86
1696,242347,2025-03-21,Sports,Yoga Mat,4,2679.24,West,Ahmedabad,Credit Card,2025-03,10716.96
1697,200303,2024-05-27,Home & Kitchen,Mixer Grinder,1,1524.85,South,Hyderabad,UPI,2024-05,1524.85
1698,244938,2025-02-07,Electronics,Smartphone,4,1636.79,East,Patna,UPI,2025-02,6547.16
1699,125620,2024-11-09,Home & Kitchen,Air Fryer,5,50.0,East,Patna,UPI,2024-11,250.0
1700,195421,2024-11-28,Books,Biography,2,752.17,East,Guwahati,UPI,2024-11,1504.34
1701,122617,2024-01-18,Fashion,Jacket,4,823.28,South,Bangalore,Debit Card,2024-01,3293.12
1702,101214,2025-09-19,Fashion,Jeans,2,1552.41,South,Chennai,Net Banking,2025-09,3104.82
1703,184865,2024-11-10,Sports,Football,2,1803.11,West,Surat,UPI,2024-11,3606.22
1704,162416,2024-07-31,Fashion,Saree,1,2993.25,West,Pune,Debit Card,2024-07,2993.25
1706,191424,2025-01-18,Books,Textbook,3,2065.03,West,Mumbai,Credit Card,2025-01,6195.09
1707,123040,2025-06-16,Books,Self-Help Book,3,50.0,East,Bhubaneswar,Credit Card,2025-06,150.0
1708,136429,2025-09-15,Books,Fiction Novel,2,471.66,South,Bangalore,UPI,2025-09,943.32
1709,103661,2024-11-17,Fashion,Jeans,3,3138.82,South,Hyderabad,Debit Card,2024-11,9416.46
1710,129859,2024-06-06,Fashion,T-Shirt,2,2392.39,South,Bangalore,Net Banking,2024-06,4784.78
1711,136547,2024-05-28,Home & Kitchen,Cookware Set,4,3970.05,West,Mumbai,Credit Card,2024-05,15880.2
1712,136895,2024-09-11,Home & Kitchen,Mixer Grinder,1,1642.4,West,Pune,Credit Card,2024-09,1642.4
1713,140075,2025-04-05,Books,Self-Help Book,4,285.58,East,Bhubaneswar,Credit Card,2025-04,1142.32
1714,141970,2025-08-24,Sports,Dumbbells,1,1393.52,East,Bhubaneswar,Credit Card,2025-08,1393.52
1715,164759,2025-03-07,Beauty,Lipstick,5,2443.17,East,Patna,UPI,2025-03,12215.85
1716,238574,2024-10-21,Books,Comic,1,2233.09,North,Lucknow,UPI,2024-10,2233.09
1717,120794,2025-09-30,Beauty,Perfume,5,977.4,North,Lucknow,Net Banking,2025-09,4887.0
1718,138423,2025-04-13,Home & Kitchen,Air Fryer,1,912.96,South,Hyderabad,UPI,2025-04,912.96
1719,243378,2024-05-31,Home & Kitchen,Cookware Set,5,647.79,West,Pune,UPI,2024-05,3238.95
1720,209294,2024-08-29,Beauty,Lipstick,3,2264.58,West,Pune,Net Banking,2024-08,6793.74
1721,201398,2024-04-22,Electronics,Headphones,5,349.1,South,Chennai,UPI,2024-04,1745.5
1722,209094,2025-06-18,Sports,Football,5,1768.38,North,Delhi,UPI,2025-06,8841.9
1723,150687,2024-08-26,Beauty,Perfume,1,987.06,South,Chennai,UPI,2024-08,987.06
1724,249148,2024-07-16,Sports,Cricket Bat,1,2859.7,West,Surat,Credit Card,2024-07,2859.7
1725,207502,2025-01-07,Beauty,Shampoo,2,1989.36,South,Kochi,Credit Card,2025-01,3978.72
1726,225978,2025-09-15,Sports,Dumbbells,1,1856.29,North,Jaipur,Cash on Delivery,2025-09,1856.29
1727,199292,2024-07-21,Books,Textbook,3,1245.18,East,Guwahati,Net Banking,2024-07,3735.54
1729,160713,2024-03-23,Home & Kitchen,Mixer Grinder,2,3250.93,East,Kolkata,UPI,2024-03,6501.86
1730,168620,2025-02-26,Electronics,Laptop,2,1856.69,North,Jaipur,UPI,2025-02,3713.38
1731,183587,2024-03-29,Sports,Dumbbells,5,1936.46,East,Patna,Cash on Delivery,2024-03,9682.3
1732,173322,2024-10-16,Books,Self-Help Book,3,793.23,North,Delhi,Debit Card,2024-10,2379.69
1733,153333,2024-01-14,Sports,Cricket Bat,2,2107.72,West,Pune,UPI,2024-01,4215.44
1734,183921,2025-02-26,Books,Fiction Novel,3,2368.62,South,Bangalore,Net Banking,2025-02,7105.86
1735,104305,2024-08-30,Books,Textbook,5,2528.99,North,Jaipur,UPI,2024-08,12644.95
1736,176097,2024-06-01,Sports,Cycling Helmet,2,994.44,West,Ahmedabad,UPI,2024-06,1988.88
1737,136196,2024-02-14,Beauty,Shampoo,2,50.0,East,Guwahati,UPI,2024-02,100.0
1738,152532,2024-09-16,Electronics,Headphones,1,1949.68,West,Mumbai,Credit Card,2024-09,1949.68
1739,121841,2024-08-24,Electronics,Tablet,1,399.0,North,Delhi,Net Banking,2024-08,399.0
1740,226763,2024-01-31,Fashion,Jeans,5,50.0,North,Delhi,Debit Card,2024-01,250.0
1741,215140,2024-04-26,Home & Kitchen,Cookware Set,4,1470.35,West,Mumbai,UPI,2024-04,5881.4
1742,237507,2024-07-22,Sports,Yoga Mat,2,2475.94,West,Pune,Debit Card,2024-07,4951.88
1743,108507,2025-01-11,Home & Kitchen,Bedsheet,5,1230.56,South,Kochi,UPI,2025-01,6152.8
1744,232886,2025-08-31,Electronics,Smartwatch,1,1879.1,West,Ahmedabad,Net Banking,2025-08,1879.1
1745,205589,2025-04-15,Fashion,Jacket,5,1459.73,West,Ahmedabad,Cash on Delivery,2025-04,7298.65
1746,117307,2024-03-19,Books,Biography,5,1123.98,West,Mumbai,UPI,2024-03,5619.9
1747,218076,2024-07-18,Books,Textbook,2,50.0,North,Lucknow,UPI,2024-07,100.0
1748,134790,2025-06-26,Home & Kitchen,Lamp,5,50.0,East,Bhubaneswar,Credit Card,2025-06,250.0
1749,219031,2024-06-26,Sports,Dumbbells,4,1031.72,East,Kolkata,Debit Card,2024-06,4126.88
1750,118998,2024-10-17,Sports,Cycling Helmet,5,2143.92,East,Bhubaneswar,Debit Card,2024-10,10719.6
1751,158704,2024-05-06,Books,Textbook,5,50.0,North,Chandigarh,UPI,2024-05,250.0
1752,237843,2025-08-24,Books,Self-Help Book,2,972.69,West,Surat,Net Banking,2025-08,1945.38
1753,108744,2024-04-22,Beauty,Sunscreen,4,1389.58,East,Kolkata,UPI,2024-04,5558.32
1754,193655,2025-09-01,Home & Kitchen,Cookware Set,4,1977.26,South,Hyderabad,Net Banking,2025-09,7909.04
1755,223755,2025-08-06,Beauty,Sunscreen,2,1896.92,South,Hyderabad,UPI,2025-08,3793.84
1756,215720,2024-11-03,Fashion,Sneakers,2,1190.18,West,Mumbai,Debit Card,2024-11,2380.36
1757,124615,2024-06-07,Home & Kitchen,Mixer Grinder,1,50.0,South,Bangalore,UPI,2024-06,50.0
1758,101369,2024-11-24,Beauty,Moisturizer,1,466.88,North,Chandigarh,Net Banking,2024-11,466.88
1759,218501,2025-02-01,Beauty,Moisturizer,1,1739.6,East,Guwahati,UPI,2025-02,1739.6
1760,141605,2025-05-16,Beauty,Shampoo,2,50.0,East,Patna,Net Banking,2025-05,100.0
1761,104053,2025-05-29,Home & Kitchen,Air Fryer,3,1386.97,North,Delhi,Cash on Delivery,2025-05,4160.91
1762,230320,2024-10-11,Home & Kitchen,Lamp,3,1487.87,North,Delhi,Debit Card,2024-10,4463.61
1763,164706,2024-03-23,Electronics,Tablet,3,1715.86,East,Bhubaneswar,Net Banking,2024-03,5147.58
1764,163639,2024-02-24,Beauty,Perfume,3,2258.65,West,Pune,Debit Card,2024-02,6775.95
1765,105141,2025-06-26,Beauty,Perfume,1,342.45,North,Delhi,Debit Card,2025-06,342.45
1766,239859,2025-02-02,Books,Comic,2,1280.78,South,Chennai,Net Banking,2025-02,2561.56
1767,162976,2025-06-05,Beauty,Lipstick,3,1971.38,East,Patna,Credit Card,2025-06,5914.14
1768,100963,2025-10-01,Home & Kitchen,Mixer Grinder,3,1000.63,South,Bangalore,Credit Card,2025-10,3001.89
1769,241199,2024-10-10,Electronics,Laptop,2,2080.51,West,Pune,UPI,2024-10,4161.02
1770,193290,2024-07-15,Fashion,Sneakers,2,2203.51,South,Hyderabad,UPI,2024-07,4407.02
1771,225846,2024-12-31,Home & Kitchen,Mixer Grinder,4,193.99,North,Lucknow,UPI,2024-12,775.96
1772,153391,2024-07-04,Home & Kitchen,Bedsheet,2,2227.4,South,Chennai,Credit Card,2024-07,4454.8
1773,225370,2025-04-15,Home & Kitchen,Cookware Set,3,3495.89,West,Mumbai,Debit Card,2025-04,10487.67
1774,185899,2025-09-05,Home & Kitchen,Cookware Set,1,1809.94,South,Chennai,Credit Card,2025-09,1809.94
1775,131587,2025-05-21,Sports,Cycling Helmet,2,2212.07,North,Chandigarh,Credit Card,2025-05,4424.14
1776,235861,2024-11-11,Electronics,Smartphone,1,1663.8,South,Chennai,UPI,2024-11,1663.8
1777,122794,2024-03-22,Fashion,Sneakers,4,617.69,North,Lucknow,Net Banking,2024-03,2470.76
1778,157709,2025-05-25,Electronics,Smartwatch,3,1280.05,West,Ahmedabad,UPI,2025-05,3840.15
1779,247994,2024-08-28,Fashion,Jacket,3,115.16,North,Chandigarh,Net Banking,2024-08,345.48
1780,124990,2025-04-04,Sports,Yoga Mat,2,714.24,North,Delhi,Cash on Delivery,2025-04,1428.48
1781,188683,2025-06-01,Electronics,Headphones,1,2372.29,South,Hyderabad,UPI,2025-06,2372.29
1782,248311,2024-09-05,Home & Kitchen,Cookware Set,3,132.13,South,Chennai,Debit Card,2024-09,396.39
1783,173555,2024-11-26,Electronics,Smartwatch,4,50.0,West,Pune,Cash on Delivery,2024-11,200.0
1784,235508,2024-03-05,Books,Fiction Novel,3,1431.78,East,Bhubaneswar,Debit Card,2024-03,4295.34
1785,115740,2025-09-02,Sports,Cricket Bat,5,891.09,West,Mumbai,UPI,2025-09,4455.45
1786,248213,2024-11-26,Fashion,Saree,2,1809.69,North,Jaipur,Credit Card,2024-11,3619.38
1787,177973,2025-09-07,Fashion,T-Shirt,4,456.91,West,Pune,UPI,2025-09,1827.64
1788,230493,2025-05-21,Electronics,Smartphone,3,2466.75,South,Kochi,Credit Card,2025-05,7400.25
1789,238871,2025-07-28,Home & Kitchen,Cookware Set,4,516.34,North,Jaipur,Debit Card,2025-07,2065.36
1790,224022,2024-01-11,Sports,Cycling Helmet,1,2756.18,South,Hyderabad,Cash on Delivery,2024-01,2756.18
1791,131941,2024-12-06,Beauty,Lipstick,1,1027.71,South,Hyderabad,Credit Card,2024-12,1027.71
1792,129533,2025-02-01,Books,Fiction Novel,2,2799.01,West,Ahmedabad,Cash on Delivery,2025-02,5598.02
1793,173574,2025-03-20,Home & Kitchen,Air Fryer,1,775.37,East,Guwahati,Credit Card,2025-03,775.37
1794,190769,2024-11-06,Fashion,Jacket,4,2006.16,South,Bangalore,Credit Card,2024-11,8024.64
1795,181518,2024-02-08,Home & Kitchen,Lamp,5,674.22,West,Ahmedabad,Credit Card,2024-02,3371.1
1796,170076,2024-11-09,Fashion,Sneakers,5,600.36,West,Mumbai,Credit Card,2024-11,3001.8
1797,217787,2024-02-19,Books,Textbook,5,2122.76,West,Surat,UPI,2024-02,10613.8
1798,215257,2025-04-25,Fashion,Jacket,1,2817.33,East,Bhubaneswar,UPI,2025-04,2817.33
1799,230909,2025-05-04,Home & Kitchen,Cookware Set,1,1460.72,North,Delhi,Credit Card,2025-05,1460.72
1800,237962,2024-01-12,Beauty,Perfume,5,201.12,West,Surat,Credit Card,2024-01,1005.6
1801,163454,2024-01-16,Electronics,Laptop,3,230.83,East,Patna,Credit Card,2024-01,692.49
1802,208158,2025-09-10,Home & Kitchen,Bedsheet,3,809.11,South,Hyderabad,Debit Card,2025-09,2427.33
1803,235798,2025-01-20,Home & Kitchen,Lamp,4,1977.68,East,Kolkata,Debit Card,2025-01,7910.72
1804,196919,2024-06-25,Fashion,Saree,2,2362.09,South,Chennai,UPI,2024-06,4724.18
1805,218453,2024-10-27,Electronics,Tablet,1,1323.86,North,Lucknow,Credit Card,2024-10,1323.86
1806,193901,2025-08-03,Electronics,Laptop,1,2536.07,East,Patna,UPI,2025-08,2536.07
1807,204877,2024-12-17,Electronics,Laptop,4,2150.85,East,Bhubaneswar,UPI,2024-12,8603.4
1808,144188,2024-06-22,Home & Kitchen,Air Fryer,2,511.41,West,Pune,UPI,2024-06,1022.82
1809,212460,2025-04-07,Electronics,Smartphone,1,1292.35,East,Patna,UPI,2025-04,1292.35
1810,194638,2024-07-05,Books,Textbook,5,50.0,West,Mumbai,Credit Card,2024-07,250.0
1811,155895,2024-03-29,Fashion,Saree,2,1182.3,South,Kochi,Debit Card,2024-03,2364.6
1812,210912,2025-05-16,Beauty,Shampoo,1,2366.76,East,Kolkata,Net Banking,2025-05,2366.76
1813,223958,2024-05-03,Sports,Cycling Helmet,2,2308.07,West,Ahmedabad,Net Banking,2024-05,4616.14
1814,155398,2024-08-17,Home & Kitchen,Lamp,4,1536.48,North,Jaipur,Net Banking,2024-08,6145.92
1815,212603,2025-08-12,Books,Textbook,1,2293.86,South,Chennai,Cash on Delivery,2025-08,2293.86
1816,220721,2024-02-17,Electronics,Tablet,2,1871.45,West,Mumbai,UPI,2024-02,3742.9
1817,247500,2025-06-01,Fashion,T-Shirt,1,1410.05,South,Hyderabad,Debit Card,2025-06,1410.05
1819,246787,2025-07-07,Electronics,Headphones,5,2418.6,East,Guwahati,Credit Card,2025-07,12093.0
1820,244694,2024-09-15,Fashion,Saree,4,2269.62,South,Chennai,UPI,2024-09,9078.48
1821,116726,2024-06-13,Fashion,Saree,2,1563.92,East,Patna,UPI,2024-06,3127.84
1822,144377,2024-03-08,Sports,Cycling Helmet,1,2760.62,West,Surat,UPI,2024-03,2760.62
1823,209437,2025-08-10,Fashion,T-Shirt,2,807.84,East,Patna,Debit Card,2025-08,1615.68
1824,194236,2024-01-20,Books,Biography,2,1479.27,South,Bangalore,UPI,2024-01,2958.54
1825,112424,2025-01-28,Sports,Cricket Bat,4,819.44,East,Patna,Cash on Delivery,2025-01,3277.76
1826,227419,2024-04-17,Books,Fiction Novel,1,630.12,West,Ahmedabad,Credit Card,2024-04,630.12
1827,128472,2025-01-22,Electronics,Headphones,2,1155.25,South,Hyderabad,Credit Card,2025-01,2310.5
1828,126438,2024-08-05,Books,Textbook,1,1327.55,East,Kolkata,Net Banking,2024-08,1327.55
1829,166559,2024-08-30,Beauty,Sunscreen,3,1176.94,West,Surat,UPI,2024-08,3530.82
1830,206338,2024-04-01,Books,Comic,5,675.22,North,Chandigarh,Cash on Delivery,2024-04,3376.1
1831,131520,2024-12-31,Home & Kitchen,Lamp,3,1617.93,West,Surat,UPI,2024-12,4853.79
1832,245544,2025-09-29,Books,Fiction Novel,1,2579.35,South,Kochi,Debit Card,2025-09,2579.35
1834,108773,2024-02-25,Electronics,Tablet,4,799.42,North,Jaipur,Credit Card,2024-02,3197.68
1835,227356,2024-01-19,Home & Kitchen,Bedsheet,4,1713.11,North,Delhi,UPI,2024-01,6852.44
1836,218076,2024-09-29,Electronics,Headphones,1,902.95,East,Kolkata,UPI,2024-09,902.95
1837,146030,2024-08-14,Books,Fiction Novel,1,1586.66,East,Patna,Credit Card,2024-08,1586.66
1838,143400,2025-02-27,Fashion,Jacket,4,2001.82,North,Chandigarh,Net Banking,2025-02,8007.28
1839,234933,2024-02-16,Fashion,T-Shirt,1,473.47,West,Ahmedabad,UPI,2024-02,473.47
1840,220056,2025-02-03,Beauty,Moisturizer,3,678.33,North,Jaipur,UPI,2025-02,2034.99
1841,213742,2024-07-08,Home & Kitchen,Bedsheet,5,50.0,South,Hyderabad,Cash on Delivery,2024-07,250.0
1842,109513,2024-06-15,Electronics,Laptop,2,891.44,South,Chennai,UPI,2024-06,1782.88
1843,118877,2024-07-24,Sports,Cricket Bat,5,2838.96,North,Jaipur,Credit Card,2024-07,14194.8
1844,100739,2024-10-20,Books,Self-Help Book,1,1920.09,West,Surat,Cash on Delivery,2024-10,1920.09
1845,117138,2024-05-02,Sports,Cycling Helmet,3,1378.3,South,Hyderabad,UPI,2024-05,4134.9
1846,184266,2025-04-11,Beauty,Sunscreen,1,1283.47,North,Lucknow,Cash on Delivery,2025-04,1283.47
1847,173515,2024-05-08,Home & Kitchen,Cookware Set,5,1800.99,South,Chennai,Credit Card,2024-05,9004.95
1848,219167,2025-05-25,Beauty,Moisturizer,1,887.12,West,Mumbai,UPI,2025-05,887.12
1849,194361,2025-04-29,Beauty,Sunscreen,3,1754.04,West,Ahmedabad,UPI,2025-04,5262.12
1850,104554,2024-11-05,Electronics,Headphones,5,1362.95,East,Bhubaneswar,Credit Card,2024-11,6814.75
1851,135724,2025-05-22,Electronics,Smartphone,1,1348.41,North,Delhi,Credit Card,2025-05,1348.41
1852,135215,2025-06-12,Fashion,Jacket,5,1812.96,West,Surat,Credit Card,2025-06,9064.8
1853,207071,2025-01-16,Home & Kitchen,Bedsheet,1,1350.59,West,Mumbai,Net Banking,2025-01,1350.59
1854,227596,2025-03-21,Electronics,Smartphone,3,2545.99,South,Chennai,Debit Card,2025-03,7637.97
1855,166363,2025-02-02,Electronics,Tablet,1,1635.82,West,Ahmedabad,UPI,2025-02,1635.82
1856,229599,2025-01-26,Books,Biography,4,1470.78,North,Chandigarh,UPI,2025-01,5883.12
1857,122461,2024-10-16,Home & Kitchen,Mixer Grinder,2,565.77,East,Bhubaneswar,UPI,2024-10,1131.54
1858,213546,2025-05-25,Beauty,Sunscreen,2,2384.98,North,Delhi,UPI,2025-05,4769.96
1859,210858,2024-09-08,Beauty,Perfume,5,3746.7,South,Chennai,Credit Card,2024-09,18733.5
1860,238616,2024-08-11,Sports,Cycling Helmet,4,1434.5,West,Ahmedabad,Credit Card,2024-08,5738.0
1861,133788,2024-09-27,Sports,Cycling Helmet,1,1528.67,East,Patna,Net Banking,2024-09,1528.67
1862,152533,2024-08-13,Fashion,Jeans,1,2083.17,South,Bangalore,Debit Card,2024-08,2083.17
1863,130136,2024-01-14,Books,Textbook,4,1971.47,North,Chandigarh,UPI,2024-01,7885.88
1864,140997,2025-09-08,Home & Kitchen,Air Fryer,4,1731.66,West,Mumbai,Credit Card,2025-09,6926.64
1865,156874,2024-12-18,Books,Self-Help Book,4,1168.6,West,Surat,Debit Card,2024-12,4674.4
1866,129484,2025-01-31,Home & Kitchen,Air Fryer,5,1203.11,North,Chandigarh,Cash on Delivery,2025-01,6015.55
1867,194754,2024-05-15,Electronics,Smartphone,2,2233.69,North,Jaipur,Credit Card,2024-05,4467.38
1868,201350,2024-07-04,Sports,Yoga Mat,4,932.42,West,Ahmedabad,Credit Card,2024-07,3729.68
1869,193042,2024-09-20,Electronics,Laptop,1,1499.65,South,Bangalore,UPI,2024-09,1499.65
1870,132283,2024-10-31,Sports,Football,5,251.66,East,Kolkata,UPI,2024-10,1258.3
1871,100526,2024-11-11,Electronics,Laptop,2,2039.27,North,Lucknow,Net Banking,2024-11,4078.54
1872,249210,2024-06-22,Fashion,T-Shirt,1,1447.72,North,Lucknow,UPI,2024-06,1447.72
1873,124695,2024-10-23,Beauty,Moisturizer,5,1224.47,South,Chennai,Net Banking,2024-10,6122.35
1874,119283,2024-12-06,Books,Comic,4,3211.78,South,Kochi,UPI,2024-12,12847.12
1875,180115,2025-06-01,Home & Kitchen,Lamp,5,725.04,South,Hyderabad,UPI,2025-06,3625.2
1876,104468,2024-05-30,Electronics,Laptop,4,2387.93,South,Chennai,Cash on Delivery,2024-05,9551.72
1877,186689,2024-08-13,Fashion,Jacket,3,1896.9,South,Chennai,Net Banking,2024-08,5690.7
1878,216346,2024-01-08,Books,Biography,4,2202.28,South,Kochi,UPI,2024-01,8809.12
1879,238414,2025-08-12,Sports,Cricket Bat,4,1307.5,West,Mumbai,Credit Card,2025-08,5230.0
1880,178740,2024-02-16,Electronics,Smartphone,5,2217.28,North,Jaipur,Credit Card,2024-02,11086.4
1881,144483,2024-12-10,Home & Kitchen,Bedsheet,1,1270.39,South,Kochi,Credit Card,2024-12,1270.39
1882,183803,2024-09-20,Fashion,T-Shirt,5,2656.44,West,Mumbai,Credit Card,2024-09,13282.2
1883,112908,2025-07-07,Fashion,Saree,1,1475.12,West,Pune,UPI,2025-07,1475.12
1884,212363,2024-05-23,Books,Textbook,1,2703.49,South,Hyderabad,Debit Card,2024-05,2703.49
1885,242345,2025-09-30,Beauty,Shampoo,5,2084.85,South,Chennai,Credit Card,2025-09,10424.25
1886,227068,2025-04-10,Fashion,T-Shirt,1,923.42,South,Kochi,Credit Card,2025-04,923.42
1887,191118,2025-02-23,Beauty,Shampoo,4,692.49,West,Surat,UPI,2025-02,2769.96
1888,179745,2024-05-11,Home & Kitchen,Air Fryer,2,130.06,North,Chandigarh,Cash on Delivery,2024-05,260.12
1889,224361,2024-01-05,Electronics,Headphones,2,2791.69,West,Pune,Net Banking,2024-01,5583.38
1890,211476,2024-09-19,Home & Kitchen,Air Fryer,3,1447.94,North,Jaipur,UPI,2024-09,4343.82
1891,218458,2024-08-25,Fashion,T-Shirt,3,2157.16,West,Mumbai,Debit Card,2024-08,6471.48
1892,154633,2024-07-18,Fashion,Jacket,2,1643.76,South,Hyderabad,Debit Card,2024-07,3287.52
1893,140091,2024-07-08,Books,Self-Help Book,1,2035.91,West,Surat,Cash on Delivery,2024-07,2035.91
1894,219782,2024-05-01,Sports,Football,1,2886.24,East,Bhubaneswar,Cash on Delivery,2024-05,2886.24
1895,119407,2024-01-11,Electronics,Smartphone,3,862.03,West,Surat,Cash on Delivery,2024-01,2586.09
1896,186113,2025-01-16,Books,Textbook,4,729.53,East,Bhubaneswar,Credit Card,2025-01,2918.12
1897,237537,2025-07-09,Beauty,Lipstick,3,2095.57,West,Pune,Credit Card,2025-07,6286.71
1898,130332,2024-06-17,Books,Self-Help Book,1,2088.92,North,Jaipur,Credit Card,2024-06,2088.92
1899,170423,2024-06-11,Sports,Football,3,50.0,West,Mumbai,Credit Card,2024-06,150.0
1900,211737,2024-08-04,Home & Kitchen,Bedsheet,2,3083.87,North,Delhi,Credit Card,2024-08,6167.74
1901,227653,2025-04-08,Beauty,Sunscreen,1,2224.56,West,Pune,Debit Card,2025-04,2224.56
1902,227743,2025-03-17,Beauty,Sunscreen,4,1651.55,East,Bhubaneswar,Cash on Delivery,2025-03,6606.2
1903,184210,2024-08-22,Sports,Cricket Bat,3,728.28,North,Chandigarh,Cash on Delivery,2024-08,2184.84
1904,247324,2025-01-16,Fashion,Jeans,3,1168.6,West,Surat,UPI,2025-01,3505.8
1905,175237,2025-06-09,Fashion,T-Shirt,5,759.64,West,Mumbai,Net Banking,2025-06,3798.2
1906,213792,2024-12-30,Fashion,Jacket,4,547.88,East,Patna,Net Banking,2024-12,2191.52
1907,114921,2025-09-03,Fashion,Jacket,1,2078.85,West,Ahmedabad,Credit Card,2025-09,2078.85
1908,118314,2024-08-07,Electronics,Tablet,4,2653.72,North,Chandigarh,Cash on Delivery,2024-08,10614.88
1909,160271,2024-01-05,Electronics,Smartphone,3,1957.14,East,Bhubaneswar,UPI,2024-01,5871.42
1910,243206,2025-04-27,Books,Comic,2,2163.37,West,Pune,Net Banking,2025-04,4326.74
1911,142592,2024-01-04,Electronics,Smartphone,2,1203.11,East,Patna,Credit Card,2024-01,2406.22
1912,236977,2024-06-21,Books,Biography,5,1111.81,East,Patna,UPI,2024-06,5559.05
1913,125711,2025-04-23,Electronics,Headphones,3,3390.33,South,Hyderabad,Credit Card,2025-04,10170.99
1914,166795,2025-01-20,Sports,Football,3,2032.2,South,Bangalore,Credit Card,2025-01,6096.6
1915,238022,2024-05-20,Fashion,Sneakers,3,3166.29,South,Chennai,Credit Card,2024-05,9498.87
1916,218946,2024-08-15,Beauty,Moisturizer,5,1154.41,North,Lucknow,UPI,2024-08,5772.05
1917,114376,2024-12-02,Fashion,Jacket,5,1817.58,West,Surat,Credit Card,2024-12,9087.9
1918,237817,2024-05-28,Home & Kitchen,Bedsheet,4,3300.78,West,Surat,Credit Card,2024-05,13203.12
1919,192674,2025-07-17,Home & Kitchen,Mixer Grinder,3,1593.6,South,Hyderabad,UPI,2025-07,4780.8
1920,149835,2024-10-02,Beauty,Moisturizer,1,2029.54,North,Chandigarh,Debit Card,2024-10,2029.54
1921,205124,2025-06-02,Home & Kitchen,Cookware Set,5,1565.47,South,Hyderabad,UPI,2025-06,7827.35
1922,150033,2024-04-20,Beauty,Perfume,3,2120.62,North,Lucknow,UPI,2024-04,6361.86
1923,236637,2024-03-10,Sports,Cricket Bat,5,1976.37,East,Kolkata,Credit Card,2024-03,9881.85
1924,207990,2025-02-01,Home & Kitchen,Air Fryer,1,1151.15,North,Delhi,Cash on Delivery,2025-02,1151.15
1925,138057,2024-06-17,Home & Kitchen,Lamp,4,1646.04,South,Kochi,Cash on Delivery,2024-06,6584.16
1926,229266,2025-09-10,Electronics,Smartwatch,1,2389.42,North,Delhi,UPI,2025-09,2389.42
1927,221530,2024-10-03,Home & Kitchen,Cookware Set,2,1816.66,West,Mumbai,Credit Card,2024-10,3633.32
1928,208525,2024-04-26,Electronics,Headphones,1,1635.48,South,Hyderabad,UPI,2024-04,1635.48
1929,249823,2025-07-27,Fashion,Jeans,5,1586.44,South,Bangalore,Credit Card,2025-07,7932.2
1930,164929,2025-07-07,Books,Comic,1,2058.73,West,Mumbai,Net Banking,2025-07,2058.73
1931,235039,2024-09-09,Electronics,Headphones,3,1071.71,West,Mumbai,UPI,2024-09,3215.13
1932,197317,2025-06-16,Home & Kitchen,Cookware Set,2,2245.97,East,Patna,UPI,2025-06,4491.94
1933,233518,2025-04-28,Books,Self-Help Book,5,201.11,South,Bangalore,UPI,2025-04,1005.55
1934,175881,2024-04-21,Books,Comic,4,76.0,East,Patna,UPI,2024-04,304.0
1935,240579,2025-01-21,Electronics,Smartwatch,5,50.0,South,Hyderabad,Credit Card,2025-01,250.0
1936,242521,2024-12-07,Electronics,Headphones,3,1574.15,North,Chandigarh,UPI,2024-12,4722.45
1937,243970,2024-04-08,Home & Kitchen,Cookware Set,5,688.72,East,Bhubaneswar,Cash on Delivery,2024-04,3443.6
1938,102091,2024-11-20,Beauty,Shampoo,2,1969.76,West,Mumbai,UPI,2024-11,3939.52
1939,205662,2025-05-01,Books,Fiction Novel,4,1358.49,South,Bangalore,Debit Card,2025-05,5433.96
1940,242854,2024-04-05,Fashion,Jacket,2,1894.67,North,Chandigarh,UPI,2024-04,3789.34
1941,179243,2025-03-18,Electronics,Tablet,1,1520.64,West,Ahmedabad,Net Banking,2025-03,1520.64
1942,157892,2024-11-12,Fashion,Jacket,2,824.57,North,Chandigarh,Credit Card,2024-11,1649.14
1943,215782,2024-02-23,Books,Textbook,1,333.29,West,Pune,Debit Card,2024-02,333.29
1944,135493,2024-01-22,Electronics,Tablet,2,793.93,East,Guwahati,Debit Card,2024-01,1587.86
1945,172351,2025-04-26,Home & Kitchen,Mixer Grinder,2,2449.56,East,Kolkata,UPI,2025-04,4899.12
1946,198140,2025-03-02,Electronics,Tablet,4,431.54,West,Pune,UPI,2025-03,1726.16
1947,174053,2024-03-15,Electronics,Tablet,1,1283.47,North,Chandigarh,Net Banking,2024-03,1283.47
1948,189695,2024-12-11,Books,Fiction Novel,4,3283.87,West,Mumbai,Debit Card,2024-12,13135.48
1949,124895,2025-09-20,Electronics,Headphones,3,2971.55,South,Chennai,UPI,2025-09,8914.65
1950,122644,2025-09-07,Fashion,Sneakers,4,3084.05,West,Mumbai,Credit Card,2025-09,12336.2
1951,106304,2024-05-24,Books,Textbook,4,2373.8,North,Chandigarh,Debit Card,2024-05,9495.2
1952,104409,2024-08-31,Beauty,Moisturizer,4,347.55,North,Lucknow,UPI,2024-08,1390.2
1953,192895,2024-02-04,Electronics,Laptop,4,2020.77,North,Lucknow,Debit Card,2024-02,8083.08
1954,120612,2025-03-23,Home & Kitchen,Air Fryer,3,1149.48,South,Kochi,UPI,2025-03,3448.44
1955,178916,2025-04-02,Books,Textbook,3,1180.35,South,Hyderabad,UPI,2025-04,3541.05
1956,122308,2024-03-21,Home & Kitchen,Cookware Set,2,1588.14,North,Jaipur,Debit Card,2024-03,3176.28
1957,182585,2024-01-02,Beauty,Moisturizer,5,452.76,East,Bhubaneswar,Debit Card,2024-01,2263.8
1958,183999,2024-08-31,Beauty,Sunscreen,1,722.98,West,Mumbai,Net Banking,2024-08,722.98
1959,115550,2024-01-16,Beauty,Shampoo,5,229.42,West,Ahmedabad,UPI,2024-01,1147.1
1960,123420,2024-04-19,Fashion,Jeans,1,918.0,South,Chennai,Credit Card,2024-04,918.0
1961,165667,2025-04-08,Books,Biography,2,2048.24,East,Patna,Credit Card,2025-04,4096.48
1962,150039,2024-06-04,Books,Textbook,4,1627.78,South,Bangalore,UPI,2024-06,6511.12
1963,115149,2024-03-22,Electronics,Laptop,2,1640.43,East,Kolkata,Cash on Delivery,2024-03,3280.86
1964,158247,2025-06-15,Sports,Dumbbells,2,3360.02,West,Pune,Debit Card,2025-06,6720.04
1965,166451,2024-11-18,Sports,Football,1,1034.5,West,Mumbai,Net Banking,2024-11,1034.5
1966,126363,2024-08-03,Sports,Dumbbells,1,756.37,North,Lucknow,UPI,2024-08,756.37
1967,174822,2025-04-28,Home & Kitchen,Mixer Grinder,1,1227.97,North,Chandigarh,Net Banking,2025-04,1227.97
1968,244616,2025-09-29,Home & Kitchen,Bedsheet,4,1078.27,North,Jaipur,Credit Card,2025-09,4313.08
1969,126771,2025-03-13,Books,Self-Help Book,5,1568.11,East,Bhubaneswar,UPI,2025-03,7840.55
1970,205355,2024-07-13,Electronics,Headphones,1,1201.51,South,Kochi,Debit Card,2024-07,1201.51
1971,225380,2024-07-25,Sports,Football,3,1059.31,North,Delhi,Net Banking,2024-07,3177.93
1972,238207,2024-04-26,Books,Fiction Novel,2,2452.22,East,Guwahati,UPI,2024-04,4904.44
1973,238078,2024-07-24,Sports,Cricket Bat,3,895.96,West,Pune,UPI,2024-07,2687.88
1974,165450,2025-07-27,Home & Kitchen,Lamp,3,3221.94,North,Chandigarh,Debit Card,2025-07,9665.82
1975,107079,2025-09-03,Beauty,Lipstick,3,50.0,West,Pune,Debit Card,2025-09,150.0
1976,209710,2024-03-04,Electronics,Smartwatch,1,1754.38,East,Patna,Debit Card,2024-03,1754.38
1977,197374,2025-09-05,Books,Textbook,1,1129.4,South,Kochi,Debit Card,2025-09,1129.4
1978,201142,2024-09-22,Home & Kitchen,Cookware Set,3,1996.28,North,Delhi,Cash on Delivery,2024-09,5988.84
1979,132435,2025-06-25,Electronics,Headphones,1,1443.97,South,Kochi,UPI,2025-06,1443.97
1980,227957,2024-06-25,Sports,Cycling Helmet,4,753.23,South,Kochi,Credit Card,2024-06,3012.92
1981,219367,2024-10-12,Beauty,Moisturizer,3,2239.72,South,Bangalore,Debit Card,2024-10,6719.16
1982,235977,2024-04-03,Beauty,Lipstick,1,50.0,West,Ahmedabad,UPI,2024-04,50.0
1983,104031,2024-01-16,Electronics,Laptop,1,50.0,East,Guwahati,UPI,2024-01,50.0
1984,114830,2024-12-14,Sports,Football,5,785.18,North,Chandigarh,Credit Card,2024-12,3925.9
1985,243176,2024-11-23,Beauty,Sunscreen,5,2053.88,South,Hyderabad,UPI,2024-11,10269.4
1986,192470,2024-03-03,Sports,Yoga Mat,3,143.45,West,Ahmedabad,Net Banking,2024-03,430.35
1987,146992,2025-02-07,Sports,Yoga Mat,3,1850.28,South,Hyderabad,Debit Card,2025-02,5550.84
1988,111158,2024-03-02,Fashion,Saree,5,1608.97,West,Mumbai,UPI,2024-03,8044.85
1989,111881,2025-01-31,Fashion,Sneakers,1,1697.11,East,Guwahati,Credit Card,2025-01,1697.11
1990,102809,2025-08-15,Books,Fiction Novel,4,1530.34,East,Guwahati,UPI,2025-08,6121.36
1991,214267,2025-03-09,Beauty,Shampoo,4,2256.44,East,Patna,Cash on Delivery,2025-03,9025.76
1992,126980,2025-05-23,Home & Kitchen,Cookware Set,4,976.83,West,Pune,Net Banking,2025-05,3907.32
1993,246391,2025-04-14,Fashion,Jacket,4,1569.42,South,Chennai,UPI,2025-04,6277.68
1994,212170,2024-05-16,Beauty,Sunscreen,2,50.0,West,Ahmedabad,Net Banking,2024-05,100.0
1995,170730,2025-07-06,Sports,Cricket Bat,5,1663.32,West,Ahmedabad,UPI,2025-07,8316.6
1996,132231,2024-08-11,Electronics,Smartphone,5,2279.6,East,Patna,Net Banking,2024-08,11398.0
1997,153153,2024-12-06,Beauty,Moisturizer,5,2246.23,East,Guwahati,Net Banking,2024-12,11231.15
1998,246602,2024-05-16,Books,Comic,1,2592.46,East,Kolkata,Credit Card,2024-05,2592.46
1999,227863,2024-08-07,Fashion,Saree,3,3263.68,North,Chandigarh,Debit Card,2024-08,9791.04
2000,167635,2024-05-17,Fashion,Sneakers,3,1208.79,North,Chandigarh,UPI,2024-05,3626.37
2001,225999,2024-06-19,Books,Textbook,1,1648.67,North,Jaipur,Debit Card,2024-06,1648.67
2002,125931,2025-06-26,Electronics,Smartphone,1,2541.53,South,Kochi,UPI,2025-06,2541.53
2003,159524,2025-07-01,Home & Kitchen,Lamp,1,3322.32,East,Bhubaneswar,Credit Card,2025-07,3322.32
2004,232007,2025-07-30,Home & Kitchen,Cookware Set,5,1154.31,North,Lucknow,Credit Card,2025-07,5771.55
2005,211641,2024-10-19,Sports,Football,5,2503.56,North,Chandigarh,UPI,2024-10,12517.8
2006,133012,2025-06-19,Electronics,Smartwatch,4,955.05,North,Chandigarh,UPI,2025-06,3820.2
2007,118184,2025-06-06,Home & Kitchen,Bedsheet,3,545.56,North,Jaipur,UPI,2025-06,1636.68
2008,157344,2025-08-28,Electronics,Headphones,4,293.38,North,Lucknow,Net Banking,2025-08,1173.52
2009,223184,2025-02-10,Sports,Football,3,859.42,West,Pune,UPI,2025-02,2578.26
2011,175852,2025-05-29,Home & Kitchen,Air Fryer,4,728.54,South,Chennai,Credit Card,2025-05,2914.16
2012,147466,2024-11-25,Home & Kitchen,Mixer Grinder,4,1624.94,East,Guwahati,Cash on Delivery,2024-11,6499.76
2013,233046,2025-02-24,Electronics,Headphones,5,624.27,East,Bhubaneswar,UPI,2025-02,3121.35
2014,180989,2024-02-13,Books,Fiction Novel,4,94.94,West,Pune,Credit Card,2024-02,379.76
2015,152763,2024-01-20,Beauty,Sunscreen,2,795.47,North,Jaipur,Net Banking,2024-01,1590.94
2016,204269,2025-08-09,Fashion,Saree,5,938.18,East,Guwahati,Net Banking,2025-08,4690.9
2017,229732,2025-06-12,Home & Kitchen,Cookware Set,5,2814.39,East,Patna,Net Banking,2025-06,14071.95
2018,133025,2024-10-11,Sports,Cycling Helmet,1,3041.51,West,Pune,Cash on Delivery,2024-10,3041.51
2019,143799,2024-09-04,Sports,Dumbbells,1,2401.41,South,Kochi,Cash on Delivery,2024-09,2401.41
2020,100496,2024-04-24,Home & Kitchen,Bedsheet,5,50.0,East,Guwahati,Net Banking,2024-04,250.0
2021,157662,2025-07-30,Fashion,Jacket,2,1244.63,South,Bangalore,UPI,2025-07,2489.26
2022,149530,2024-08-02,Beauty,Shampoo,4,519.16,West,Mumbai,Debit Card,2024-08,2076.64
2023,210423,2024-02-15,Beauty,Shampoo,2,1453.25,South,Bangalore,Credit Card,2024-02,2906.5
2024,202967,2025-02-25,Beauty,Lipstick,1,1636.56,West,Pune,Cash on Delivery,2025-02,1636.56
2025,156714,2025-01-06,Electronics,Laptop,3,578.49,East,Patna,UPI,2025-01,1735.47
2026,191347,2024-05-19,Home & Kitchen,Mixer Grinder,1,3256.34,South,Kochi,Credit Card,2024-05,3256.34
2027,246240,2025-05-31,Beauty,Sunscreen,3,2633.0,West,Mumbai,Debit Card,2025-05,7899.0
2028,115356,2025-04-29,Books,Biography,3,2493.65,East,Kolkata,Debit Card,2025-04,7480.95
2029,224876,2025-04-24,Beauty,Perfume,1,2145.21,North,Delhi,Net Banking,2025-04,2145.21
2030,132577,2024-11-05,Home & Kitchen,Lamp,1,1515.81,South,Kochi,UPI,2024-11,1515.81
2031,112964,2025-09-06,Beauty,Lipstick,2,1056.13,South,Chennai,Cash on Delivery,2025-09,2112.26
2032,129357,2025-04-05,Fashion,T-Shirt,4,3123.45,North,Delhi,Cash on Delivery,2025-04,12493.8
2033,143276,2024-03-17,Electronics,Laptop,3,1852.35,West,Mumbai,Debit Card,2024-03,5557.05
2034,187192,2025-05-04,Sports,Football,1,1280.69,South,Chennai,Credit Card,2025-05,1280.69
2035,143541,2024-01-17,Books,Comic,1,1484.74,East,Guwahati,Debit Card,2024-01,1484.74
2036,215145,2025-05-10,Books,Biography,2,1498.56,North,Delhi,UPI,2025-05,2997.12
2037,170664,2025-06-13,Beauty,Moisturizer,2,1727.64,South,Chennai,UPI,2025-06,3455.28
2038,106253,2024-06-19,Electronics,Smartphone,2,1823.01,South,Bangalore,Credit Card,2024-06,3646.02
2039,209081,2025-09-29,Books,Biography,5,3907.11,West,Pune,UPI,2025-09,19535.55
2040,215263,2024-01-05,Home & Kitchen,Lamp,5,1420.01,South,Bangalore,Debit Card,2024-01,7100.05
2041,120217,2024-01-07,Fashion,Jacket,1,3108.19,North,Lucknow,Net Banking,2024-01,3108.19
2042,237746,2024-04-27,Books,Textbook,5,886.11,South,Bangalore,Net Banking,2024-04,4430.55
2043,112927,2025-05-15,Sports,Dumbbells,4,50.0,West,Ahmedabad,Cash on Delivery,2025-05,200.0
2044,146147,2025-08-30,Sports,Dumbbells,1,3838.6,East,Guwahati,Net Banking,2025-08,3838.6
2045,111633,2024-01-23,Fashion,Jeans,3,1915.92,West,Surat,Debit Card,2024-01,5747.76
2047,184464,2025-08-06,Home & Kitchen,Lamp,5,1312.86,West,Mumbai,UPI,2025-08,6564.3
2048,109911,2025-09-27,Beauty,Shampoo,4,1236.94,East,Patna,UPI,2025-09,4947.76
2049,153144,2024-10-12,Sports,Yoga Mat,3,2694.13,North,Jaipur,UPI,2024-10,8082.39
2050,188510,2024-07-07,Beauty,Moisturizer,3,1435.55,West,Ahmedabad,Cash on Delivery,2024-07,4306.65
2051,118748,2025-09-01,Fashion,Saree,5,1832.3,West,Ahmedabad,UPI,2025-09,9161.5
2052,145107,2025-03-17,Fashion,Sneakers,1,733.07,East,Guwahati,Credit Card,2025-03,733.07
2053,160590,2025-02-07,Home & Kitchen,Bedsheet,2,435.79,South,Bangalore,Debit Card,2025-02,871.58
2054,130900,2024-09-25,Books,Comic,1,50.0,East,Patna,UPI,2024-09,50.0
2055,215503,2024-02-21,Sports,Cricket Bat,3,3787.28,West,Pune,Debit Card,2024-02,11361.84
2056,100245,2025-09-02,Home & Kitchen,Cookware Set,3,118.63,North,Lucknow,Debit Card,2025-09,355.89
2057,186359,2024-06-30,Sports,Cycling Helmet,2,1871.74,West,Surat,Credit Card,2024-06,3743.48
2058,167607,2024-08-22,Sports,Cricket Bat,3,50.0,North,Chandigarh,Credit Card,2024-08,150.0
2059,145591,2024-12-26,Home & Kitchen,Air Fryer,5,2416.96,East,Bhubaneswar,UPI,2024-12,12084.8
2060,182205,2025-07-30,Home & Kitchen,Air Fryer,1,2028.64,West,Pune,UPI,2025-07,2028.64
2061,190448,2025-09-12,Books,Textbook,5,1061.88,East,Patna,UPI,2025-09,5309.4
2062,223153,2025-09-05,Beauty,Moisturizer,3,2106.45,East,Patna,Credit Card,2025-09,6319.35
2063,238530,2024-03-14,Electronics,Smartphone,3,1665.39,North,Delhi,Credit Card,2024-03,4996.17
2064,169066,2024-04-10,Sports,Dumbbells,3,2040.07,West,Surat,Cash on Delivery,2024-04,6120.21
2065,102682,2025-09-29,Beauty,Lipstick,4,1586.79,North,Jaipur,Debit Card,2025-09,6347.16
2066,115705,2025-01-28,Beauty,Shampoo,5,1100.56,South,Bangalore,UPI,2025-01,5502.8
2067,181332,2024-01-05,Sports,Yoga Mat,4,880.48,East,Kolkata,Net Banking,2024-01,3521.92
2068,207850,2025-04-01,Books,Self-Help Book,2,2410.83,East,Bhubaneswar,Cash on Delivery,2025-04,4821.66
2069,234963,2024-08-17,Fashion,Jacket,5,669.54,East,Kolkata,Credit Card,2024-08,3347.7
2070,205017,2024-02-10,Home & Kitchen,Lamp,4,1260.86,East,Patna,Cash on Delivery,2024-02,5043.44
2071,133836,2024-10-15,Fashion,T-Shirt,1,1910.83,North,Chandigarh,Debit Card,2024-10,1910.83
2072,220983,2025-08-08,Beauty,Perfume,2,1040.09,West,Pune,UPI,2025-08,2080.18
2073,122266,2025-02-26,Home & Kitchen,Lamp,1,1668.28,East,Guwahati,Cash on Delivery,2025-02,1668.28
2074,168960,2024-04-10,Home & Kitchen,Cookware Set,5,754.46,South,Chennai,UPI,2024-04,3772.3
2075,125421,2024-08-08,Sports,Yoga Mat,2,1552.81,West,Ahmedabad,Net Banking,2024-08,3105.62
2076,192899,2025-03-21,Home & Kitchen,Bedsheet,3,2292.46,North,Jaipur,Debit Card,2025-03,6877.38
2077,128127,2025-08-30,Home & Kitchen,Air Fryer,5,1413.39,South,Hyderabad,UPI,2025-08,7066.95
2078,206253,2025-06-26,Home & Kitchen,Lamp,2,2765.87,North,Chandigarh,UPI,2025-06,5531.74
2079,112827,2025-05-10,Fashion,Jeans,1,666.13,West,Pune,Cash on Delivery,2025-05,666.13
2080,154932,2025-07-21,Electronics,Laptop,3,3263.79,East,Patna,UPI,2025-07,9791.37
2081,196765,2024-10-18,Sports,Dumbbells,3,1375.63,South,Kochi,UPI,2024-10,4126.89
2083,166492,2024-05-08,Fashion,Jacket,5,328.71,South,Hyderabad,UPI,2024-05,1643.55
2084,166542,2024-10-12,Sports,Dumbbells,2,143.21,North,Jaipur,UPI,2024-10,286.42
2085,173910,2024-03-09,Electronics,Smartphone,2,1699.09,North,Lucknow,UPI,2024-03,3398.18
2086,113319,2024-03-26,Beauty,Moisturizer,3,1688.63,North,Lucknow,Credit Card,2024-03,5065.89
2087,146480,2024-05-29,Sports,Dumbbells,4,2002.04,West,Ahmedabad,Cash on Delivery,2024-05,8008.16
2088,188072,2024-08-22,Beauty,Perfume,3,141.15,North,Chandigarh,Net Banking,2024-08,423.45
2089,217878,2024-12-18,Fashion,Jacket,5,1858.33,North,Delhi,Credit Card,2024-12,9291.65
2091,137815,2024-06-25,Books,Biography,4,1202.48,North,Jaipur,UPI,2024-06,4809.92
2092,180351,2025-03-24,Fashion,Jacket,2,2646.34,East,Kolkata,Debit Card,2025-03,5292.68
2093,139212,2024-05-02,Sports,Football,3,448.19,East,Bhubaneswar,Credit Card,2024-05,1344.57
2094,153749,2025-04-24,Fashion,Jeans,2,1364.74,West,Surat,UPI,2025-04,2729.48
2095,145308,2025-04-21,Electronics,Smartwatch,5,609.15,North,Delhi,UPI,2025-04,3045.75
2096,223555,2024-07-21,Sports,Cricket Bat,4,3136.48,West,Pune,Credit Card,2024-07,12545.92
2097,220313,2025-06-07,Books,Textbook,3,2491.41,West,Pune,Debit Card,2025-06,7474.23
2098,236456,2025-08-15,Books,Fiction Novel,1,1666.45,East,Patna,Cash on Delivery,2025-08,1666.45
2099,114892,2024-11-19,Sports,Cricket Bat,5,1532.91,West,Surat,Debit Card,2024-11,7664.55
2100,238862,2024-08-10,Fashion,Sneakers,4,1347.1,North,Jaipur,Cash on Delivery,2024-08,5388.4
2101,150525,2024-11-15,Books,Fiction Novel,2,1750.79,North,Lucknow,Net Banking,2024-11,3501.58
2102,178678,2024-11-27,Sports,Yoga Mat,3,2059.02,South,Hyderabad,UPI,2024-11,6177.06
2103,180142,2024-11-08,Fashion,Jacket,4,2748.15,West,Pune,Debit Card,2024-11,10992.6
2104,132919,2024-01-10,Electronics,Tablet,1,2317.5,West,Surat,Credit Card,2024-01,2317.5
2105,204652,2024-10-21,Books,Fiction Novel,3,1235.09,West,Mumbai,Debit Card,2024-10,3705.27
2106,249021,2024-07-08,Fashion,Sneakers,5,513.21,South,Bangalore,Net Banking,2024-07,2566.05
2107,215096,2025-03-28,Sports,Cycling Helmet,1,1260.93,North,Chandigarh,UPI,2025-03,1260.93
2108,207977,2024-04-04,Electronics,Smartphone,3,1940.13,South,Chennai,Debit Card,2024-04,5820.39
2109,168156,2025-03-06,Fashion,Jacket,5,50.0,East,Guwahati,Credit Card,2025-03,250.0
2110,120738,2025-07-04,Fashion,Jacket,4,1849.75,North,Lucknow,UPI,2025-07,7399.0
2111,151092,2024-02-28,Fashion,Sneakers,3,50.0,East,Guwahati,Debit Card,2024-02,150.0
2112,197843,2024-10-15,Sports,Football,5,1642.79,West,Pune,UPI,2024-10,8213.95
2113,190451,2024-10-11,Books,Biography,5,1223.08,South,Kochi,UPI,2024-10,6115.4
2114,137149,2025-06-21,Books,Textbook,2,754.33,East,Patna,UPI,2025-06,1508.66
2115,132251,2024-07-11,Sports,Cycling Helmet,3,2294.99,South,Chennai,UPI,2024-07,6884.97
2116,229969,2024-12-01,Fashion,Jacket,4,50.0,South,Bangalore,Net Banking,2024-12,200.0
2117,109884,2024-12-16,Books,Textbook,4,1380.47,North,Jaipur,Net Banking,2024-12,5521.88
2118,129629,2024-04-04,Beauty,Perfume,3,937.95,North,Lucknow,Debit Card,2024-04,2813.85
2119,147280,2024-09-19,Beauty,Moisturizer,4,2868.65,South,Bangalore,UPI,2024-09,11474.6
2120,237191,2024-01-25,Sports,Yoga Mat,5,1946.93,West,Ahmedabad,Credit Card,2024-01,9734.65
2121,100810,2024-02-05,Sports,Dumbbells,2,2129.85,North,Chandigarh,Net Banking,2024-02,4259.7
2122,194908,2025-02-21,Books,Biography,5,2423.7,South,Kochi,Debit Card,2025-02,12118.5
2123,198677,2025-09-17,Beauty,Perfume,4,965.73,North,Lucknow,Debit Card,2025-09,3862.92
2124,159699,2024-11-08,Beauty,Sunscreen,2,681.72,South,Hyderabad,Credit Card,2024-11,1363.44
2125,246900,2025-02-18,Sports,Football,5,1307.37,South,Chennai,UPI,2025-02,6536.85
2126,186931,2025-08-25,Fashion,Jacket,4,2146.22,East,Guwahati,UPI,2025-08,8584.88
2127,243964,2024-09-19,Fashion,Jacket,2,1020.64,West,Mumbai,Debit Card,2024-09,2041.28
2128,129151,2024-07-08,Beauty,Perfume,2,2055.33,West,Pune,Net Banking,2024-07,4110.66
2129,128361,2025-05-24,Electronics,Smartphone,2,2269.01,North,Delhi,UPI,2025-05,4538.02
2130,228110,2024-08-10,Fashion,Sneakers,1,717.21,North,Jaipur,Debit Card,2024-08,717.21
2131,242702,2025-03-08,Sports,Yoga Mat,1,1591.38,West,Pune,Debit Card,2025-03,1591.38
2132,249152,2024-07-10,Books,Biography,5,50.0,South,Hyderabad,Net Banking,2024-07,250.0
2133,181458,2025-07-31,Beauty,Sunscreen,3,1495.05,West,Surat,UPI,2025-07,4485.15
2134,139261,2024-05-08,Home & Kitchen,Lamp,3,667.22,South,Chennai,Cash on Delivery,2024-05,2001.66
2135,126550,2025-02-07,Home & Kitchen,Cookware Set,3,798.67,East,Guwahati,UPI,2025-02,2396.01
2136,233804,2025-05-29,Sports,Football,3,50.0,South,Bangalore,UPI,2025-05,150.0
2137,216498,2025-09-25,Beauty,Lipstick,4,1472.96,South,Kochi,Debit Card,2025-09,5891.84
2138,105203,2025-06-25,Electronics,Headphones,3,1107.06,West,Pune,Credit Card,2025-06,3321.18
2139,136609,2025-03-03,Beauty,Lipstick,2,3014.57,North,Delhi,Credit Card,2025-03,6029.14
2140,226397,2025-09-12,Home & Kitchen,Cookware Set,1,1754.14,East,Patna,UPI,2025-09,1754.14
2141,188022,2024-07-12,Sports,Football,5,679.59,South,Bangalore,Credit Card,2024-07,3397.95
2142,181266,2024-10-02,Books,Comic,3,1051.75,East,Patna,UPI,2024-10,3155.25
2143,129655,2025-03-07,Books,Fiction Novel,3,3245.34,North,Delhi,Credit Card,2025-03,9736.02
2144,208541,2024-01-20,Beauty,Shampoo,1,1543.74,South,Hyderabad,Net Banking,2024-01,1543.74
2145,188664,2024-06-30,Home & Kitchen,Air Fryer,4,3297.89,East,Kolkata,Debit Card,2024-06,13191.56
2146,171353,2024-11-05,Home & Kitchen,Lamp,3,1631.09,North,Delhi,UPI,2024-11,4893.27
2147,154553,2024-05-12,Fashion,Saree,4,1280.88,North,Lucknow,Debit Card,2024-05,5123.52
2148,246558,2025-03-27,Books,Biography,3,3495.94,West,Mumbai,UPI,2025-03,10487.82
2149,161025,2024-04-20,Books,Self-Help Book,5,327.56,East,Kolkata,Credit Card,2024-04,1637.8
2150,125380,2024-01-13,Books,Biography,4,694.41,South,Hyderabad,Debit Card,2024-01,2777.64
2151,139032,2024-03-09,Fashion,Jacket,5,1117.33,West,Mumbai,Credit Card,2024-03,5586.65
2152,240539,2025-05-17,Fashion,T-Shirt,1,50.0,West,Ahmedabad,Net Banking,2025-05,50.0
2153,196715,2025-01-27,Books,Comic,2,2752.36,North,Chandigarh,UPI,2025-01,5504.72
2154,154208,2025-08-08,Beauty,Perfume,4,828.12,East,Patna,Credit Card,2025-08,3312.48
2155,108705,2024-11-08,Sports,Cricket Bat,5,2370.03,South,Kochi,UPI,2024-11,11850.15
2156,239940,2025-08-23,Home & Kitchen,Cookware Set,3,2179.93,West,Pune,Debit Card,2025-08,6539.79
2157,154267,2025-04-06,Home & Kitchen,Bedsheet,2,1264.15,North,Delhi,Debit Card,2025-04,2528.3
2158,124807,2024-06-01,Beauty,Shampoo,2,2333.83,South,Bangalore,Net Banking,2024-06,4667.66
2159,132226,2024-07-18,Sports,Cycling Helmet,4,1211.12,South,Kochi,Net Banking,2024-07,4844.48
2160,239260,2024-09-19,Home & Kitchen,Air Fryer,1,1188.34,North,Delhi,Credit Card,2024-09,1188.34
2161,180080,2025-09-25,Sports,Cricket Bat,5,2410.53,South,Chennai,UPI,2025-09,12052.65
2162,104331,2024-08-18,Fashion,Saree,2,1084.86,West,Surat,Debit Card,2024-08,2169.72
2163,123438,2024-10-21,Home & Kitchen,Air Fryer,1,3333.91,North,Jaipur,UPI,2024-10,3333.91
2164,176369,2025-07-24,Books,Biography,3,1390.48,South,Chennai,Cash on Delivery,2025-07,4171.44
2165,247493,2024-05-23,Books,Fiction Novel,4,2887.11,West,Mumbai,UPI,2024-05,11548.44
2166,219980,2025-01-30,Books,Biography,2,1344.73,North,Delhi,Debit Card,2025-01,2689.46
2167,219383,2025-03-05,Fashion,Jacket,3,2269.44,North,Lucknow,Debit Card,2025-03,6808.32
2168,230684,2025-04-01,Books,Self-Help Book,5,1118.18,East,Bhubaneswar,Debit Card,2025-04,5590.9
2169,176566,2024-02-28,Books,Fiction Novel,2,555.35,North,Delhi,UPI,2024-02,1110.7
2170,213955,2024-01-31,Books,Biography,3,537.61,West,Surat,UPI,2024-01,1612.83
2171,219228,2025-08-02,Electronics,Tablet,2,3699.39,North,Lucknow,Cash on Delivery,2025-08,7398.78
2172,182496,2025-04-10,Sports,Football,4,2513.59,North,Delhi,Credit Card,2025-04,10054.36
2173,217567,2025-05-08,Books,Fiction Novel,1,2094.59,South,Chennai,UPI,2025-05,2094.59
2174,167582,2025-02-11,Sports,Dumbbells,2,1526.8,East,Patna,Credit Card,2025-02,3053.6
2175,161043,2025-06-17,Fashion,T-Shirt,4,2285.2,East,Bhubaneswar,Credit Card,2025-06,9140.8
2176,125629,2024-01-30,Sports,Dumbbells,1,50.0,West,Ahmedabad,UPI,2024-01,50.0
2177,127591,2025-01-03,Electronics,Tablet,5,1640.27,East,Guwahati,UPI,2025-01,8201.35
2178,234299,2025-05-13,Home & Kitchen,Mixer Grinder,4,50.0,East,Patna,Credit Card,2025-05,200.0
2179,111228,2024-03-24,Beauty,Lipstick,2,2401.23,South,Hyderabad,UPI,2024-03,4802.46
2180,126471,2024-04-03,Home & Kitchen,Lamp,3,2098.75,East,Bhubaneswar,UPI,2024-04,6296.25
2181,187877,2024-09-30,Sports,Dumbbells,1,1046.64,South,Hyderabad,Cash on Delivery,2024-09,1046.64
2182,148895,2024-11-30,Fashion,T-Shirt,3,319.54,East,Patna,Debit Card,2024-11,958.62
2183,115018,2024-10-01,Beauty,Lipstick,4,2425.61,South,Hyderabad,Cash on Delivery,2024-10,9702.44
2184,209175,2025-02-14,Beauty,Perfume,3,1829.42,North,Lucknow,Credit Card,2025-02,5488.26
2185,229651,2024-04-30,Beauty,Perfume,1,902.58,North,Jaipur,Credit Card,2024-04,902.58
2186,163830,2024-01-24,Fashion,Saree,5,2102.57,South,Bangalore,Debit Card,2024-01,10512.85
2187,113036,2025-01-12,Fashion,Jacket,3,3191.4,East,Patna,Debit Card,2025-01,9574.2
2188,112476,2025-08-31,Fashion,Sneakers,4,2161.33,West,Surat,Debit Card,2025-08,8645.32
2189,231975,2024-06-02,Home & Kitchen,Mixer Grinder,5,957.93,South,Kochi,Credit Card,2024-06,4789.65
2190,174069,2025-03-08,Beauty,Lipstick,4,1783.63,North,Chandigarh,UPI,2025-03,7134.52
2191,179795,2025-01-23,Home & Kitchen,Bedsheet,4,517.19,East,Kolkata,UPI,2025-01,2068.76
2192,179683,2024-05-01,Home & Kitchen,Cookware Set,5,962.88,East,Bhubaneswar,UPI,2024-05,4814.4
2193,116085,2024-01-14,Fashion,T-Shirt,4,636.66,East,Bhubaneswar,UPI,2024-01,2546.64
2194,192098,2024-11-29,Fashion,Saree,1,431.88,East,Patna,UPI,2024-11,431.88
2195,167230,2024-11-14,Beauty,Sunscreen,2,2138.45,East,Guwahati,Credit Card,2024-11,4276.9
2196,236580,2024-10-05,Sports,Cricket Bat,2,1557.12,South,Hyderabad,UPI,2024-10,3114.24
2197,109638,2024-01-28,Fashion,T-Shirt,4,1117.99,West,Surat,Debit Card,2024-01,4471.96
2198,123810,2024-08-22,Books,Fiction Novel,2,839.44,West,Pune,Cash on Delivery,2024-08,1678.88
2199,237494,2025-01-30,Beauty,Shampoo,1,1027.13,West,Ahmedabad,Net Banking,2025-01,1027.13
2200,202509,2024-02-02,Fashion,Saree,2,430.16,East,Kolkata,UPI,2024-02,860.32
2201,150592,2024-01-17,Home & Kitchen,Air Fryer,5,649.55,East,Bhubaneswar,Cash on Delivery,2024-01,3247.75
2202,185484,2024-06-11,Electronics,Smartwatch,1,476.84,East,Patna,UPI,2024-06,476.84
2203,143377,2025-03-01,Electronics,Tablet,5,858.86,West,Ahmedabad,UPI,2025-03,4294.3
2205,244066,2025-05-01,Home & Kitchen,Air Fryer,2,788.54,North,Chandigarh,Debit Card,2025-05,1577.08
2206,220483,2024-09-13,Sports,Cycling Helmet,3,1055.8,North,Chandigarh,UPI,2024-09,3167.4
2207,199714,2025-06-28,Electronics,Headphones,3,951.17,North,Jaipur,Net Banking,2025-06,2853.51
2208,138454,2025-05-09,Books,Comic,5,1690.05,North,Lucknow,Cash on Delivery,2025-05,8450.25
2209,115281,2024-03-10,Fashion,Saree,5,50.0,East,Kolkata,UPI,2024-03,250.0
2210,192731,2024-02-27,Electronics,Laptop,3,867.96,North,Jaipur,UPI,2024-02,2603.88
2211,165943,2024-07-27,Sports,Yoga Mat,3,2385.37,South,Chennai,UPI,2024-07,7156.11
2212,103227,2025-04-05,Sports,Football,5,1261.3,South,Hyderabad,Credit Card,2025-04,6306.5
2213,108674,2024-07-16,Beauty,Moisturizer,1,1415.22,East,Guwahati,Credit Card,2024-07,1415.22
2214,211466,2024-11-26,Electronics,Smartwatch,2,1721.83,West,Ahmedabad,UPI,2024-11,3443.66
2215,193048,2024-05-02,Electronics,Smartphone,5,1540.74,North,Delhi,UPI,2024-05,7703.7
2216,116495,2024-08-20,Home & Kitchen,Lamp,1,2714.72,West,Mumbai,Debit Card,2024-08,2714.72
2217,174780,2024-03-19,Home & Kitchen,Bedsheet,3,50.0,South,Bangalore,Credit Card,2024-03,150.0
2218,153811,2024-08-14,Books,Self-Help Book,4,2741.56,East,Bhubaneswar,UPI,2024-08,10966.24
2219,135270,2025-05-27,Fashion,Sneakers,4,1418.06,West,Pune,UPI,2025-05,5672.24
2220,188548,2025-06-09,Fashion,Jeans,5,2260.64,South,Chennai,UPI,2025-06,11303.2
2221,185759,2025-02-14,Books,Fiction Novel,3,1863.11,South,Chennai,UPI,2025-02,5589.33
2222,158787,2024-09-07,Electronics,Laptop,1,2200.15,West,Surat,Cash on Delivery,2024-09,2200.15
2223,162198,2024-12-17,Electronics,Laptop,5,628.97,West,Ahmedabad,UPI,2024-12,3144.85
2224,210428,2025-08-04,Home & Kitchen,Lamp,5,653.62,North,Lucknow,Debit Card,2025-08,3268.1
2225,154729,2025-06-11,Home & Kitchen,Air Fryer,2,163.73,South,Chennai,UPI,2025-06,327.46
2226,216359,2025-09-15,Beauty,Moisturizer,2,2289.26,South,Chennai,UPI,2025-09,4578.52
2227,215569,2024-08-24,Books,Textbook,1,291.59,East,Kolkata,Debit Card,2024-08,291.59
2228,233971,2025-03-29,Books,Comic,2,1935.57,South,Bangalore,Credit Card,2025-03,3871.14
2229,142762,2024-07-06,Fashion,Saree,5,2452.92,North,Chandigarh,Debit Card,2024-07,12264.6
2230,128879,2025-05-05,Books,Textbook,5,1296.06,East,Kolkata,Cash on Delivery,2025-05,6480.3
2231,138015,2024-11-29,Beauty,Lipstick,2,850.54,East,Kolkata,Credit Card,2024-11,1701.08
2232,212768,2024-03-01,Electronics,Headphones,5,1058.02,East,Guwahati,Credit Card,2024-03,5290.1
2233,151764,2024-01-16,Books,Fiction Novel,2,1265.87,East,Patna,Debit Card,2024-01,2531.74
2234,156052,2024-10-20,Electronics,Tablet,1,1417.68,East,Kolkata,Credit Card,2024-10,1417.68
2235,195324,2024-04-29,Beauty,Shampoo,3,2911.89,South,Bangalore,Debit Card,2024-04,8735.67
2236,225318,2024-04-09,Sports,Dumbbells,1,1838.71,North,Chandigarh,UPI,2024-04,1838.71
2237,192500,2024-11-27,Fashion,Sneakers,2,1273.14,South,Bangalore,Debit Card,2024-11,2546.28
2238,235407,2025-07-15,Fashion,Jacket,4,1839.65,West,Pune,Debit Card,2025-07,7358.6
2239,245546,2024-03-16,Home & Kitchen,Bedsheet,5,1095.42,East,Guwahati,UPI,2024-03,5477.1
2240,187352,2025-04-15,Books,Self-Help Book,5,1858.01,South,Chennai,Credit Card,2025-04,9290.05
2241,134212,2024-03-03,Fashion,Saree,4,1060.5,South,Hyderabad,Credit Card,2024-03,4242.0
2242,111782,2024-11-08,Beauty,Perfume,4,1830.24,East,Guwahati,Credit Card,2024-11,7320.96
2243,107098,2024-12-30,Home & Kitchen,Lamp,4,2479.2,North,Jaipur,UPI,2024-12,9916.8
2244,225028,2024-11-19,Electronics,Smartphone,2,2221.33,South,Hyderabad,UPI,2024-11,4442.66
2245,128007,2024-05-06,Sports,Dumbbells,4,743.11,South,Bangalore,Debit Card,2024-05,2972.44
2246,242407,2025-03-08,Sports,Dumbbells,4,2297.87,North,Delhi,Net Banking,2025-03,9191.48
2247,137870,2025-05-11,Beauty,Lipstick,3,2227.66,South,Kochi,UPI,2025-05,6682.98
2248,149605,2024-01-21,Fashion,Jacket,4,2345.87,North,Jaipur,Debit Card,2024-01,9383.48
2249,233228,2024-10-05,Electronics,Laptop,5,1600.72,West,Pune,Net Banking,2024-10,8003.6
2250,143290,2024-03-13,Home & Kitchen,Air Fryer,5,624.81,West,Pune,Cash on Delivery,2024-03,3124.05
2251,245557,2024-01-30,Beauty,Moisturizer,1,1025.48,South,Hyderabad,UPI,2024-01,1025.48
2252,139461,2024-01-21,Beauty,Perfume,5,2007.83,West,Pune,Debit Card,2024-01,10039.15
2253,116991,2025-01-30,Fashion,Sneakers,2,1951.96,West,Surat,UPI,2025-01,3903.92
2254,171998,2024-05-29,Beauty,Lipstick,3,2082.1,East,Guwahati,Cash on Delivery,2024-05,6246.3
2255,215548,2025-05-06,Fashion,Saree,5,2328.24,North,Jaipur,UPI,2025-05,11641.2
2256,190738,2025-07-21,Sports,Football,5,1380.44,North,Chandigarh,UPI,2025-07,6902.2
2258,154061,2024-07-16,Beauty,Sunscreen,1,2576.85,South,Chennai,Cash on Delivery,2024-07,2576.85
2259,224995,2025-03-21,Electronics,Tablet,1,1579.66,East,Bhubaneswar,UPI,2025-03,1579.66
2260,161863,2024-02-02,Books,Textbook,1,758.87,West,Pune,UPI,2024-02,758.87
2261,151950,2025-03-11,Electronics,Headphones,1,1754.81,South,Kochi,Credit Card,2025-03,1754.81
2262,161075,2024-11-05,Books,Self-Help Book,5,50.0,North,Delhi,Net Banking,2024-11,250.0
2263,184422,2025-09-29,Electronics,Smartphone,1,1471.26,East,Guwahati,Credit Card,2025-09,1471.26
2264,180825,2024-10-20,Beauty,Moisturizer,3,801.66,East,Bhubaneswar,UPI,2024-10,2404.98
2265,180295,2024-06-09,Electronics,Tablet,1,2021.66,East,Guwahati,UPI,2024-06,2021.66
2266,212507,2025-06-01,Electronics,Laptop,4,50.0,North,Chandigarh,Cash on Delivery,2025-06,200.0
2267,231027,2024-06-06,Sports,Yoga Mat,1,1039.2,East,Kolkata,Net Banking,2024-06,1039.2
2268,185842,2025-04-28,Sports,Cycling Helmet,3,50.0,South,Chennai,Credit Card,2025-04,150.0
2269,104014,2025-02-09,Electronics,Headphones,5,1804.69,North,Jaipur,Credit Card,2025-02,9023.45
2270,185180,2024-08-25,Books,Biography,5,2221.46,South,Chennai,Credit Card,2024-08,11107.3
2271,134213,2024-06-13,Fashion,Jeans,1,1677.75,North,Lucknow,Debit Card,2024-06,1677.75
2272,218276,2024-09-20,Fashion,T-Shirt,4,1255.59,North,Jaipur,Cash on Delivery,2024-09,5022.36
2273,156466,2025-04-27,Fashion,T-Shirt,1,1855.42,North,Jaipur,Credit Card,2025-04,1855.42
2274,121439,2024-09-30,Home & Kitchen,Air Fryer,1,2287.85,East,Guwahati,Net Banking,2024-09,2287.85
2275,157823,2024-05-31,Fashion,Sneakers,4,1697.02,East,Guwahati,UPI,2024-05,6788.08
2276,141860,2025-09-11,Home & Kitchen,Air Fryer,1,929.03,North,Jaipur,Credit Card,2025-09,929.03
2277,110951,2025-04-15,Fashion,Sneakers,2,1773.17,East,Patna,UPI,2025-04,3546.34
2278,156331,2025-08-02,Electronics,Tablet,3,1100.57,South,Chennai,Cash on Delivery,2025-08,3301.71
2279,202825,2024-11-10,Home & Kitchen,Lamp,5,2136.84,North,Chandigarh,UPI,2024-11,10684.2
2280,195235,2024-04-03,Sports,Football,5,903.65,North,Delhi,UPI,2024-04,4518.25
2281,182018,2024-07-26,Sports,Dumbbells,3,1862.27,East,Guwahati,UPI,2024-07,5586.81
2282,113039,2025-09-25,Home & Kitchen,Lamp,5,707.72,South,Hyderabad,UPI,2025-09,3538.6
2283,139452,2025-01-06,Fashion,Jeans,2,144.29,West,Pune,Credit Card,2025-01,288.58
2284,135774,2024-04-29,Sports,Yoga Mat,1,1001.26,West,Mumbai,UPI,2024-04,1001.26
2285,242943,2025-01-30,Sports,Football,3,822.19,East,Bhubaneswar,Credit Card,2025-01,2466.57
2286,219469,2024-01-05,Sports,Cricket Bat,1,1157.92,East,Kolkata,Credit Card,2024-01,1157.92
2287,221112,2025-05-20,Books,Self-Help Book,5,2002.81,West,Pune,Net Banking,2025-05,10014.05
2288,242524,2025-05-20,Sports,Football,1,50.0,West,Surat,Debit Card,2025-05,50.0
2289,180150,2024-12-15,Books,Comic,3,2009.02,South,Bangalore,UPI,2024-12,6027.06
2290,208963,2025-03-31,Home & Kitchen,Air Fryer,2,1793.89,North,Jaipur,Debit Card,2025-03,3587.78
2291,195658,2025-09-16,Home & Kitchen,Mixer Grinder,4,2168.78,West,Mumbai,Net Banking,2025-09,8675.12
2292,179605,2025-07-14,Fashion,Sneakers,4,2061.28,West,Mumbai,Debit Card,2025-07,8245.12
2293,148447,2024-03-19,Fashion,Saree,1,1796.98,East,Guwahati,Net Banking,2024-03,1796.98
2294,235419,2024-10-15,Sports,Football,5,671.97,East,Kolkata,Credit Card,2024-10,3359.85
2295,174529,2025-06-09,Sports,Dumbbells,2,2201.98,South,Hyderabad,Debit Card,2025-06,4403.96
2296,244810,2025-09-22,Sports,Dumbbells,5,714.38,West,Ahmedabad,Credit Card,2025-09,3571.9
2297,243406,2024-10-11,Fashion,T-Shirt,3,1277.13,East,Kolkata,Debit Card,2024-10,3831.39
2298,161994,2024-10-12,Home & Kitchen,Cookware Set,3,2838.42,West,Mumbai,Credit Card,2024-10,8515.26
2299,105672,2025-08-29,Fashion,Jacket,1,1516.84,South,Bangalore,Debit Card,2025-08,1516.84
2300,112870,2025-02-11,Books,Self-Help Book,5,1306.83,East,Guwahati,Credit Card,2025-02,6534.15
2301,210046,2024-10-06,Fashion,T-Shirt,2,50.0,South,Chennai,Credit Card,2024-10,100.0
2302,220224,2024-11-08,Electronics,Tablet,4,1981.17,West,Ahmedabad,Cash on Delivery,2024-11,7924.68
2303,206441,2024-04-01,Beauty,Perfume,1,889.42,South,Bangalore,UPI,2024-04,889.42
2304,128503,2025-02-21,Books,Fiction Novel,5,1300.98,North,Delhi,UPI,2025-02,6504.9
2305,234173,2024-06-17,Books,Comic,5,165.35,East,Guwahati,UPI,2024-06,826.75
2306,151722,2025-07-09,Electronics,Tablet,2,50.0,South,Bangalore,Credit Card,2025-07,100.0
2307,144339,2025-09-12,Fashion,Jeans,2,1598.41,South,Hyderabad,Debit Card,2025-09,3196.82
2308,160876,2024-12-26,Electronics,Tablet,4,459.98,West,Surat,UPI,2024-12,1839.92
2309,108491,2024-04-26,Fashion,Jeans,3,1999.42,North,Chandigarh,Debit Card,2024-04,5998.26
2310,140347,2024-03-01,Beauty,Sunscreen,1,416.72,North,Lucknow,Debit Card,2024-03,416.72
2311,124647,2025-09-17,Fashion,Jacket,1,1846.96,West,Ahmedabad,UPI,2025-09,1846.96
2312,195052,2025-05-06,Electronics,Smartphone,1,918.36,South,Bangalore,Credit Card,2025-05,918.36
2313,129669,2024-10-29,Beauty,Perfume,1,50.0,East,Patna,Credit Card,2024-10,50.0
2314,152421,2025-08-01,Electronics,Laptop,4,658.05,South,Hyderabad,Credit Card,2025-08,2632.2
2315,172707,2025-03-27,Fashion,Saree,1,943.66,West,Ahmedabad,Net Banking,2025-03,943.66
2316,102967,2025-09-22,Electronics,Laptop,2,475.04,East,Guwahati,UPI,2025-09,950.08
2317,169789,2025-05-19,Electronics,Headphones,4,1317.69,North,Lucknow,Debit Card,2025-05,5270.76
2318,202895,2024-09-12,Home & Kitchen,Lamp,1,1506.68,East,Bhubaneswar,Credit Card,2024-09,1506.68
2319,212029,2025-08-05,Books,Comic,4,1648.22,West,Ahmedabad,Debit Card,2025-08,6592.88
2320,150557,2025-08-01,Sports,Dumbbells,5,596.32,North,Lucknow,Debit Card,2025-08,2981.6
2321,110292,2024-03-01,Electronics,Smartwatch,2,50.0,East,Guwahati,Credit Card,2024-03,100.0
2322,160134,2024-01-09,Electronics,Laptop,2,3454.4,South,Bangalore,Cash on Delivery,2024-01,6908.8
2323,109508,2024-05-24,Home & Kitchen,Air Fryer,2,2190.62,West,Ahmedabad,UPI,2024-05,4381.24
2324,201965,2024-05-01,Beauty,Shampoo,5,388.55,South,Kochi,Net Banking,2024-05,1942.75
2325,163085,2024-04-03,Sports,Dumbbells,5,50.0,West,Pune,UPI,2024-04,250.0
2326,228795,2025-03-16,Sports,Cricket Bat,4,2549.85,South,Chennai,UPI,2025-03,10199.4
2327,125984,2024-10-06,Home & Kitchen,Cookware Set,1,2738.15,North,Delhi,Net Banking,2024-10,2738.15
2328,240480,2025-09-14,Fashion,Sneakers,5,295.96,East,Patna,Credit Card,2025-09,1479.8
2329,176742,2024-07-29,Electronics,Smartphone,5,2632.73,West,Ahmedabad,Cash on Delivery,2024-07,13163.65
2330,113010,2024-03-09,Electronics,Smartphone,2,2440.83,South,Hyderabad,Cash on Delivery,2024-03,4881.66
2331,225110,2025-08-24,Electronics,Tablet,3,3089.77,West,Mumbai,UPI,2025-08,9269.31
2332,112628,2025-09-12,Books,Comic,2,708.74,South,Kochi,Debit Card,2025-09,1417.48
2333,202986,2024-09-10,Fashion,Sneakers,5,677.97,East,Bhubaneswar,UPI,2024-09,3389.85
2334,173072,2025-03-16,Sports,Yoga Mat,1,357.93,East,Guwahati,Credit Card,2025-03,357.93
2335,237736,2024-06-12,Beauty,Sunscreen,1,696.43,North,Jaipur,Debit Card,2024-06,696.43
2336,233676,2025-01-31,Beauty,Lipstick,1,50.0,East,Kolkata,Cash on Delivery,2025-01,50.0
2337,163260,2025-05-31,Home & Kitchen,Mixer Grinder,3,1109.14,South,Kochi,UPI,2025-05,3327.42
2338,160910,2025-09-30,Sports,Cricket Bat,2,2729.31,West,Surat,Net Banking,2025-09,5458.62
2339,118302,2024-01-08,Electronics,Smartwatch,1,467.61,West,Surat,UPI,2024-01,467.61
2340,188507,2025-06-12,Electronics,Smartwatch,5,1698.87,South,Kochi,Debit Card,2025-06,8494.35
2341,115018,2024-08-14,Home & Kitchen,Cookware Set,2,562.48,East,Bhubaneswar,UPI,2024-08,1124.96
2342,209441,2025-07-25,Home & Kitchen,Bedsheet,1,825.59,South,Hyderabad,UPI,2025-07,825.59
2343,149180,2024-10-20,Beauty,Lipstick,5,1384.98,East,Kolkata,Debit Card,2024-10,6924.9
2344,219994,2024-04-14,Sports,Yoga Mat,4,2395.32,East,Patna,Debit Card,2024-04,9581.28
2345,104711,2024-06-19,Beauty,Shampoo,4,2117.87,North,Jaipur,Credit Card,2024-06,8471.48
2346,174972,2025-07-17,Fashion,Jacket,1,567.54,East,Guwahati,Credit Card,2025-07,567.54
2347,234333,2025-05-09,Fashion,Jacket,4,1013.51,South,Bangalore,UPI,2025-05,4054.04
2348,197080,2025-09-06,Sports,Cycling Helmet,2,50.0,North,Delhi,Credit Card,2025-09,100.0
2349,148618,2024-05-10,Fashion,Saree,5,2225.19,South,Hyderabad,Credit Card,2024-05,11125.95
2350,147353,2024-10-22,Beauty,Sunscreen,2,262.29,West,Pune,Debit Card,2024-10,524.58
2351,196248,2024-05-04,Beauty,Lipstick,2,1456.26,South,Bangalore,Credit Card,2024-05,2912.52
2352,131858,2024-10-13,Sports,Football,1,1452.09,North,Jaipur,UPI,2024-10,1452.09
2353,154551,2025-03-09,Sports,Cricket Bat,1,1879.69,West,Pune,Debit Card,2025-03,1879.69
2355,248819,2025-05-23,Fashion,Jeans,2,2383.39,West,Pune,Debit Card,2025-05,4766.78
2356,150928,2024-12-15,Home & Kitchen,Air Fryer,3,2891.21,North,Chandigarh,UPI,2024-12,8673.63
2357,166813,2025-06-26,Home & Kitchen,Mixer Grinder,5,565.87,East,Bhubaneswar,UPI,2025-06,2829.35
2358,119476,2024-03-02,Fashion,Jacket,3,2437.0,West,Ahmedabad,Net Banking,2024-03,7311.0
2359,227223,2025-04-22,Beauty,Moisturizer,4,843.61,East,Bhubaneswar,Credit Card,2025-04,3374.44
2360,126175,2025-08-18,Fashion,Sneakers,1,955.48,North,Lucknow,UPI,2025-08,955.48
2361,106866,2024-04-26,Beauty,Perfume,3,1056.96,East,Guwahati,Credit Card,2024-04,3170.88
2362,172645,2024-08-21,Sports,Yoga Mat,2,50.0,North,Jaipur,UPI,2024-08,100.0
2363,195084,2025-05-24,Books,Comic,1,1742.11,North,Delhi,UPI,2025-05,1742.11
2364,224514,2024-02-06,Electronics,Headphones,3,1613.36,North,Delhi,UPI,2024-02,4840.08
2365,201832,2025-01-06,Sports,Football,3,2546.51,South,Bangalore,UPI,2025-01,7639.53
2366,247533,2024-01-04,Electronics,Headphones,4,1366.3,North,Chandigarh,Net Banking,2024-01,5465.2
2367,185245,2025-01-14,Home & Kitchen,Cookware Set,4,2588.29,East,Bhubaneswar,UPI,2025-01,10353.16
2368,198452,2025-02-27,Fashion,T-Shirt,1,1594.91,East,Kolkata,Cash on Delivery,2025-02,1594.91
2369,246565,2024-07-04,Electronics,Smartphone,2,2936.99,North,Chandigarh,Credit Card,2024-07,5873.98
2370,123120,2024-06-09,Fashion,Saree,2,1323.06,South,Chennai,Credit Card,2024-06,2646.12
2371,158350,2025-03-09,Electronics,Laptop,2,1025.45,West,Surat,Credit Card,2025-03,2050.9
2372,183352,2025-02-13,Sports,Dumbbells,4,1722.2,North,Chandigarh,UPI,2025-02,6888.8
2373,206433,2024-09-11,Electronics,Smartwatch,1,1694.27,North,Lucknow,Net Banking,2024-09,1694.27
2374,139819,2024-08-31,Home & Kitchen,Bedsheet,2,50.0,North,Chandigarh,UPI,2024-08,100.0
2375,169948,2025-03-07,Sports,Dumbbells,4,2485.87,East,Guwahati,Credit Card,2025-03,9943.48
2376,119180,2025-08-02,Books,Fiction Novel,1,2156.08,North,Jaipur,Debit Card,2025-08,2156.08
2377,120048,2024-04-30,Books,Textbook,1,1124.51,West,Mumbai,Net Banking,2024-04,1124.51
2378,123248,2025-03-10,Electronics,Smartphone,3,1937.79,East,Kolkata,Credit Card,2025-03,5813.37
2379,214732,2025-02-01,Books,Textbook,1,1692.19,East,Guwahati,UPI,2025-02,1692.19
2380,227813,2024-11-03,Beauty,Moisturizer,2,50.0,East,Guwahati,UPI,2024-11,100.0
2381,100302,2024-01-21,Fashion,Sneakers,2,1531.29,East,Guwahati,Credit Card,2024-01,3062.58
2382,130461,2025-09-14,Home & Kitchen,Cookware Set,1,1867.68,North,Jaipur,UPI,2025-09,1867.68
2383,121304,2024-12-05,Books,Self-Help Book,5,2330.53,East,Guwahati,UPI,2024-12,11652.65
2384,104126,2024-05-15,Home & Kitchen,Bedsheet,1,1115.84,West,Surat,UPI,2024-05,1115.84
2385,112869,2025-02-09,Fashion,Jacket,2,885.42,South,Hyderabad,Credit Card,2025-02,1770.84
2386,201767,2024-03-14,Books,Self-Help Book,4,2288.84,South,Kochi,Credit Card,2024-03,9155.36
2387,150771,2024-04-25,Books,Comic,4,1629.78,South,Bangalore,Net Banking,2024-04,6519.12
2389,180536,2024-12-23,Books,Self-Help Book,2,2231.0,South,Bangalore,Debit Card,2024-12,4462.0
2390,108958,2024-12-14,Books,Textbook,5,946.66,East,Guwahati,UPI,2024-12,4733.3
2391,224588,2025-09-04,Home & Kitchen,Lamp,2,1303.93,South,Chennai,UPI,2025-09,2607.86
2392,194403,2025-03-15,Fashion,Saree,5,1086.22,North,Delhi,Net Banking,2025-03,5431.1
2393,244353,2024-12-12,Beauty,Lipstick,3,1545.39,North,Lucknow,UPI,2024-12,4636.17
2395,133407,2025-08-25,Home & Kitchen,Mixer Grinder,3,788.09,West,Pune,UPI,2025-08,2364.27
2396,186637,2024-04-12,Beauty,Perfume,5,1109.44,East,Guwahati,Cash on Delivery,2024-04,5547.2
2397,169034,2025-06-17,Books,Fiction Novel,3,2095.57,South,Kochi,Credit Card,2025-06,6286.71
2398,178432,2024-07-25,Fashion,Sneakers,5,1819.51,West,Ahmedabad,UPI,2024-07,9097.55
2399,176545,2025-06-20,Fashion,T-Shirt,3,1438.98,East,Patna,Debit Card,2025-06,4316.94
2400,174959,2025-05-11,Sports,Dumbbells,5,1823.31,North,Lucknow,Debit Card,2025-05,9116.55
2401,121020,2024-07-30,Electronics,Smartphone,5,1116.0,West,Mumbai,Credit Card,2024-07,5580.0
2402,211220,2024-09-17,Beauty,Shampoo,4,1123.03,South,Bangalore,Debit Card,2024-09,4492.12
2403,140633,2025-04-10,Sports,Dumbbells,1,2006.86,East,Kolkata,Cash on Delivery,2025-04,2006.86
2404,215392,2024-12-20,Beauty,Perfume,2,1826.15,West,Pune,Debit Card,2024-12,3652.3
2405,152192,2025-09-05,Home & Kitchen,Air Fryer,5,1123.02,North,Chandigarh,UPI,2025-09,5615.1
2406,122384,2024-06-27,Sports,Yoga Mat,1,2646.32,West,Ahmedabad,UPI,2024-06,2646.32
2407,245884,2024-11-13,Home & Kitchen,Cookware Set,5,876.84,North,Delhi,UPI,2024-11,4384.2
2408,146979,2024-04-07,Sports,Cycling Helmet,3,50.0,South,Kochi,Debit Card,2024-04,150.0
2409,206572,2024-07-11,Home & Kitchen,Lamp,4,1246.56,West,Surat,Cash on Delivery,2024-07,4986.24
2410,203136,2024-10-14,Electronics,Laptop,4,1161.59,North,Delhi,Net Banking,2024-10,4646.36
2411,102599,2024-05-01,Beauty,Perfume,4,235.22,North,Lucknow,Credit Card,2024-05,940.88
2412,196727,2024-05-18,Electronics,Smartwatch,5,1513.57,South,Chennai,Net Banking,2024-05,7567.85
2413,112582,2024-03-01,Books,Comic,3,2558.55,North,Lucknow,UPI,2024-03,7675.65
2414,128106,2024-11-27,Beauty,Perfume,3,997.32,North,Chandigarh,UPI,2024-11,2991.96
2415,242955,2025-01-09,Home & Kitchen,Cookware Set,1,2799.56,South,Hyderabad,Cash on Delivery,2025-01,2799.56
2416,168398,2024-11-28,Home & Kitchen,Bedsheet,4,1027.42,South,Kochi,Net Banking,2024-11,4109.68
2417,177211,2024-05-21,Beauty,Moisturizer,5,1535.42,West,Mumbai,Debit Card,2024-05,7677.1
2418,224095,2024-08-17,Fashion,T-Shirt,1,3056.87,West,Pune,Cash on Delivery,2024-08,3056.87
2419,155102,2024-03-31,Fashion,Sneakers,1,1902.64,West,Surat,UPI,2024-03,1902.64
2420,247743,2024-03-15,Home & Kitchen,Bedsheet,2,2257.24,East,Kolkata,Debit Card,2024-03,4514.48
2421,183155,2025-05-16,Fashion,T-Shirt,1,2062.55,North,Delhi,Debit Card,2025-05,2062.55
2422,107901,2025-08-05,Sports,Yoga Mat,3,1408.68,West,Pune,Credit Card,2025-08,4226.04
2423,142189,2025-06-19,Electronics,Tablet,1,2259.25,South,Bangalore,UPI,2025-06,2259.25
2424,103372,2024-09-30,Sports,Cycling Helmet,4,1944.04,South,Bangalore,Debit Card,2024-09,7776.16
2425,192187,2025-01-10,Home & Kitchen,Mixer Grinder,5,637.01,East,Patna,UPI,2025-01,3185.05
2426,235806,2024-07-07,Beauty,Sunscreen,5,740.53,West,Surat,Credit Card,2024-07,3702.65
2427,101178,2025-08-17,Electronics,Laptop,5,1247.94,West,Ahmedabad,Credit Card,2025-08,6239.7
2428,232950,2025-05-26,Home & Kitchen,Bedsheet,1,577.43,South,Chennai,Credit Card,2025-05,577.43
2429,122205,2024-08-06,Sports,Football,5,1533.18,West,Pune,Credit Card,2024-08,7665.9
2430,161769,2024-03-30,Fashion,Jacket,2,1216.57,North,Lucknow,UPI,2024-03,2433.14
2431,141105,2025-09-22,Electronics,Laptop,4,1439.75,South,Bangalore,Debit Card,2025-09,5759.0
2432,163597,2025-09-23,Beauty,Moisturizer,4,3442.71,East,Patna,Net Banking,2025-09,13770.84
2433,104466,2024-01-12,Electronics,Headphones,4,661.48,West,Surat,Credit Card,2024-01,2645.92
2434,238027,2025-01-09,Fashion,Jeans,1,1912.63,South,Bangalore,Net Banking,2025-01,1912.63
2435,245048,2025-03-29,Home & Kitchen,Cookware Set,2,1159.51,West,Ahmedabad,Debit Card,2025-03,2319.02
2437,107486,2024-07-21,Beauty,Moisturizer,3,1688.0,South,Kochi,UPI,2024-07,5064.0
2438,197004,2024-10-16,Sports,Football,3,2460.2,South,Hyderabad,Credit Card,2024-10,7380.6
2439,118616,2024-03-28,Books,Self-Help Book,4,1885.62,North,Lucknow,Net Banking,2024-03,7542.48
2440,110530,2024-06-30,Electronics,Smartphone,2,733.21,West,Surat,Debit Card,2024-06,1466.42
2441,238307,2024-10-06,Home & Kitchen,Cookware Set,4,2806.33,East,Bhubaneswar,Credit Card,2024-10,11225.32
2443,137187,2025-03-28,Electronics,Tablet,2,219.8,East,Bhubaneswar,Cash on Delivery,2025-03,439.6
2444,125203,2025-07-05,Fashion,Sneakers,2,3184.33,South,Bangalore,UPI,2025-07,6368.66
2445,158790,2024-10-01,Beauty,Sunscreen,3,3234.86,East,Patna,UPI,2024-10,9704.58
2446,200344,2024-07-04,Books,Textbook,1,1082.19,South,Kochi,UPI,2024-07,1082.19
2447,211568,2024-06-04,Sports,Dumbbells,2,2125.71,North,Chandigarh,Debit Card,2024-06,4251.42
2448,194792,2024-05-19,Beauty,Shampoo,3,50.0,East,Kolkata,UPI,2024-05,150.0
2449,111701,2025-01-27,Sports,Cricket Bat,2,1592.86,South,Hyderabad,Credit Card,2025-01,3185.72
2450,131922,2025-03-20,Fashion,T-Shirt,4,3854.83,South,Bangalore,Debit Card,2025-03,15419.32
2451,216539,2025-09-03,Books,Textbook,2,50.0,South,Bangalore,Debit Card,2025-09,100.0
2452,113121,2024-11-14,Books,Comic,3,1305.67,East,Kolkata,UPI,2024-11,3917.01
2453,126347,2025-06-18,Electronics,Tablet,4,2474.84,West,Mumbai,Credit Card,2025-06,9899.36
2454,184650,2024-10-06,Home & Kitchen,Mixer Grinder,2,523.62,East,Patna,UPI,2024-10,1047.24
2455,107026,2024-05-04,Sports,Football,3,2179.65,North,Lucknow,Credit Card,2024-05,6538.95
2456,224113,2025-06-23,Home & Kitchen,Bedsheet,1,1564.96,South,Kochi,UPI,2025-06,1564.96
2457,185661,2025-02-24,Books,Self-Help Book,3,1672.73,West,Ahmedabad,Cash on Delivery,2025-02,5018.19
2458,134707,2025-05-19,Books,Self-Help Book,2,1235.04,North,Jaipur,Credit Card,2025-05,2470.08
2459,166291,2024-10-14,Home & Kitchen,Lamp,5,1717.87,South,Kochi,Debit Card,2024-10,8589.35
2460,141448,2024-08-21,Electronics,Tablet,1,2623.97,East,Guwahati,Net Banking,2024-08,2623.97
2461,138712,2024-03-26,Home & Kitchen,Cookware Set,3,2670.19,North,Jaipur,Cash on Delivery,2024-03,8010.57
2462,163968,2024-02-29,Fashion,Sneakers,2,1269.63,North,Delhi,Debit Card,2024-02,2539.26
2463,121551,2024-04-04,Home & Kitchen,Mixer Grinder,4,871.54,North,Chandigarh,Cash on Delivery,2024-04,3486.16
2464,111188,2025-05-23,Beauty,Lipstick,4,2249.17,North,Delhi,UPI,2025-05,8996.68
2465,107041,2024-07-04,Home & Kitchen,Air Fryer,5,1268.09,East,Patna,UPI,2024-07,6340.45
2466,147337,2024-03-30,Fashion,T-Shirt,2,2374.24,North,Delhi,UPI,2024-03,4748.48
2467,147337,2024-07-14,Fashion,T-Shirt,3,1065.56,South,Kochi,Debit Card,2024-07,3196.68
2468,136424,2024-07-27,Sports,Football,2,1442.96,South,Hyderabad,UPI,2024-07,2885.92
2469,146856,2024-04-22,Electronics,Headphones,1,898.09,North,Chandigarh,UPI,2024-04,898.09
2470,135659,2025-09-23,Fashion,Jacket,1,1227.94,North,Jaipur,Debit Card,2025-09,1227.94
2471,131869,2024-04-30,Books,Biography,4,974.15,North,Delhi,Debit Card,2024-04,3896.6
2472,249165,2025-04-21,Electronics,Smartwatch,2,2261.71,South,Hyderabad,UPI,2025-04,4523.42
2473,155222,2025-03-04,Home & Kitchen,Lamp,5,50.0,South,Kochi,Debit Card,2025-03,250.0
2474,149121,2025-08-08,Fashion,Jacket,2,3033.85,West,Ahmedabad,Credit Card,2025-08,6067.7
2475,133017,2025-09-29,Electronics,Laptop,1,2082.53,South,Chennai,Cash on Delivery,2025-09,2082.53
2476,214744,2025-03-14,Home & Kitchen,Cookware Set,2,393.17,East,Kolkata,Credit Card,2025-03,786.34
2477,101572,2025-06-06,Beauty,Lipstick,1,1810.85,North,Jaipur,UPI,2025-06,1810.85
2478,156617,2024-12-21,Fashion,Sneakers,2,2987.61,North,Lucknow,UPI,2024-12,5975.22
2479,103500,2024-01-08,Electronics,Smartwatch,5,1221.7,North,Delhi,UPI,2024-01,6108.5
2480,183323,2025-02-23,Electronics,Tablet,5,55.29,South,Chennai,UPI,2025-02,276.45
2481,156127,2024-10-06,Beauty,Lipstick,1,1454.06,South,Kochi,Cash on Delivery,2024-10,1454.06
2482,129244,2024-09-08,Books,Fiction Novel,5,1703.0,North,Jaipur,Debit Card,2024-09,8515.0
2483,132384,2024-11-20,Fashion,Jacket,2,1075.05,North,Chandigarh,Debit Card,2024-11,2150.1
2484,104879,2025-09-21,Fashion,Jacket,2,50.0,West,Mumbai,Debit Card,2025-09,100.0
2485,110871,2024-07-24,Home & Kitchen,Lamp,3,464.87,West,Pune,UPI,2024-07,1394.61
2486,210973,2025-07-03,Home & Kitchen,Mixer Grinder,3,1076.39,West,Surat,Credit Card,2025-07,3229.17
2487,242977,2024-01-06,Fashion,Saree,4,50.0,North,Jaipur,UPI,2024-01,200.0
2488,200951,2024-03-23,Electronics,Tablet,1,1686.53,South,Bangalore,Debit Card,2024-03,1686.53
2489,180854,2025-07-07,Beauty,Perfume,3,1998.58,South,Bangalore,Cash on Delivery,2025-07,5995.74
2490,149122,2024-02-22,Home & Kitchen,Bedsheet,4,2034.3,West,Pune,Cash on Delivery,2024-02,8137.2
2491,132040,2025-08-30,Home & Kitchen,Mixer Grinder,3,50.0,West,Pune,Debit Card,2025-08,150.0
2492,138277,2024-09-25,Fashion,Saree,3,582.6,West,Surat,UPI,2024-09,1747.8
2493,169875,2025-03-01,Books,Comic,3,925.67,West,Ahmedabad,Net Banking,2025-03,2777.01
2494,215081,2024-08-24,Beauty,Shampoo,4,906.58,South,Chennai,Debit Card,2024-08,3626.32
2495,224787,2024-01-12,Home & Kitchen,Lamp,2,2395.74,East,Bhubaneswar,Net Banking,2024-01,4791.48
2496,196495,2024-03-17,Fashion,Jacket,4,2177.89,North,Jaipur,Debit Card,2024-03,8711.56
2497,198236,2024-03-23,Sports,Cricket Bat,4,1029.33,West,Pune,Cash on Delivery,2024-03,4117.32
2498,194323,2025-09-14,Books,Biography,1,933.81,South,Kochi,UPI,2025-09,933.81
2499,167634,2024-06-13,Electronics,Tablet,2,415.2,North,Lucknow,Credit Card,2024-06,830.4
2500,116049,2024-06-19,Books,Fiction Novel,2,789.72,South,Bangalore,Credit Card,2024-06,1579.44
2501,161479,2025-08-20,Sports,Dumbbells,2,2055.41,South,Chennai,Credit Card,2025-08,4110.82
2502,103017,2024-08-28,Electronics,Tablet,5,1106.37,East,Bhubaneswar,Credit Card,2024-08,5531.85
2503,129945,2025-08-24,Sports,Cycling Helmet,4,2161.45,North,Chandigarh,Credit Card,2025-08,8645.8
2504,228408,2025-07-10,Electronics,Laptop,2,952.56,West,Surat,Debit Card,2025-07,1905.12
2505,107746,2024-07-09,Electronics,Headphones,2,1355.24,South,Bangalore,Net Banking,2024-07,2710.48
2506,182246,2025-06-20,Electronics,Laptop,2,1159.55,East,Guwahati,UPI,2025-06,2319.1
2507,175847,2024-05-04,Home & Kitchen,Bedsheet,3,440.92,West,Ahmedabad,Credit Card,2024-05,1322.76
2508,157561,2025-06-08,Beauty,Moisturizer,5,1544.24,East,Patna,Debit Card,2025-06,7721.2
2509,151476,2024-06-26,Home & Kitchen,Bedsheet,2,1195.82,East,Kolkata,Net Banking,2024-06,2391.64
2510,113383,2024-10-11,Electronics,Tablet,4,1230.05,North,Lucknow,Debit Card,2024-10,4920.2
2511,213383,2025-08-30,Fashion,T-Shirt,5,1640.74,West,Mumbai,Debit Card,2025-08,8203.7
2512,151527,2025-04-06,Books,Fiction Novel,5,2350.07,West,Mumbai,UPI,2025-04,11750.35
2513,203053,2025-05-29,Books,Fiction Novel,2,1283.58,West,Surat,Net Banking,2025-05,2567.16
2514,208954,2024-08-15,Sports,Yoga Mat,5,2537.91,West,Surat,UPI,2024-08,12689.55
2515,211681,2024-08-11,Electronics,Tablet,3,737.58,East,Patna,UPI,2024-08,2212.74
2516,169017,2024-12-08,Sports,Cycling Helmet,1,1461.41,East,Bhubaneswar,Net Banking,2024-12,1461.41
2517,158257,2024-09-27,Sports,Cycling Helmet,4,1389.89,West,Mumbai,Debit Card,2024-09,5559.56
2518,187903,2024-04-23,Beauty,Shampoo,5,1410.01,South,Chennai,UPI,2024-04,7050.05
2519,181440,2024-10-01,Electronics,Smartphone,3,153.91,South,Kochi,UPI,2024-10,461.73
2520,168879,2025-03-22,Books,Biography,2,1553.85,South,Kochi,UPI,2025-03,3107.7
2521,122096,2024-01-14,Home & Kitchen,Cookware Set,2,849.73,East,Guwahati,Credit Card,2024-01,1699.46
2522,224231,2025-03-09,Electronics,Laptop,4,2550.85,South,Bangalore,UPI,2025-03,10203.4
2523,112326,2025-09-15,Fashion,Sneakers,3,1654.21,East,Kolkata,UPI,2025-09,4962.63
2524,174928,2025-08-17,Home & Kitchen,Bedsheet,4,1192.16,South,Kochi,Credit Card,2025-08,4768.64
2525,207548,2024-04-23,Electronics,Headphones,1,886.37,South,Kochi,Cash on Delivery,2024-04,886.37
2526,202392,2024-07-07,Fashion,Sneakers,1,1299.57,East,Patna,UPI,2024-07,1299.57
2527,204377,2025-08-09,Home & Kitchen,Air Fryer,3,2003.97,West,Ahmedabad,UPI,2025-08,6011.91
2528,239031,2024-09-23,Books,Comic,4,2368.09,North,Chandigarh,Credit Card,2024-09,9472.36
2529,132915,2025-04-22,Electronics,Smartwatch,4,1865.13,West,Surat,Net Banking,2025-04,7460.52
2530,189795,2025-09-02,Beauty,Moisturizer,2,1429.01,West,Surat,Credit Card,2025-09,2858.02
2531,118479,2025-04-20,Books,Self-Help Book,4,2205.48,East,Patna,Cash on Delivery,2025-04,8821.92
2532,175437,2025-09-30,Sports,Cricket Bat,1,1657.9,West,Mumbai,Credit Card,2025-09,1657.9
2533,190499,2024-02-12,Books,Self-Help Book,4,2318.66,South,Chennai,UPI,2024-02,9274.64
2534,249004,2025-07-12,Fashion,Jacket,3,875.93,North,Jaipur,UPI,2025-07,2627.79
2535,215142,2025-06-26,Sports,Football,4,335.07,North,Lucknow,Debit Card,2025-06,1340.28
2536,168387,2024-02-16,Books,Textbook,3,1280.83,East,Guwahati,UPI,2024-02,3842.49
2537,188625,2025-08-21,Fashion,Jeans,5,3778.21,North,Lucknow,UPI,2025-08,18891.05
2538,169516,2024-11-14,Home & Kitchen,Cookware Set,5,1152.81,South,Kochi,UPI,2024-11,5764.05
2539,224084,2025-08-26,Beauty,Moisturizer,3,589.95,North,Chandigarh,UPI,2025-08,1769.85
2540,177379,2025-05-19,Home & Kitchen,Lamp,1,2509.08,North,Jaipur,Debit Card,2025-05,2509.08
2541,125587,2025-09-02,Fashion,Sneakers,4,3252.89,East,Bhubaneswar,UPI,2025-09,13011.56
2542,156205,2024-11-25,Books,Biography,1,1704.31,East,Patna,Debit Card,2024-11,1704.31
2543,121980,2024-09-18,Books,Biography,1,1004.74,North,Chandigarh,UPI,2024-09,1004.74
2544,217007,2024-05-10,Home & Kitchen,Air Fryer,1,1357.6,South,Chennai,Net Banking,2024-05,1357.6
2545,125745,2024-01-31,Sports,Cycling Helmet,3,2629.08,South,Hyderabad,UPI,2024-01,7887.24
2546,172625,2024-10-14,Home & Kitchen,Lamp,1,1702.7,East,Kolkata,Net Banking,2024-10,1702.7
2547,235717,2024-12-04,Sports,Cricket Bat,3,50.0,South,Chennai,Net Banking,2024-12,150.0
2548,107998,2024-07-10,Beauty,Perfume,5,50.0,West,Mumbai,Debit Card,2024-07,250.0
2549,112437,2024-08-14,Home & Kitchen,Lamp,3,2031.91,West,Mumbai,Net Banking,2024-08,6095.73
2550,101197,2024-10-06,Electronics,Smartwatch,4,50.0,South,Hyderabad,UPI,2024-10,200.0
2551,129156,2025-09-08,Beauty,Perfume,3,2276.09,West,Surat,Credit Card,2025-09,6828.27
2552,237076,2024-12-19,Fashion,Jacket,4,1608.51,South,Kochi,UPI,2024-12,6434.04
2553,176855,2025-06-13,Fashion,Jacket,1,1104.34,South,Kochi,UPI,2025-06,1104.34
2554,218318,2024-04-21,Fashion,Saree,5,457.94,West,Surat,Debit Card,2024-04,2289.7
2555,130238,2024-03-25,Books,Fiction Novel,5,517.83,East,Patna,Net Banking,2024-03,2589.15
2556,220361,2024-08-22,Electronics,Smartwatch,4,2526.5,South,Chennai,UPI,2024-08,10106.0
2557,139405,2025-04-29,Sports,Cycling Helmet,2,1219.36,East,Guwahati,Credit Card,2025-04,2438.72
2558,154813,2024-11-21,Books,Biography,1,3003.78,South,Chennai,UPI,2024-11,3003.78
2559,188277,2025-06-07,Electronics,Smartwatch,5,2572.22,South,Hyderabad,UPI,2025-06,12861.1
2560,171562,2024-08-11,Beauty,Lipstick,1,205.23,East,Guwahati,Credit Card,2024-08,205.23
2561,189797,2025-07-27,Beauty,Shampoo,1,1976.6,North,Chandigarh,Credit Card,2025-07,1976.6
2562,110213,2024-02-08,Home & Kitchen,Bedsheet,1,2532.05,South,Chennai,UPI,2024-02,2532.05
2563,143249,2025-01-04,Sports,Cycling Helmet,1,1962.5,South,Hyderabad,Debit Card,2025-01,1962.5
2564,236151,2025-07-21,Home & Kitchen,Mixer Grinder,4,2438.15,East,Kolkata,Net Banking,2025-07,9752.6
2565,150097,2024-02-05,Home & Kitchen,Mixer Grinder,5,1350.76,South,Kochi,Net Banking,2024-02,6753.8
2566,227534,2024-02-17,Home & Kitchen,Bedsheet,2,2780.27,West,Pune,Credit Card,2024-02,5560.54
2567,131541,2025-06-17,Sports,Dumbbells,1,2723.0,North,Chandigarh,Debit Card,2025-06,2723.0
2568,135890,2024-08-24,Beauty,Moisturizer,1,1847.17,West,Pune,UPI,2024-08,1847.17
2569,196298,2024-03-14,Home & Kitchen,Air Fryer,5,2991.63,South,Hyderabad,UPI,2024-03,14958.15
2570,139340,2024-05-16,Books,Fiction Novel,4,1276.75,North,Lucknow,UPI,2024-05,5107.0
2571,234634,2024-09-20,Sports,Yoga Mat,2,2292.63,South,Hyderabad,Credit Card,2024-09,4585.26
2572,159958,2025-07-25,Books,Fiction Novel,3,3112.46,West,Surat,Cash on Delivery,2025-07,9337.38
2573,130230,2024-03-01,Sports,Football,5,238.83,South,Kochi,UPI,2024-03,1194.15
2574,154577,2025-03-29,Home & Kitchen,Bedsheet,1,999.87,South,Kochi,Credit Card,2025-03,999.87
2575,157980,2024-11-08,Sports,Cycling Helmet,5,441.89,South,Hyderabad,Credit Card,2024-11,2209.45
2576,189105,2025-06-28,Fashion,Saree,2,1114.73,South,Chennai,Debit Card,2025-06,2229.46
2577,179909,2025-05-03,Fashion,Sneakers,4,1242.08,East,Patna,UPI,2025-05,4968.32
2578,240699,2024-12-25,Home & Kitchen,Bedsheet,3,1303.83,North,Delhi,UPI,2024-12,3911.49
2579,192881,2024-07-28,Books,Self-Help Book,4,1359.44,East,Guwahati,Debit Card,2024-07,5437.76
2580,200458,2025-03-24,Beauty,Sunscreen,3,634.22,North,Delhi,Debit Card,2025-03,1902.66
2581,118293,2024-05-04,Home & Kitchen,Mixer Grinder,1,1084.03,South,Chennai,UPI,2024-05,1084.03
2582,184462,2025-05-16,Home & Kitchen,Bedsheet,1,50.0,East,Bhubaneswar,UPI,2025-05,50.0
2583,197648,2025-06-05,Fashion,Saree,4,1378.97,West,Pune,UPI,2025-06,5515.88
2584,203902,2025-07-18,Beauty,Sunscreen,4,1462.69,North,Lucknow,Credit Card,2025-07,5850.76
2585,172141,2024-06-24,Home & Kitchen,Lamp,3,1764.94,West,Pune,Credit Card,2024-06,5294.82
2586,161790,2024-08-03,Beauty,Lipstick,4,1702.09,East,Bhubaneswar,UPI,2024-08,6808.36
2587,129444,2024-11-11,Home & Kitchen,Cookware Set,4,1956.03,South,Chennai,UPI,2024-11,7824.12
2588,200863,2025-01-09,Fashion,Saree,3,1651.24,West,Pune,UPI,2025-01,4953.72
2589,190790,2024-08-30,Books,Fiction Novel,3,212.09,North,Delhi,Debit Card,2024-08,636.27
2590,192409,2024-08-16,Home & Kitchen,Mixer Grinder,1,898.86,West,Surat,Net Banking,2024-08,898.86
2591,146598,2025-03-15,Electronics,Tablet,3,1199.98,South,Kochi,UPI,2025-03,3599.94
2592,129775,2024-12-20,Home & Kitchen,Bedsheet,4,1044.13,South,Chennai,Debit Card,2024-12,4176.52
2593,193592,2024-08-26,Beauty,Shampoo,5,1846.34,South,Hyderabad,Credit Card,2024-08,9231.7
2594,203408,2025-05-29,Electronics,Smartphone,4,1049.27,East,Bhubaneswar,UPI,2025-05,4197.08
2595,244530,2024-01-21,Fashion,T-Shirt,3,1661.43,South,Hyderabad,Credit Card,2024-01,4984.29
2596,122884,2025-03-09,Electronics,Smartphone,3,2435.75,East,Bhubaneswar,Cash on Delivery,2025-03,7307.25
2597,248522,2024-06-03,Beauty,Perfume,3,2310.4,East,Guwahati,Net Banking,2024-06,6931.2
2598,217546,2025-01-05,Sports,Cricket Bat,2,545.01,North,Chandigarh,Credit Card,2025-01,1090.02
2599,235458,2025-02-23,Books,Textbook,3,1013.73,East,Patna,Debit Card,2025-02,3041.19
2600,125843,2025-02-06,Home & Kitchen,Mixer Grinder,2,994.39,East,Guwahati,UPI,2025-02,1988.78
2601,191810,2024-03-23,Books,Textbook,4,2953.57,North,Jaipur,Credit Card,2024-03,11814.28
2602,170235,2025-08-04,Fashion,Jacket,2,1107.81,East,Guwahati,Credit Card,2025-08,2215.62
2603,228444,2024-11-25,Sports,Dumbbells,4,3569.06,West,Mumbai,Credit Card,2024-11,14276.24
2604,244841,2025-04-29,Beauty,Perfume,5,1631.09,East,Patna,Credit Card,2025-04,8155.45
2605,214605,2025-02-09,Sports,Cricket Bat,2,1696.57,East,Patna,Credit Card,2025-02,3393.14
2606,107695,2024-06-04,Sports,Cricket Bat,1,1764.65,North,Jaipur,Debit Card,2024-06,1764.65
2607,248147,2025-05-01,Beauty,Sunscreen,4,50.0,North,Chandigarh,Net Banking,2025-05,200.0
2608,211244,2024-01-06,Fashion,Sneakers,5,1534.09,North,Lucknow,Cash on Delivery,2024-01,7670.45
2609,125947,2024-08-14,Beauty,Moisturizer,1,1806.69,North,Lucknow,Credit Card,2024-08,1806.69
2610,157080,2024-01-10,Sports,Dumbbells,2,1322.6,East,Guwahati,UPI,2024-01,2645.2
2611,223312,2025-01-08,Books,Self-Help Book,1,2552.1,East,Kolkata,UPI,2025-01,2552.1
2612,130881,2025-02-09,Books,Textbook,1,2107.59,North,Jaipur,UPI,2025-02,2107.59
2613,185812,2025-05-08,Fashion,Saree,4,1127.91,East,Patna,UPI,2025-05,4511.64
2614,144151,2025-06-02,Beauty,Perfume,3,1372.3,South,Bangalore,Credit Card,2025-06,4116.9
2615,156939,2024-10-10,Electronics,Smartphone,2,207.83,East,Patna,Cash on Delivery,2024-10,415.66
2616,118226,2025-05-11,Sports,Football,4,50.0,South,Chennai,Debit Card,2025-05,200.0
2617,230344,2025-08-07,Books,Textbook,1,2916.75,South,Bangalore,Net Banking,2025-08,2916.75
2618,141498,2025-09-09,Electronics,Smartwatch,2,916.89,West,Pune,Debit Card,2025-09,1833.78
2619,162158,2024-12-17,Beauty,Perfume,5,882.68,South,Hyderabad,Net Banking,2024-12,4413.4
2620,176591,2024-12-21,Books,Self-Help Book,5,1108.96,North,Delhi,UPI,2024-12,5544.8
2621,118711,2024-12-20,Books,Fiction Novel,5,1986.32,East,Bhubaneswar,Credit Card,2024-12,9931.6
2622,224422,2024-11-25,Home & Kitchen,Bedsheet,4,3275.6,West,Mumbai,UPI,2024-11,13102.4
2623,171175,2025-09-19,Electronics,Smartphone,2,1995.21,East,Patna,Credit Card,2025-09,3990.42
2624,184309,2025-06-08,Books,Fiction Novel,1,3275.22,East,Bhubaneswar,Credit Card,2025-06,3275.22
2625,166799,2025-04-29,Books,Textbook,5,1342.53,South,Bangalore,Debit Card,2025-04,6712.65
2626,119894,2025-03-02,Beauty,Sunscreen,4,937.1,West,Pune,Credit Card,2025-03,3748.4
2627,236272,2024-12-24,Books,Fiction Novel,2,516.47,North,Delhi,Cash on Delivery,2024-12,1032.94
2628,246493,2024-05-03,Electronics,Smartphone,5,2152.82,West,Pune,UPI,2024-05,10764.1
2629,216091,2024-09-30,Beauty,Shampoo,2,618.02,West,Pune,Net Banking,2024-09,1236.04
2630,187325,2025-07-05,Electronics,Headphones,4,2290.31,North,Jaipur,Debit Card,2025-07,9161.24
2631,153677,2024-01-04,Books,Biography,3,1047.1,North,Chandigarh,UPI,2024-01,3141.3
2632,155820,2025-03-07,Sports,Cricket Bat,2,1448.98,South,Chennai,UPI,2025-03,2897.96
2633,242153,2024-04-01,Books,Self-Help Book,5,98.08,South,Chennai,Cash on Delivery,2024-04,490.4
2634,121537,2025-06-11,Beauty,Perfume,4,705.76,East,Bhubaneswar,Debit Card,2025-06,2823.04
2635,130832,2025-03-15,Electronics,Smartwatch,4,790.7,East,Patna,Net Banking,2025-03,3162.8
2636,199375,2024-07-20,Electronics,Laptop,1,753.39,East,Guwahati,Credit Card,2024-07,753.39
2637,100148,2025-09-08,Home & Kitchen,Cookware Set,5,2906.98,East,Kolkata,Credit Card,2025-09,14534.9
2638,241129,2024-08-03,Sports,Dumbbells,2,851.66,South,Chennai,Credit Card,2024-08,1703.32
2639,142980,2024-01-20,Electronics,Smartwatch,4,1632.35,West,Pune,Credit Card,2024-01,6529.4
2640,221178,2024-03-17,Books,Biography,5,2333.01,East,Kolkata,Net Banking,2024-03,11665.05
2641,132747,2024-07-14,Fashion,Jeans,2,1770.6,West,Ahmedabad,Credit Card,2024-07,3541.2
2642,185880,2024-08-06,Home & Kitchen,Lamp,4,1518.87,West,Mumbai,UPI,2024-08,6075.48
2643,185037,2025-07-15,Fashion,Jeans,2,1207.07,West,Surat,Debit Card,2025-07,2414.14
2644,120443,2024-05-21,Home & Kitchen,Bedsheet,1,1913.61,South,Kochi,UPI,2024-05,1913.61
2645,188614,2024-10-15,Home & Kitchen,Bedsheet,4,50.0,West,Ahmedabad,Debit Card,2024-10,200.0
2646,135608,2025-06-02,Electronics,Tablet,3,687.9,South,Hyderabad,UPI,2025-06,2063.7
2647,217150,2025-08-01,Beauty,Moisturizer,3,2266.42,North,Chandigarh,UPI,2025-08,6799.26
2648,239320,2024-06-20,Sports,Cricket Bat,1,2790.62,North,Lucknow,UPI,2024-06,2790.62
2649,119974,2025-08-04,Books,Textbook,4,2022.03,West,Ahmedabad,Net Banking,2025-08,8088.12
2650,125957,2025-06-27,Fashion,Sneakers,1,1685.33,South,Kochi,Net Banking,2025-06,1685.33
2651,188410,2025-06-02,Books,Fiction Novel,3,1978.8,South,Kochi,Net Banking,2025-06,5936.4
2652,249194,2025-06-25,Books,Comic,3,1238.78,South,Kochi,Debit Card,2025-06,3716.34
2653,221397,2025-04-02,Books,Textbook,5,1545.03,North,Delhi,UPI,2025-04,7725.15
2654,201829,2024-05-06,Home & Kitchen,Lamp,5,930.35,East,Kolkata,Credit Card,2024-05,4651.75
2655,197097,2025-05-19,Books,Fiction Novel,3,1427.69,North,Lucknow,Debit Card,2025-05,4283.07
2656,181572,2025-03-28,Beauty,Moisturizer,1,138.66,South,Bangalore,Net Banking,2025-03,138.66
2657,233894,2025-06-29,Electronics,Headphones,4,786.92,West,Surat,Credit Card,2025-06,3147.68
2658,134755,2025-05-03,Fashion,Sneakers,1,1067.34,East,Guwahati,Cash on Delivery,2025-05,1067.34
2659,166324,2024-09-13,Sports,Cycling Helmet,3,2420.97,North,Jaipur,Net Banking,2024-09,7262.91
2660,124310,2025-05-04,Electronics,Smartphone,5,1398.72,West,Ahmedabad,Credit Card,2025-05,6993.6
2661,177330,2024-10-20,Home & Kitchen,Mixer Grinder,3,1958.28,South,Chennai,UPI,2024-10,5874.84
2662,111548,2024-04-25,Sports,Yoga Mat,5,581.92,East,Patna,UPI,2024-04,2909.6
2663,225834,2024-04-10,Electronics,Smartphone,2,1334.97,West,Surat,Cash on Delivery,2024-04,2669.94
2664,192875,2024-05-20,Home & Kitchen,Cookware Set,3,2291.82,West,Ahmedabad,Credit Card,2024-05,6875.46
2665,151842,2024-07-10,Fashion,Sneakers,2,148.61,South,Chennai,Debit Card,2024-07,297.22
2666,172941,2024-06-06,Beauty,Lipstick,5,50.0,West,Pune,Credit Card,2024-06,250.0
2667,206580,2024-07-05,Fashion,Jeans,2,1108.03,North,Lucknow,Debit Card,2024-07,2216.06
2668,124508,2024-02-15,Books,Textbook,4,1334.56,East,Kolkata,UPI,2024-02,5338.24
2669,182521,2025-03-09,Electronics,Tablet,4,820.63,East,Patna,UPI,2025-03,3282.52
2670,240329,2024-06-14,Books,Biography,1,1174.58,West,Pune,UPI,2024-06,1174.58
2671,173641,2024-02-17,Sports,Cycling Helmet,1,1445.84,East,Patna,Cash on Delivery,2024-02,1445.84
2672,168631,2024-03-17,Books,Fiction Novel,5,2789.63,North,Lucknow,UPI,2024-03,13948.15
2673,110383,2024-02-06,Books,Self-Help Book,3,2677.23,South,Hyderabad,Credit Card,2024-02,8031.69
2674,198777,2025-04-21,Fashion,Saree,4,2330.23,East,Kolkata,UPI,2025-04,9320.92
2675,227185,2025-01-17,Books,Biography,5,2478.86,South,Bangalore,UPI,2025-01,12394.3
2676,225645,2024-06-22,Beauty,Moisturizer,5,1120.73,West,Surat,UPI,2024-06,5603.65
2677,102147,2024-07-31,Books,Textbook,1,2096.44,South,Kochi,UPI,2024-07,2096.44
2678,173547,2024-09-06,Books,Fiction Novel,4,1058.53,North,Jaipur,Credit Card,2024-09,4234.12
2679,166262,2025-01-25,Beauty,Moisturizer,5,1116.75,West,Ahmedabad,Cash on Delivery,2025-01,5583.75
2680,187617,2025-04-14,Home & Kitchen,Cookware Set,5,3213.72,South,Hyderabad,Credit Card,2025-04,16068.6
2681,131615,2024-11-13,Electronics,Laptop,5,50.0,North,Jaipur,UPI,2024-11,250.0
2682,166374,2025-08-02,Electronics,Laptop,3,410.75,West,Ahmedabad,Credit Card,2025-08,1232.25
2683,241772,2024-02-23,Home & Kitchen,Lamp,2,3153.97,North,Chandigarh,Credit Card,2024-02,6307.94
2684,140438,2025-08-09,Sports,Cycling Helmet,3,1070.2,South,Chennai,UPI,2025-08,3210.6
2685,103087,2024-10-06,Beauty,Lipstick,2,487.25,East,Bhubaneswar,Net Banking,2024-10,974.5
2686,187380,2025-08-09,Home & Kitchen,Air Fryer,2,813.81,North,Chandigarh,Debit Card,2025-08,1627.62
2687,228338,2025-08-05,Fashion,Jeans,3,1630.1,North,Delhi,Credit Card,2025-08,4890.3
2688,199341,2024-02-22,Beauty,Moisturizer,4,3358.41,East,Guwahati,Credit Card,2024-02,13433.64
2689,120275,2025-03-11,Beauty,Sunscreen,2,1934.38,East,Patna,Credit Card,2025-03,3868.76
2690,144091,2024-01-16,Books,Self-Help Book,2,50.0,East,Kolkata,UPI,2024-01,100.0
2691,205452,2024-01-05,Sports,Cycling Helmet,1,2910.19,East,Kolkata,Net Banking,2024-01,2910.19
2692,218352,2024-08-17,Beauty,Shampoo,2,1365.92,East,Guwahati,Credit Card,2024-08,2731.84
2693,201853,2024-12-17,Books,Self-Help Book,3,913.37,West,Ahmedabad,Credit Card,2024-12,2740.11
2694,196860,2025-08-18,Home & Kitchen,Air Fryer,4,2210.77,East,Guwahati,UPI,2025-08,8843.08
2695,188201,2025-01-01,Books,Fiction Novel,5,534.74,East,Bhubaneswar,Credit Card,2025-01,2673.7
2697,105959,2024-08-23,Electronics,Laptop,2,1154.73,East,Bhubaneswar,Debit Card,2024-08,2309.46
2698,161438,2025-09-15,Home & Kitchen,Lamp,5,1888.29,South,Bangalore,Credit Card,2025-09,9441.45
2699,199922,2025-04-24,Electronics,Laptop,3,768.82,East,Guwahati,UPI,2025-04,2306.46
2700,218718,2024-12-25,Electronics,Headphones,2,1917.3,East,Bhubaneswar,Credit Card,2024-12,3834.6
2701,142365,2025-07-20,Books,Biography,2,2508.1,East,Patna,UPI,2025-07,5016.2
2702,193883,2024-06-03,Sports,Dumbbells,1,114.82,East,Guwahati,Net Banking,2024-06,114.82
2703,229031,2025-03-26,Fashion,Sneakers,1,1742.32,South,Chennai,UPI,2025-03,1742.32
2704,119865,2024-09-05,Books,Comic,5,2709.92,East,Kolkata,Net Banking,2024-09,13549.6
2705,202604,2025-05-18,Electronics,Smartwatch,3,916.43,West,Ahmedabad,Cash on Delivery,2025-05,2749.29
2706,125721,2024-12-18,Fashion,Jeans,3,1109.4,East,Patna,UPI,2024-12,3328.2
2707,133363,2024-09-12,Sports,Cricket Bat,5,1124.61,West,Pune,UPI,2024-09,5623.05
2708,168458,2024-10-18,Fashion,Jacket,4,514.78,North,Chandigarh,UPI,2024-10,2059.12
2709,105940,2025-04-25,Sports,Football,1,587.93,North,Jaipur,UPI,2025-04,587.93
2710,144395,2025-09-06,Books,Fiction Novel,5,806.45,North,Jaipur,UPI,2025-09,4032.25
2711,153798,2024-05-27,Electronics,Smartwatch,2,1790.59,South,Hyderabad,UPI,2024-05,3581.18
2712,178608,2024-03-06,Electronics,Headphones,2,3340.28,South,Hyderabad,UPI,2024-03,6680.56
2713,235577,2024-07-18,Books,Comic,3,1187.55,East,Guwahati,Net Banking,2024-07,3562.65
2714,246525,2024-11-25,Beauty,Shampoo,2,2296.59,North,Jaipur,UPI,2024-11,4593.18
2715,137596,2024-09-03,Beauty,Lipstick,5,2847.84,North,Delhi,Credit Card,2024-09,14239.2
2717,212039,2024-12-10,Home & Kitchen,Lamp,3,1579.76,West,Ahmedabad,Cash on Delivery,2024-12,4739.28
2718,102858,2025-04-20,Sports,Dumbbells,1,1365.27,North,Delhi,UPI,2025-04,1365.27
2719,241586,2024-12-17,Beauty,Shampoo,5,1124.07,South,Hyderabad,Debit Card,2024-12,5620.35
2720,227637,2024-04-30,Electronics,Smartwatch,3,1846.22,East,Guwahati,Debit Card,2024-04,5538.66
2721,160062,2024-11-09,Beauty,Perfume,1,1147.53,East,Kolkata,Debit Card,2024-11,1147.53
2722,176776,2025-01-12,Sports,Yoga Mat,2,2449.9,East,Kolkata,UPI,2025-01,4899.8
2723,139193,2024-12-13,Electronics,Tablet,4,1467.71,West,Surat,UPI,2024-12,5870.84
2724,162051,2025-06-06,Home & Kitchen,Air Fryer,4,798.75,West,Surat,UPI,2025-06,3195.0
2725,162234,2025-03-25,Sports,Yoga Mat,3,692.96,South,Hyderabad,Net Banking,2025-03,2078.88
2726,222114,2025-02-02,Beauty,Sunscreen,2,1870.46,West,Surat,UPI,2025-02,3740.92
2727,207494,2024-04-07,Electronics,Tablet,4,50.0,North,Jaipur,Debit Card,2024-04,200.0
2728,172621,2025-06-19,Electronics,Headphones,1,1041.41,East,Bhubaneswar,UPI,2025-06,1041.41
2729,191427,2024-03-24,Beauty,Moisturizer,5,3222.44,North,Lucknow,Debit Card,2024-03,16112.2
2730,198612,2024-08-26,Home & Kitchen,Lamp,3,789.57,North,Chandigarh,Credit Card,2024-08,2368.71
2731,143256,2024-07-27,Books,Self-Help Book,5,1484.79,North,Delhi,Cash on Delivery,2024-07,7423.95
2732,180162,2024-07-22,Beauty,Lipstick,1,2958.64,North,Chandigarh,Credit Card,2024-07,2958.64
2733,179951,2024-12-23,Books,Comic,5,721.49,East,Bhubaneswar,Net Banking,2024-12,3607.45
2734,232441,2025-05-08,Fashion,Saree,5,1930.43,East,Guwahati,Debit Card,2025-05,9652.15
2735,131888,2024-03-05,Home & Kitchen,Lamp,2,1464.74,South,Kochi,UPI,2024-03,2929.48
2736,182342,2024-12-17,Electronics,Laptop,1,632.18,West,Mumbai,Debit Card,2024-12,632.18
2737,158096,2025-09-02,Beauty,Perfume,3,1746.26,East,Bhubaneswar,Credit Card,2025-09,5238.78
2738,190481,2025-07-08,Fashion,Saree,2,1305.18,East,Patna,Credit Card,2025-07,2610.36
2739,202587,2025-07-20,Home & Kitchen,Air Fryer,3,2296.63,North,Chandigarh,UPI,2025-07,6889.89
2740,239381,2025-02-17,Home & Kitchen,Air Fryer,1,593.07,North,Chandigarh,Credit Card,2025-02,593.07
2741,107127,2024-02-22,Fashion,Sneakers,4,3250.78,West,Surat,Credit Card,2024-02,13003.12
2742,240609,2024-06-27,Electronics,Headphones,5,2526.42,East,Guwahati,UPI,2024-06,12632.1
2743,190957,2025-09-30,Beauty,Sunscreen,4,1516.82,East,Bhubaneswar,Debit Card,2025-09,6067.28
2744,184065,2024-02-14,Books,Textbook,1,1035.64,East,Patna,Net Banking,2024-02,1035.64
2745,116698,2024-08-30,Fashion,Jacket,1,1122.32,East,Bhubaneswar,UPI,2024-08,1122.32
2746,244474,2024-12-27,Home & Kitchen,Bedsheet,1,2638.84,North,Chandigarh,Cash on Delivery,2024-12,2638.84
2747,155763,2024-01-25,Fashion,Jacket,4,283.88,South,Bangalore,UPI,2024-01,1135.52
2748,108884,2024-11-20,Sports,Cricket Bat,3,469.06,East,Bhubaneswar,Cash on Delivery,2024-11,1407.18
2749,188850,2024-03-18,Home & Kitchen,Air Fryer,2,1749.86,North,Chandigarh,Credit Card,2024-03,3499.72
2750,141783,2024-08-27,Books,Comic,2,61.6,North,Jaipur,Net Banking,2024-08,123.2
2751,215889,2024-03-14,Fashion,T-Shirt,4,793.79,North,Lucknow,Debit Card,2024-03,3175.16
2752,235442,2025-09-07,Electronics,Tablet,1,1478.97,West,Surat,Credit Card,2025-09,1478.97
2753,185239,2025-04-15,Beauty,Shampoo,4,755.02,South,Hyderabad,Credit Card,2025-04,3020.08
2754,161248,2024-04-02,Beauty,Sunscreen,3,1627.96,West,Surat,UPI,2024-04,4883.88
2755,168983,2024-02-17,Books,Self-Help Book,4,1180.58,West,Pune,Debit Card,2024-02,4722.32
2756,249069,2025-02-07,Books,Biography,5,2503.19,North,Jaipur,Credit Card,2025-02,12515.95
2757,247514,2024-05-10,Books,Fiction Novel,4,849.43,South,Kochi,Cash on Delivery,2024-05,3397.72
2758,200666,2024-02-04,Beauty,Sunscreen,3,400.82,North,Chandigarh,Debit Card,2024-02,1202.46
2759,113925,2024-06-17,Home & Kitchen,Air Fryer,4,2395.85,South,Chennai,Debit Card,2024-06,9583.4
2760,165760,2024-05-28,Home & Kitchen,Air Fryer,3,1386.32,East,Bhubaneswar,Debit Card,2024-05,4158.96
2761,131790,2025-06-10,Electronics,Headphones,2,1085.33,West,Pune,Debit Card,2025-06,2170.66
2762,151761,2025-04-16,Home & Kitchen,Mixer Grinder,4,2680.45,East,Guwahati,UPI,2025-04,10721.8
2763,111321,2024-12-14,Home & Kitchen,Air Fryer,3,1412.7,North,Chandigarh,UPI,2024-12,4238.1
2764,193395,2025-03-27,Electronics,Tablet,4,1422.62,East,Patna,Cash on Delivery,2025-03,5690.48
2765,152719,2025-06-09,Fashion,Saree,3,1022.96,West,Surat,Net Banking,2025-06,3068.88
2766,173775,2025-06-02,Beauty,Sunscreen,1,1548.03,North,Delhi,Net Banking,2025-06,1548.03
2767,221209,2025-07-18,Home & Kitchen,Bedsheet,2,865.46,South,Bangalore,Debit Card,2025-07,1730.92
2768,213759,2025-04-16,Books,Biography,5,1488.23,East,Guwahati,UPI,2025-04,7441.15
2769,249001,2024-03-18,Home & Kitchen,Lamp,4,1837.03,North,Jaipur,UPI,2024-03,7348.12
2770,247424,2025-02-13,Books,Comic,2,1440.91,East,Patna,UPI,2025-02,2881.82
2771,114633,2025-08-07,Beauty,Lipstick,2,1865.6,South,Chennai,Cash on Delivery,2025-08,3731.2
2772,236351,2024-05-22,Electronics,Tablet,4,1045.95,East,Guwahati,Debit Card,2024-05,4183.8
2774,191306,2025-06-23,Sports,Cricket Bat,3,1876.37,South,Hyderabad,UPI,2025-06,5629.11
2775,120744,2024-07-13,Beauty,Moisturizer,3,2440.2,West,Ahmedabad,UPI,2024-07,7320.6
2777,136067,2025-09-12,Beauty,Moisturizer,2,2718.93,South,Kochi,Net Banking,2025-09,5437.86
2778,168268,2025-09-22,Books,Comic,1,1144.84,East,Kolkata,Debit Card,2025-09,1144.84
2779,128381,2024-10-18,Home & Kitchen,Air Fryer,4,1969.03,East,Guwahati,Cash on Delivery,2024-10,7876.12
2780,239481,2025-02-21,Electronics,Tablet,4,1766.38,East,Bhubaneswar,Net Banking,2025-02,7065.52
2781,219202,2024-12-25,Fashion,T-Shirt,4,1099.75,North,Lucknow,Debit Card,2024-12,4399.0
2782,137801,2025-07-19,Books,Fiction Novel,3,1611.9,South,Bangalore,UPI,2025-07,4835.7
2783,140029,2025-08-06,Sports,Football,5,1934.43,North,Chandigarh,Debit Card,2025-08,9672.15
2784,164000,2024-02-28,Books,Biography,5,901.33,West,Surat,UPI,2024-02,4506.65
2785,242827,2024-08-10,Books,Fiction Novel,1,1385.76,West,Mumbai,UPI,2024-08,1385.76
2786,145740,2024-06-16,Electronics,Tablet,4,1482.59,East,Bhubaneswar,Credit Card,2024-06,5930.36
2787,119152,2025-07-22,Fashion,Jacket,2,1066.72,North,Lucknow,Credit Card,2025-07,2133.44
2788,214488,2024-12-24,Electronics,Smartwatch,3,1960.61,West,Ahmedabad,Credit Card,2024-12,5881.83
2789,173388,2024-06-12,Electronics,Tablet,1,883.15,North,Lucknow,UPI,2024-06,883.15
2790,155732,2024-11-16,Books,Textbook,1,1883.53,South,Bangalore,Debit Card,2024-11,1883.53
2791,153443,2025-03-18,Books,Biography,4,2642.91,West,Ahmedabad,Cash on Delivery,2025-03,10571.64
2792,227388,2025-07-06,Electronics,Laptop,4,1509.02,West,Ahmedabad,Debit Card,2025-07,6036.08
2793,204835,2025-07-14,Sports,Dumbbells,3,604.97,South,Kochi,UPI,2025-07,1814.91
2794,111980,2024-03-23,Beauty,Moisturizer,5,1765.9,South,Hyderabad,UPI,2024-03,8829.5
2795,188239,2024-05-09,Electronics,Headphones,4,980.58,East,Kolkata,UPI,2024-05,3922.32
2796,238738,2024-06-22,Books,Self-Help Book,4,1702.54,South,Kochi,UPI,2024-06,6810.16
2797,238058,2025-06-11,Books,Biography,1,567.07,East,Guwahati,UPI,2025-06,567.07
2798,214165,2024-09-06,Beauty,Perfume,1,3493.97,East,Patna,Cash on Delivery,2024-09,3493.97
2799,206819,2024-10-15,Sports,Cricket Bat,3,1590.86,West,Ahmedabad,Credit Card,2024-10,4772.58
2800,127223,2024-08-18,Home & Kitchen,Air Fryer,2,201.55,North,Chandigarh,Credit Card,2024-08,403.1
2801,173217,2024-02-10,Sports,Cycling Helmet,4,892.38,South,Kochi,Credit Card,2024-02,3569.52
2802,203776,2025-02-08,Home & Kitchen,Lamp,1,50.0,West,Pune,Debit Card,2025-02,50.0
2803,130669,2025-03-13,Books,Biography,2,1443.09,North,Lucknow,Credit Card,2025-03,2886.18
2804,185695,2024-11-02,Electronics,Smartphone,2,50.0,West,Ahmedabad,Cash on Delivery,2024-11,100.0
2805,237905,2024-11-24,Fashion,Sneakers,3,448.61,South,Kochi,Credit Card,2024-11,1345.83
2806,150536,2025-05-24,Books,Biography,5,2245.5,East,Patna,UPI,2025-05,11227.5
2807,230349,2025-01-28,Fashion,Jeans,2,1475.89,East,Guwahati,Credit Card,2025-01,2951.78
2808,125015,2025-08-10,Fashion,Jeans,3,1346.3,East,Kolkata,Credit Card,2025-08,4038.9
2809,246763,2025-01-25,Sports,Cricket Bat,2,1715.3,East,Patna,UPI,2025-01,3430.6
2810,120956,2025-07-22,Fashion,Jeans,2,2321.81,East,Kolkata,Debit Card,2025-07,4643.62
2811,109812,2024-02-26,Beauty,Moisturizer,1,1337.87,South,Hyderabad,UPI,2024-02,1337.87
2812,150672,2024-10-23,Fashion,T-Shirt,3,50.0,East,Guwahati,Net Banking,2024-10,150.0
2813,209864,2024-06-05,Fashion,T-Shirt,4,2605.81,West,Mumbai,Cash on Delivery,2024-06,10423.24
2814,146322,2025-08-23,Books,Fiction Novel,4,1597.83,North,Jaipur,UPI,2025-08,6391.32
2815,218245,2024-03-19,Fashion,Saree,4,1677.39,North,Chandigarh,Net Banking,2024-03,6709.56
2816,107746,2025-09-06,Electronics,Headphones,5,762.34,West,Ahmedabad,UPI,2025-09,3811.7
2817,237352,2025-03-21,Sports,Dumbbells,1,2367.27,South,Kochi,Cash on Delivery,2025-03,2367.27
2818,191995,2024-12-30,Books,Fiction Novel,5,1436.51,West,Surat,Debit Card,2024-12,7182.55
2819,113550,2024-01-20,Electronics,Laptop,4,2176.81,North,Jaipur,Debit Card,2024-01,8707.24
2820,213887,2024-07-27,Sports,Cricket Bat,2,2133.32,West,Mumbai,Net Banking,2024-07,4266.64
2821,218599,2025-08-07,Beauty,Lipstick,5,2672.17,East,Kolkata,Cash on Delivery,2025-08,13360.85
2822,121232,2024-06-19,Sports,Cycling Helmet,4,1219.23,North,Lucknow,UPI,2024-06,4876.92
2823,157609,2024-05-13,Electronics,Headphones,5,1147.48,West,Surat,Debit Card,2024-05,5737.4
2824,230316,2024-07-25,Books,Biography,3,1182.02,North,Delhi,UPI,2024-07,3546.06
2825,100028,2024-12-20,Beauty,Sunscreen,4,436.02,East,Bhubaneswar,Debit Card,2024-12,1744.08
2826,138255,2025-03-18,Books,Comic,1,794.82,North,Delhi,Credit Card,2025-03,794.82
2828,182356,2024-04-19,Books,Self-Help Book,4,353.71,South,Bangalore,Cash on Delivery,2024-04,1414.84
2829,128350,2024-08-15,Beauty,Shampoo,2,1277.14,West,Pune,Net Banking,2024-08,2554.28
2830,177234,2024-08-29,Electronics,Smartwatch,3,750.98,South,Kochi,UPI,2024-08,2252.94
2831,229245,2024-09-24,Books,Textbook,3,2560.42,East,Kolkata,Net Banking,2024-09,7681.26
2832,127028,2024-06-18,Sports,Yoga Mat,4,2024.58,South,Kochi,UPI,2024-06,8098.32
2833,190823,2025-09-16,Fashion,Jacket,4,809.73,West,Ahmedabad,Debit Card,2025-09,3238.92
2834,205238,2025-01-17,Beauty,Sunscreen,1,1503.18,West,Ahmedabad,Debit Card,2025-01,1503.18
2835,231726,2024-07-04,Home & Kitchen,Cookware Set,1,1430.27,West,Ahmedabad,UPI,2024-07,1430.27
2836,118113,2025-02-02,Beauty,Sunscreen,4,2462.06,West,Mumbai,Debit Card,2025-02,9848.24
2837,199617,2024-01-08,Books,Comic,2,50.0,North,Lucknow,Credit Card,2024-01,100.0
2838,205909,2024-05-28,Books,Biography,4,1454.38,South,Bangalore,Credit Card,2024-05,5817.52
2839,215833,2024-08-01,Fashion,Jeans,5,1094.38,West,Surat,Net Banking,2024-08,5471.9
2840,172752,2024-08-29,Books,Comic,2,1887.42,North,Chandigarh,Net Banking,2024-08,3774.84
2841,233356,2025-02-19,Home & Kitchen,Cookware Set,4,1635.25,South,Bangalore,UPI,2025-02,6541.0
2842,108261,2025-02-22,Sports,Cycling Helmet,3,2552.34,East,Patna,UPI,2025-02,7657.02
2843,233729,2024-08-16,Sports,Cricket Bat,2,614.64,North,Jaipur,Cash on Delivery,2024-08,1229.28
2844,115661,2024-12-12,Home & Kitchen,Air Fryer,1,1713.31,East,Kolkata,UPI,2024-12,1713.31
2845,183759,2025-09-11,Home & Kitchen,Mixer Grinder,4,1581.96,North,Lucknow,UPI,2025-09,6327.84
2846,242031,2025-09-23,Home & Kitchen,Bedsheet,4,1934.64,West,Mumbai,Cash on Delivery,2025-09,7738.56
2847,222936,2024-06-02,Books,Comic,2,1522.22,West,Ahmedabad,Debit Card,2024-06,3044.44
2848,236447,2024-04-03,Home & Kitchen,Cookware Set,4,3172.41,North,Chandigarh,UPI,2024-04,12689.64
2849,244257,2025-03-03,Fashion,Sneakers,3,1082.87,North,Lucknow,Cash on Delivery,2025-03,3248.61
2850,178844,2025-08-29,Home & Kitchen,Lamp,2,1110.12,South,Hyderabad,UPI,2025-08,2220.24
2851,182202,2025-03-19,Fashion,Jeans,4,584.0,South,Kochi,Credit Card,2025-03,2336.0
2852,171015,2024-02-03,Home & Kitchen,Bedsheet,3,1618.76,South,Hyderabad,Debit Card,2024-02,4856.28
2853,169780,2025-09-06,Electronics,Smartphone,5,1472.65,North,Delhi,UPI,2025-09,7363.25
2854,106380,2024-03-18,Electronics,Tablet,3,1321.67,East,Kolkata,UPI,2024-03,3965.01
2855,225107,2025-09-13,Sports,Yoga Mat,4,2324.33,East,Patna,UPI,2025-09,9297.32
2856,101164,2024-06-20,Electronics,Smartphone,4,525.33,West,Ahmedabad,UPI,2024-06,2101.32
2857,133931,2025-03-18,Beauty,Lipstick,5,2382.97,North,Delhi,UPI,2025-03,11914.85
2858,141960,2024-05-20,Sports,Cycling Helmet,3,1617.03,West,Mumbai,UPI,2024-05,4851.09
2859,194380,2024-04-10,Sports,Cricket Bat,3,1868.65,East,Guwahati,Debit Card,2024-04,5605.95
2860,201857,2025-08-29,Home & Kitchen,Bedsheet,3,2355.85,North,Lucknow,Debit Card,2025-08,7067.55
2861,203076,2024-01-25,Fashion,Sneakers,2,2792.57,East,Kolkata,UPI,2024-01,5585.14
2862,167230,2024-02-08,Books,Biography,3,3378.68,North,Lucknow,Cash on Delivery,2024-02,10136.04
2863,178819,2024-03-15,Books,Fiction Novel,2,1652.2,East,Patna,UPI,2024-03,3304.4
2864,231104,2024-12-19,Beauty,Lipstick,1,585.31,West,Pune,Credit Card,2024-12,585.31
2865,241893,2024-07-18,Electronics,Smartwatch,1,1648.81,South,Bangalore,Cash on Delivery,2024-07,1648.81
2866,160528,2025-03-03,Electronics,Smartwatch,4,574.61,West,Mumbai,UPI,2025-03,2298.44
2867,171374,2025-01-31,Fashion,Jacket,1,1584.22,West,Ahmedabad,Cash on Delivery,2025-01,1584.22
2868,181905,2025-06-16,Electronics,Headphones,3,2453.27,South,Bangalore,Debit Card,2025-06,7359.81
2869,212615,2024-01-05,Books,Biography,4,696.41,South,Kochi,Credit Card,2024-01,2785.64
2870,213029,2024-12-03,Fashion,Jacket,4,1907.23,South,Kochi,Credit Card,2024-12,7628.92
2871,216122,2025-04-25,Fashion,Sneakers,5,1025.83,North,Delhi,Debit Card,2025-04,5129.15
2872,148771,2024-03-20,Books,Textbook,2,50.0,East,Patna,Credit Card,2024-03,100.0
2873,184382,2025-01-03,Sports,Dumbbells,1,2568.7,East,Patna,Cash on Delivery,2025-01,2568.7
2874,112744,2025-07-04,Fashion,Sneakers,5,50.0,North,Delhi,Net Banking,2025-07,250.0
2876,182488,2024-08-21,Beauty,Sunscreen,4,687.33,East,Kolkata,Credit Card,2024-08,2749.32
2877,103259,2025-07-19,Beauty,Sunscreen,3,1558.16,East,Bhubaneswar,UPI,2025-07,4674.48
2878,152240,2024-11-22,Books,Fiction Novel,4,1246.26,East,Guwahati,Net Banking,2024-11,4985.04
2879,101945,2025-01-20,Books,Fiction Novel,3,1739.15,East,Patna,Credit Card,2025-01,5217.45
2880,226169,2025-02-02,Books,Self-Help Book,3,2554.24,West,Surat,Debit Card,2025-02,7662.72
2881,203095,2024-04-24,Electronics,Smartphone,1,831.33,South,Chennai,Debit Card,2024-04,831.33
2882,206185,2025-03-13,Fashion,Jacket,3,1706.19,North,Chandigarh,UPI,2025-03,5118.57
2883,161938,2025-01-17,Beauty,Perfume,2,1042.86,North,Jaipur,Cash on Delivery,2025-01,2085.72
2884,142311,2024-11-25,Electronics,Smartphone,4,244.63,East,Guwahati,Debit Card,2024-11,978.52
2885,154826,2024-05-06,Home & Kitchen,Air Fryer,4,1237.64,North,Jaipur,Credit Card,2024-05,4950.56
2886,243376,2025-09-08,Electronics,Smartphone,3,1070.52,South,Kochi,Net Banking,2025-09,3211.56
2887,246366,2025-05-12,Books,Textbook,1,1149.4,North,Delhi,Credit Card,2025-05,1149.4
2888,101019,2024-10-15,Electronics,Smartwatch,2,2097.86,East,Guwahati,Net Banking,2024-10,4195.72
2889,190704,2024-02-04,Electronics,Smartwatch,2,1973.22,South,Kochi,Credit Card,2024-02,3946.44
2890,208100,2024-05-27,Fashion,Jacket,1,2277.96,North,Delhi,Debit Card,2024-05,2277.96
2891,243577,2024-08-08,Electronics,Tablet,2,644.85,South,Bangalore,Credit Card,2024-08,1289.7
2892,143564,2024-04-09,Beauty,Sunscreen,1,1808.0,East,Guwahati,Net Banking,2024-04,1808.0
2893,142355,2024-05-23,Home & Kitchen,Air Fryer,2,1262.02,North,Jaipur,Debit Card,2024-05,2524.04
2894,221177,2024-12-14,Books,Fiction Novel,1,1241.8,West,Pune,Net Banking,2024-12,1241.8
2895,243277,2024-04-13,Fashion,Sneakers,5,2201.97,East,Kolkata,UPI,2024-04,11009.85
2896,176816,2024-02-02,Beauty,Shampoo,4,2602.93,West,Pune,Credit Card,2024-02,10411.72
2897,108439,2024-12-27,Beauty,Lipstick,5,1229.73,East,Kolkata,Debit Card,2024-12,6148.65
2898,220603,2025-04-14,Beauty,Lipstick,4,1665.37,West,Pune,UPI,2025-04,6661.48
2899,120031,2024-06-12,Sports,Football,1,2065.18,East,Bhubaneswar,Credit Card,2024-06,2065.18
2900,115247,2024-10-04,Fashion,Sneakers,2,2273.42,East,Guwahati,Credit Card,2024-10,4546.84
2901,179965,2024-01-29,Beauty,Moisturizer,3,1381.43,East,Guwahati,Credit Card,2024-01,4144.29
2902,168616,2024-05-26,Sports,Football,5,1557.26,South,Chennai,UPI,2024-05,7786.3
2903,232688,2025-07-26,Books,Fiction Novel,3,3536.22,East,Guwahati,Credit Card,2025-07,10608.66
2904,196435,2025-01-04,Beauty,Shampoo,5,1266.68,East,Kolkata,UPI,2025-01,6333.4
2905,215422,2024-01-12,Beauty,Lipstick,1,2671.25,East,Bhubaneswar,Credit Card,2024-01,2671.25
2906,219521,2025-07-30,Books,Biography,5,2199.35,South,Chennai,Debit Card,2025-07,10996.75
2907,241940,2024-04-28,Beauty,Lipstick,4,3074.85,South,Bangalore,Credit Card,2024-04,12299.4
2908,214654,2025-05-20,Books,Comic,4,1131.58,East,Bhubaneswar,Debit Card,2025-05,4526.32
2909,179832,2025-02-09,Electronics,Smartwatch,2,893.17,South,Chennai,Debit Card,2025-02,1786.34
2910,203924,2025-07-07,Home & Kitchen,Air Fryer,3,1989.33,North,Jaipur,UPI,2025-07,5967.99
2911,200185,2024-03-05,Electronics,Tablet,4,929.48,West,Mumbai,Debit Card,2024-03,3717.92
2912,169712,2025-04-23,Electronics,Laptop,5,1053.57,East,Kolkata,Debit Card,2025-04,5267.85
2913,166048,2024-06-20,Home & Kitchen,Cookware Set,1,785.77,North,Chandigarh,Debit Card,2024-06,785.77
2914,131910,2024-06-25,Fashion,Saree,4,1225.12,East,Kolkata,Net Banking,2024-06,4900.48
2915,127258,2024-12-31,Home & Kitchen,Air Fryer,1,1691.86,West,Ahmedabad,Credit Card,2024-12,1691.86
2916,141827,2025-09-22,Home & Kitchen,Bedsheet,4,2765.73,North,Delhi,Credit Card,2025-09,11062.92
2917,150734,2025-07-12,Beauty,Perfume,5,50.0,West,Surat,UPI,2025-07,250.0
2918,173675,2025-05-15,Books,Biography,4,50.0,East,Bhubaneswar,Debit Card,2025-05,200.0
2919,126884,2025-07-02,Books,Comic,4,368.29,South,Kochi,Cash on Delivery,2025-07,1473.16
2920,215897,2024-09-04,Home & Kitchen,Cookware Set,1,1945.99,South,Hyderabad,UPI,2024-09,1945.99
2921,110851,2024-09-30,Fashion,T-Shirt,4,1553.72,East,Bhubaneswar,Net Banking,2024-09,6214.88
2922,176964,2024-07-22,Sports,Dumbbells,3,1415.52,North,Jaipur,Debit Card,2024-07,4246.56
2923,112446,2024-07-07,Electronics,Headphones,2,1557.62,North,Chandigarh,Credit Card,2024-07,3115.24
2924,243357,2024-04-24,Beauty,Shampoo,4,854.23,South,Bangalore,Net Banking,2024-04,3416.92
2925,163704,2025-03-27,Home & Kitchen,Bedsheet,5,1433.56,South,Bangalore,UPI,2025-03,7167.8
2926,189892,2024-02-19,Fashion,Saree,1,1207.49,West,Surat,Credit Card,2024-02,1207.49
2927,170755,2024-06-21,Beauty,Sunscreen,5,50.0,North,Chandigarh,Credit Card,2024-06,250.0
2928,183123,2025-06-23,Fashion,T-Shirt,4,413.28,West,Ahmedabad,UPI,2025-06,1653.12
2929,146541,2024-01-31,Fashion,Sneakers,4,1983.78,West,Ahmedabad,Debit Card,2024-01,7935.12
2930,171292,2024-12-21,Beauty,Lipstick,1,793.02,North,Jaipur,Credit Card,2024-12,793.02
2931,181423,2024-09-22,Fashion,T-Shirt,2,953.83,South,Kochi,Net Banking,2024-09,1907.66
2932,234112,2024-08-16,Sports,Dumbbells,2,1526.99,North,Chandigarh,UPI,2024-08,3053.98
2933,228459,2025-08-02,Electronics,Laptop,3,1484.53,West,Mumbai,Credit Card,2025-08,4453.59
2934,215173,2025-02-25,Home & Kitchen,Lamp,4,616.6,North,Chandigarh,Cash on Delivery,2025-02,2466.4
2935,115395,2024-10-05,Sports,Football,5,2734.41,North,Lucknow,UPI,2024-10,13672.05
2936,243965,2024-10-19,Fashion,Saree,3,3396.79,West,Pune,Debit Card,2024-10,10190.37
2937,101888,2025-04-06,Sports,Dumbbells,4,1847.79,North,Chandigarh,UPI,2025-04,7391.16
2938,154680,2024-11-04,Sports,Cycling Helmet,2,176.72,North,Lucknow,UPI,2024-11,353.44
2939,245494,2024-06-07,Books,Fiction Novel,1,2141.0,West,Pune,Cash on Delivery,2024-06,2141.0
2940,241066,2025-09-09,Fashion,Jeans,2,1769.93,South,Kochi,Cash on Delivery,2025-09,3539.86
2941,186778,2024-05-17,Sports,Yoga Mat,2,2559.63,North,Delhi,UPI,2024-05,5119.26
2942,202532,2024-09-04,Books,Fiction Novel,4,2829.3,East,Guwahati,UPI,2024-09,11317.2
2943,202931,2024-12-03,Sports,Dumbbells,4,2131.7,West,Ahmedabad,Cash on Delivery,2024-12,8526.8
2944,221452,2024-12-09,Fashion,Jacket,3,2887.32,East,Kolkata,Debit Card,2024-12,8661.96
2945,197927,2025-07-30,Sports,Cricket Bat,3,1131.52,West,Mumbai,UPI,2025-07,3394.56
2946,245362,2024-02-19,Electronics,Tablet,1,1112.66,North,Delhi,Cash on Delivery,2024-02,1112.66
2947,234252,2024-10-04,Beauty,Perfume,5,1611.73,North,Delhi,Credit Card,2024-10,8058.65
2948,236561,2024-02-14,Home & Kitchen,Cookware Set,1,1478.41,North,Jaipur,Credit Card,2024-02,1478.41
2949,127276,2024-07-11,Beauty,Shampoo,3,2005.73,West,Mumbai,Debit Card,2024-07,6017.19
2950,139082,2024-11-01,Beauty,Lipstick,3,2491.66,West,Mumbai,Credit Card,2024-11,7474.98
2951,121107,2024-07-18,Electronics,Smartphone,4,1343.58,East,Guwahati,Cash on Delivery,2024-07,5374.32
2952,123675,2024-10-23,Beauty,Lipstick,1,50.0,North,Delhi,Credit Card,2024-10,50.0
2953,163829,2024-03-25,Books,Self-Help Book,4,177.93,West,Mumbai,Debit Card,2024-03,711.72
2954,122803,2024-07-04,Home & Kitchen,Cookware Set,3,1580.34,East,Guwahati,Net Banking,2024-07,4741.02
2955,119288,2024-01-23,Fashion,T-Shirt,1,1561.5,East,Guwahati,Net Banking,2024-01,1561.5
2956,212929,2025-06-01,Books,Comic,4,1737.33,East,Kolkata,UPI,2025-06,6949.32
2957,233951,2024-10-06,Electronics,Smartwatch,3,50.0,North,Jaipur,UPI,2024-10,150.0
2958,127011,2025-06-14,Home & Kitchen,Bedsheet,4,2162.94,North,Jaipur,Credit Card,2025-06,8651.76
2959,102720,2024-04-07,Beauty,Lipstick,1,2803.01,East,Bhubaneswar,Credit Card,2024-04,2803.01
2960,205403,2025-04-07,Home & Kitchen,Lamp,3,1767.84,North,Delhi,UPI,2025-04,5303.52
2961,149668,2024-04-19,Books,Biography,2,1451.11,South,Bangalore,UPI,2024-04,2902.22
2962,133389,2024-06-29,Home & Kitchen,Mixer Grinder,3,295.77,South,Hyderabad,Net Banking,2024-06,887.31
2963,171984,2025-08-27,Books,Textbook,2,1595.18,East,Guwahati,UPI,2025-08,3190.36
2964,221823,2025-04-14,Electronics,Smartwatch,1,1283.88,North,Chandigarh,UPI,2025-04,1283.88
2965,130065,2024-09-11,Sports,Yoga Mat,1,412.03,North,Chandigarh,Debit Card,2024-09,412.03
2966,167780,2025-05-31,Beauty,Moisturizer,2,831.45,North,Chandigarh,UPI,2025-05,1662.9
2967,202642,2024-12-21,Fashion,T-Shirt,4,1836.84,South,Chennai,Cash on Delivery,2024-12,7347.36
2968,210443,2024-03-13,Fashion,Sneakers,3,1761.12,East,Patna,Credit Card,2024-03,5283.36
2969,146071,2024-09-22,Sports,Dumbbells,3,1113.48,West,Mumbai,UPI,2024-09,3340.44
2970,121637,2025-03-24,Beauty,Lipstick,4,393.46,North,Jaipur,Net Banking,2025-03,1573.84
2971,192036,2025-01-26,Beauty,Lipstick,3,1833.9,South,Kochi,Credit Card,2025-01,5501.7
2972,242767,2024-07-22,Electronics,Laptop,4,1843.2,West,Mumbai,Credit Card,2024-07,7372.8
2973,142796,2024-05-14,Beauty,Moisturizer,1,2390.43,South,Hyderabad,Credit Card,2024-05,2390.43
2974,162574,2025-06-26,Books,Fiction Novel,4,1563.21,South,Chennai,UPI,2025-06,6252.84
2975,175166,2024-04-04,Electronics,Smartwatch,2,3354.12,North,Jaipur,UPI,2024-04,6708.24
2976,194185,2024-07-08,Home & Kitchen,Lamp,1,748.28,East,Bhubaneswar,UPI,2024-07,748.28
2977,119307,2024-06-20,Home & Kitchen,Mixer Grinder,3,291.88,South,Chennai,UPI,2024-06,875.64
2978,140142,2025-05-16,Books,Textbook,3,2234.46,East,Patna,Credit Card,2025-05,6703.38
2979,155342,2025-08-12,Fashion,Saree,2,50.0,South,Kochi,Debit Card,2025-08,100.0
2980,134869,2025-04-02,Home & Kitchen,Cookware Set,1,1670.8,North,Chandigarh,UPI,2025-04,1670.8
2981,247281,2024-02-22,Sports,Dumbbells,1,937.92,East,Guwahati,UPI,2024-02,937.92
2982,243255,2025-07-15,Electronics,Tablet,5,2271.86,South,Kochi,UPI,2025-07,11359.3
2983,161282,2024-07-16,Sports,Cricket Bat,3,1059.72,West,Surat,UPI,2024-07,3179.16
2984,102505,2024-06-17,Sports,Football,4,1667.9,South,Chennai,Net Banking,2024-06,6671.6
2985,143346,2025-04-30,Sports,Cricket Bat,2,124.7,North,Delhi,UPI,2025-04,249.4
2986,119584,2024-11-06,Beauty,Shampoo,5,1498.16,South,Chennai,UPI,2024-11,7490.8
2987,220707,2024-04-12,Sports,Football,1,2072.94,South,Hyderabad,Credit Card,2024-04,2072.94
2988,137694,2024-12-12,Sports,Cycling Helmet,4,1189.52,East,Bhubaneswar,UPI,2024-12,4758.08
2989,197629,2025-03-18,Books,Fiction Novel,5,865.57,South,Bangalore,UPI,2025-03,4327.85
2990,197849,2024-02-23,Home & Kitchen,Bedsheet,4,2130.46,North,Delhi,Cash on Delivery,2024-02,8521.84
2991,172357,2024-04-26,Home & Kitchen,Lamp,3,1054.06,South,Hyderabad,UPI,2024-04,3162.18
2992,125274,2025-04-10,Beauty,Perfume,4,1724.0,North,Chandigarh,UPI,2025-04,6896.0
2993,176870,2025-03-16,Fashion,Sneakers,2,2303.02,South,Bangalore,Debit Card,2025-03,4606.04
2994,100714,2024-09-20,Books,Comic,1,2364.73,North,Lucknow,UPI,2024-09,2364.73
2996,214321,2024-06-24,Beauty,Perfume,1,1229.59,East,Guwahati,UPI,2024-06,1229.59
2997,123192,2024-09-15,Fashion,Sneakers,2,117.5,East,Guwahati,Debit Card,2024-09,235.0
2998,144834,2024-02-29,Home & Kitchen,Mixer Grinder,1,154.95,South,Kochi,Net Banking,2024-02,154.95
2999,142565,2024-11-06,Home & Kitchen,Lamp,1,1563.7,West,Mumbai,Credit Card,2024-11,1563.7
3000,137065,2025-08-30,Beauty,Shampoo,5,1463.69,East,Guwahati,Credit Card,2025-08,7318.45
3001,110472,2025-09-04,Sports,Cricket Bat,3,1840.72,South,Hyderabad,UPI,2025-09,5522.16
3002,111642,2024-11-22,Sports,Football,4,739.11,South,Bangalore,Credit Card,2024-11,2956.44
3003,198708,2025-04-09,Books,Textbook,3,2237.94,North,Chandigarh,Net Banking,2025-04,6713.82
3004,135043,2024-11-01,Books,Textbook,5,708.71,East,Patna,UPI,2024-11,3543.55
3005,218901,2024-02-22,Sports,Dumbbells,1,1800.86,East,Patna,UPI,2024-02,1800.86
3006,129447,2024-01-27,Home & Kitchen,Cookware Set,4,1625.37,South,Hyderabad,UPI,2024-01,6501.48
3007,169037,2024-04-04,Beauty,Shampoo,5,2090.08,West,Surat,UPI,2024-04,10450.4
3008,176703,2025-04-18,Home & Kitchen,Bedsheet,5,789.17,East,Guwahati,Net Banking,2025-04,3945.85
3009,240507,2024-07-14,Beauty,Perfume,4,1252.24,East,Kolkata,Cash on Delivery,2024-07,5008.96
3010,222091,2025-03-10,Sports,Yoga Mat,4,3243.89,West,Pune,Debit Card,2025-03,12975.56
3011,209466,2025-04-07,Home & Kitchen,Lamp,1,50.0,West,Mumbai,Credit Card,2025-04,50.0
3012,185644,2024-06-13,Beauty,Lipstick,4,568.65,North,Lucknow,Net Banking,2024-06,2274.6
3013,215611,2024-06-24,Electronics,Smartphone,4,843.35,West,Surat,Credit Card,2024-06,3373.4
3014,161514,2024-06-04,Sports,Dumbbells,4,835.05,East,Patna,Credit Card,2024-06,3340.2
3015,108989,2024-01-14,Home & Kitchen,Air Fryer,3,1782.87,East,Kolkata,UPI,2024-01,5348.61
3016,199761,2024-07-23,Home & Kitchen,Bedsheet,3,290.88,West,Surat,Credit Card,2024-07,872.64
3017,204827,2025-06-29,Beauty,Perfume,3,1213.08,East,Kolkata,Net Banking,2025-06,3639.24
3018,205746,2025-03-11,Fashion,Jacket,5,1850.59,West,Pune,Cash on Delivery,2025-03,9252.95
3019,123885,2024-08-26,Beauty,Lipstick,1,1076.8,East,Bhubaneswar,UPI,2024-08,1076.8
3020,207669,2024-08-31,Sports,Football,5,2215.27,West,Mumbai,Credit Card,2024-08,11076.35
3021,218387,2025-08-05,Home & Kitchen,Mixer Grinder,1,1641.41,North,Delhi,UPI,2025-08,1641.41
3022,165340,2025-08-07,Electronics,Laptop,1,2453.04,West,Ahmedabad,Debit Card,2025-08,2453.04
3023,220807,2024-05-28,Home & Kitchen,Mixer Grinder,3,1569.93,South,Kochi,UPI,2024-05,4709.79
3024,173172,2024-05-01,Fashion,Saree,1,2175.97,East,Patna,Debit Card,2024-05,2175.97
3025,154634,2025-09-28,Home & Kitchen,Air Fryer,1,2031.79,West,Pune,Debit Card,2025-09,2031.79
3026,168802,2024-12-07,Beauty,Moisturizer,4,65.93,East,Guwahati,UPI,2024-12,263.72
3027,185071,2024-02-03,Electronics,Laptop,2,1035.5,South,Chennai,UPI,2024-02,2071.0
3028,163970,2024-09-28,Sports,Cricket Bat,5,988.36,East,Patna,UPI,2024-09,4941.8
3029,129543,2024-07-01,Fashion,Saree,2,1379.43,West,Pune,Cash on Delivery,2024-07,2758.86
3030,160020,2025-01-06,Books,Textbook,3,1625.79,West,Surat,UPI,2025-01,4877.37
3031,171782,2025-05-19,Sports,Cycling Helmet,3,1998.2,South,Chennai,Net Banking,2025-05,5994.6
3032,141844,2025-03-08,Fashion,Jeans,3,1301.21,East,Kolkata,UPI,2025-03,3903.63
3033,231519,2024-05-29,Beauty,Sunscreen,2,2320.83,West,Ahmedabad,Debit Card,2024-05,4641.66
3034,224806,2025-01-24,Electronics,Laptop,3,1671.41,South,Bangalore,UPI,2025-01,5014.23
3035,102456,2024-11-28,Electronics,Smartwatch,1,1712.93,North,Lucknow,Debit Card,2024-11,1712.93
3036,233828,2024-12-27,Books,Self-Help Book,2,1759.58,South,Kochi,UPI,2024-12,3519.16
3037,194875,2025-01-01,Sports,Cricket Bat,1,1297.7,West,Pune,Credit Card,2025-01,1297.7
3038,241281,2024-01-23,Electronics,Tablet,1,2022.71,East,Bhubaneswar,Cash on Delivery,2024-01,2022.71
3039,172836,2024-04-03,Fashion,Saree,3,693.76,South,Bangalore,Debit Card,2024-04,2081.28
3040,160562,2024-04-18,Fashion,Sneakers,3,2841.0,South,Hyderabad,UPI,2024-04,8523.0
3041,217202,2025-08-23,Home & Kitchen,Air Fryer,2,1343.36,West,Mumbai,UPI,2025-08,2686.72
3042,157862,2024-05-29,Fashion,Sneakers,3,1773.53,South,Chennai,Debit Card,2024-05,5320.59
3043,171061,2024-10-29,Fashion,Jacket,4,975.59,East,Bhubaneswar,Debit Card,2024-10,3902.36
3044,208278,2025-04-17,Beauty,Lipstick,3,146.34,North,Lucknow,Credit Card,2025-04,439.02
3045,160193,2024-08-20,Fashion,T-Shirt,1,2366.84,South,Hyderabad,UPI,2024-08,2366.84
3046,193647,2025-04-10,Books,Comic,5,1129.55,East,Bhubaneswar,Debit Card,2025-04,5647.75
3047,190369,2024-01-04,Sports,Cricket Bat,1,704.61,West,Surat,Credit Card,2024-01,704.61
3048,231100,2025-05-23,Sports,Yoga Mat,2,2140.13,South,Bangalore,Credit Card,2025-05,4280.26
3049,131886,2025-04-04,Fashion,Jacket,2,690.82,North,Jaipur,Debit Card,2025-04,1381.64
3050,141670,2024-06-20,Sports,Dumbbells,5,1330.11,East,Kolkata,Credit Card,2024-06,6650.55
3051,245526,2025-05-29,Books,Textbook,4,64.58,East,Kolkata,UPI,2025-05,258.32
3052,161951,2024-03-17,Fashion,Saree,1,1259.43,East,Bhubaneswar,Credit Card,2024-03,1259.43
3053,249719,2025-03-24,Sports,Cricket Bat,4,1590.39,East,Guwahati,Cash on Delivery,2025-03,6361.56
3054,198348,2024-03-24,Home & Kitchen,Mixer Grinder,3,2735.67,South,Hyderabad,UPI,2024-03,8207.01
3055,152152,2024-11-10,Sports,Cricket Bat,3,271.2,West,Surat,UPI,2024-11,813.6
3056,131581,2025-07-15,Home & Kitchen,Lamp,5,2005.95,South,Hyderabad,UPI,2025-07,10029.75
3057,123790,2024-12-30,Sports,Football,4,772.39,West,Surat,UPI,2024-12,3089.56
3058,242864,2024-10-29,Electronics,Smartphone,5,1916.4,South,Bangalore,Credit Card,2024-10,9582.0
3059,205048,2024-10-04,Home & Kitchen,Cookware Set,1,994.98,West,Mumbai,Cash on Delivery,2024-10,994.98
3060,148888,2024-11-15,Fashion,Jacket,4,1301.93,South,Chennai,UPI,2024-11,5207.72
3061,125483,2024-04-30,Fashion,Jeans,2,2346.23,South,Hyderabad,UPI,2024-04,4692.46
3062,207071,2025-06-17,Fashion,Jeans,1,2971.01,East,Guwahati,Debit Card,2025-06,2971.01
3063,247652,2025-02-03,Home & Kitchen,Air Fryer,2,1607.46,North,Chandigarh,UPI,2025-02,3214.92
3064,178859,2024-07-16,Electronics,Smartwatch,2,613.45,East,Guwahati,UPI,2024-07,1226.9
3065,149917,2024-10-05,Sports,Cycling Helmet,1,648.56,West,Mumbai,Net Banking,2024-10,648.56
3066,116476,2025-05-15,Beauty,Lipstick,4,1962.83,South,Chennai,UPI,2025-05,7851.32
3067,228936,2025-02-08,Sports,Football,3,2080.46,South,Bangalore,UPI,2025-02,6241.38
3068,240094,2024-07-14,Sports,Football,2,2028.08,South,Kochi,Credit Card,2024-07,4056.16
3069,222499,2025-04-05,Electronics,Headphones,1,1341.21,West,Surat,Net Banking,2025-04,1341.21
3070,232518,2025-05-28,Electronics,Smartwatch,2,2010.86,East,Patna,Credit Card,2025-05,4021.72
3071,210903,2024-02-06,Home & Kitchen,Bedsheet,2,3784.77,North,Lucknow,UPI,2024-02,7569.54
3072,166391,2025-02-26,Home & Kitchen,Cookware Set,2,2449.26,East,Guwahati,UPI,2025-02,4898.52
3073,156405,2025-02-13,Fashion,Sneakers,1,996.18,North,Chandigarh,Cash on Delivery,2025-02,996.18
3074,208787,2025-06-13,Sports,Yoga Mat,5,918.88,North,Chandigarh,UPI,2025-06,4594.4
3075,157621,2024-06-28,Beauty,Moisturizer,3,769.6,West,Ahmedabad,Debit Card,2024-06,2308.8
3076,164748,2025-05-25,Sports,Cricket Bat,2,1947.47,East,Patna,Net Banking,2025-05,3894.94
3077,186375,2024-10-17,Electronics,Headphones,3,186.78,West,Mumbai,UPI,2024-10,560.34
3078,168569,2025-02-06,Sports,Cycling Helmet,5,240.69,North,Lucknow,UPI,2025-02,1203.45
3079,184329,2025-09-22,Fashion,Sneakers,3,1976.41,South,Hyderabad,Debit Card,2025-09,5929.23
3080,152035,2025-04-21,Home & Kitchen,Bedsheet,1,2546.16,South,Hyderabad,Cash on Delivery,2025-04,2546.16
3081,181598,2024-09-13,Home & Kitchen,Bedsheet,4,2643.39,South,Kochi,Debit Card,2024-09,10573.56
3082,178105,2024-07-29,Sports,Football,1,3039.04,South,Chennai,Credit Card,2024-07,3039.04
3084,131635,2025-08-29,Fashion,T-Shirt,1,596.33,South,Kochi,UPI,2025-08,596.33
3085,119541,2025-01-19,Home & Kitchen,Air Fryer,2,1968.04,South,Bangalore,Credit Card,2025-01,3936.08
3086,124826,2025-07-30,Home & Kitchen,Air Fryer,5,1188.76,South,Kochi,UPI,2025-07,5943.8
3087,229865,2024-12-01,Fashion,Jacket,2,1165.73,North,Chandigarh,UPI,2024-12,2331.46
3088,178546,2024-12-16,Fashion,Saree,4,704.55,West,Ahmedabad,Net Banking,2024-12,2818.2
3089,240978,2025-02-27,Fashion,Saree,4,1305.21,North,Delhi,UPI,2025-02,5220.84
3090,217692,2024-09-01,Home & Kitchen,Air Fryer,4,2391.76,North,Delhi,Debit Card,2024-09,9567.04
3091,101135,2024-01-17,Home & Kitchen,Cookware Set,2,1201.07,East,Bhubaneswar,Debit Card,2024-01,2402.14
3092,106357,2024-06-18,Home & Kitchen,Cookware Set,2,2247.24,South,Kochi,Cash on Delivery,2024-06,4494.48
3093,143492,2025-05-14,Sports,Cycling Helmet,2,375.59,South,Chennai,UPI,2025-05,751.18
3094,229073,2025-08-10,Fashion,Saree,3,1510.02,West,Ahmedabad,Credit Card,2025-08,4530.06
3095,219560,2025-07-28,Books,Textbook,1,50.0,West,Surat,Debit Card,2025-07,50.0
3096,221769,2024-04-17,Sports,Cycling Helmet,1,1021.95,North,Lucknow,UPI,2024-04,1021.95
3097,197902,2024-03-14,Fashion,Saree,2,1025.56,West,Ahmedabad,Cash on Delivery,2024-03,2051.12
3098,199564,2024-04-19,Fashion,Sneakers,3,1436.95,North,Lucknow,UPI,2024-04,4310.85
3099,171632,2025-09-04,Fashion,Sneakers,1,2673.65,North,Delhi,UPI,2025-09,2673.65
3100,232125,2025-02-28,Fashion,Jeans,3,2322.4,South,Chennai,Debit Card,2025-02,6967.2
3101,142466,2025-06-13,Home & Kitchen,Lamp,2,1802.36,North,Lucknow,UPI,2025-06,3604.72
3102,237065,2025-03-03,Electronics,Smartphone,2,2849.51,West,Surat,Cash on Delivery,2025-03,5699.02
3103,134404,2025-01-21,Electronics,Headphones,2,391.52,East,Guwahati,Cash on Delivery,2025-01,783.04
3104,231948,2025-06-11,Home & Kitchen,Cookware Set,5,149.73,East,Bhubaneswar,UPI,2025-06,748.65
3105,153962,2024-05-15,Sports,Yoga Mat,3,1333.37,East,Patna,UPI,2024-05,4000.11
3106,162962,2024-01-26,Fashion,Saree,5,719.0,South,Hyderabad,UPI,2024-01,3595.0
3107,185829,2024-02-19,Books,Self-Help Book,3,2344.88,West,Pune,UPI,2024-02,7034.64
3108,240028,2025-04-21,Home & Kitchen,Air Fryer,4,967.47,West,Surat,UPI,2025-04,3869.88
3109,101870,2025-02-15,Books,Fiction Novel,4,1019.99,East,Patna,UPI,2025-02,4079.96
3110,164607,2025-05-20,Fashion,Sneakers,1,1223.25,East,Kolkata,Cash on Delivery,2025-05,1223.25
3111,165760,2024-05-07,Beauty,Lipstick,3,1533.97,East,Guwahati,Credit Card,2024-05,4601.91
3112,182159,2025-06-09,Sports,Cycling Helmet,1,1534.7,East,Guwahati,Debit Card,2025-06,1534.7
3113,234165,2025-04-17,Electronics,Headphones,3,1190.36,East,Kolkata,Debit Card,2025-04,3571.08
3114,102137,2024-11-10,Books,Textbook,2,499.78,North,Lucknow,Credit Card,2024-11,999.56
3115,195459,2024-02-26,Home & Kitchen,Air Fryer,3,1638.04,North,Delhi,Credit Card,2024-02,4914.12
3116,218213,2024-05-18,Home & Kitchen,Mixer Grinder,5,50.0,East,Guwahati,Net Banking,2024-05,250.0
3117,216660,2025-06-29,Beauty,Shampoo,2,3860.82,South,Kochi,UPI,2025-06,7721.64
3118,135396,2024-08-14,Beauty,Perfume,3,2447.5,North,Jaipur,Debit Card,2024-08,7342.5
3119,144540,2024-10-30,Electronics,Smartphone,4,2337.96,West,Ahmedabad,Cash on Delivery,2024-10,9351.84
3120,248822,2024-11-27,Books,Comic,4,1044.8,East,Guwahati,Debit Card,2024-11,4179.2
3121,152179,2024-01-06,Beauty,Perfume,2,2019.08,North,Jaipur,Net Banking,2024-01,4038.16
3123,124861,2024-11-06,Home & Kitchen,Lamp,1,678.14,West,Ahmedabad,Debit Card,2024-11,678.14
3124,128600,2025-01-08,Beauty,Lipstick,1,1767.58,East,Patna,Credit Card,2025-01,1767.58
3125,202439,2024-01-24,Home & Kitchen,Lamp,4,2207.87,East,Patna,Net Banking,2024-01,8831.48
3126,100544,2025-08-04,Books,Self-Help Book,3,2092.09,North,Chandigarh,Net Banking,2025-08,6276.27
3127,232292,2025-09-21,Sports,Dumbbells,5,594.8,West,Pune,Net Banking,2025-09,2974.0
3128,193636,2024-08-15,Books,Comic,4,1779.97,East,Bhubaneswar,UPI,2024-08,7119.88
3129,124564,2024-08-19,Beauty,Perfume,3,2720.89,South,Bangalore,UPI,2024-08,8162.67
3130,155880,2024-07-21,Sports,Yoga Mat,4,50.0,South,Bangalore,Debit Card,2024-07,200.0
3131,240825,2025-07-29,Home & Kitchen,Air Fryer,3,1777.36,North,Lucknow,Credit Card,2025-07,5332.08
3132,233553,2024-11-20,Home & Kitchen,Bedsheet,5,1592.21,East,Guwahati,Cash on Delivery,2024-11,7961.05
3133,112347,2025-06-05,Sports,Dumbbells,2,1903.61,East,Patna,Credit Card,2025-06,3807.22
3134,174809,2024-04-18,Electronics,Tablet,2,50.0,West,Surat,Net Banking,2024-04,100.0
3135,228479,2024-06-29,Sports,Yoga Mat,3,589.86,West,Ahmedabad,UPI,2024-06,1769.58
3136,236142,2025-04-29,Electronics,Tablet,5,2125.0,South,Hyderabad,Debit Card,2025-04,10625.0
3137,100184,2025-04-01,Beauty,Sunscreen,4,2468.45,West,Surat,UPI,2025-04,9873.8
3138,107112,2024-12-20,Home & Kitchen,Air Fryer,2,1108.8,East,Bhubaneswar,Net Banking,2024-12,2217.6
3139,222436,2025-08-29,Home & Kitchen,Mixer Grinder,4,1379.77,West,Surat,Debit Card,2025-08,5519.08
3140,217912,2024-05-20,Home & Kitchen,Lamp,1,2065.68,South,Bangalore,Debit Card,2024-05,2065.68
3141,102043,2025-07-06,Home & Kitchen,Cookware Set,4,608.62,East,Kolkata,UPI,2025-07,2434.48
3142,194029,2025-04-10,Home & Kitchen,Bedsheet,1,1864.09,South,Bangalore,Debit Card,2025-04,1864.09
3143,132955,2024-11-25,Home & Kitchen,Lamp,1,189.51,North,Jaipur,Credit Card,2024-11,189.51
3144,183673,2024-01-08,Beauty,Shampoo,5,2218.14,South,Bangalore,Credit Card,2024-01,11090.7
3145,118705,2024-11-19,Sports,Cricket Bat,2,538.46,South,Hyderabad,Cash on Delivery,2024-11,1076.92
3146,129758,2025-07-28,Beauty,Lipstick,4,1194.88,South,Kochi,UPI,2025-07,4779.52
3147,190930,2024-05-20,Beauty,Perfume,4,50.0,North,Delhi,Credit Card,2024-05,200.0
3148,144091,2024-11-25,Books,Biography,1,1741.9,North,Delhi,Credit Card,2024-11,1741.9
3149,191032,2025-04-27,Books,Textbook,2,1329.47,East,Guwahati,Credit Card,2025-04,2658.94
3150,215802,2025-06-05,Electronics,Headphones,5,2083.96,South,Hyderabad,Net Banking,2025-06,10419.8
3151,173151,2024-05-02,Sports,Dumbbells,4,805.15,South,Bangalore,UPI,2024-05,3220.6
3152,196307,2024-07-06,Fashion,T-Shirt,1,50.0,North,Jaipur,UPI,2024-07,50.0
3153,243121,2025-09-18,Fashion,Jacket,2,2449.53,North,Jaipur,Net Banking,2025-09,4899.06
3154,168301,2025-02-01,Sports,Dumbbells,4,1049.76,East,Guwahati,Cash on Delivery,2025-02,4199.04
3155,223960,2024-03-19,Electronics,Smartphone,3,607.31,West,Surat,Credit Card,2024-03,1821.93
3156,104997,2024-10-29,Books,Self-Help Book,4,1998.53,East,Guwahati,Debit Card,2024-10,7994.12
3157,138792,2025-01-27,Sports,Football,5,782.34,South,Hyderabad,Credit Card,2025-01,3911.7
3158,130896,2025-05-29,Books,Textbook,3,1430.05,East,Patna,UPI,2025-05,4290.15
3159,115156,2025-02-07,Sports,Dumbbells,4,1942.47,West,Mumbai,UPI,2025-02,7769.88
3160,193988,2025-07-30,Books,Biography,5,1646.12,North,Delhi,Debit Card,2025-07,8230.6
3161,159649,2025-04-28,Electronics,Laptop,2,1454.59,South,Bangalore,UPI,2025-04,2909.18
3162,126185,2024-12-06,Books,Comic,5,3495.22,West,Surat,Debit Card,2024-12,17476.1
3163,113509,2024-01-26,Electronics,Laptop,2,50.0,West,Mumbai,Credit Card,2024-01,100.0
3164,112061,2025-09-19,Fashion,Saree,3,417.51,North,Lucknow,Debit Card,2025-09,1252.53
3165,180118,2025-07-09,Electronics,Tablet,4,1536.5,West,Mumbai,UPI,2025-07,6146.0
3166,156584,2025-02-10,Home & Kitchen,Bedsheet,5,2187.0,East,Kolkata,Cash on Delivery,2025-02,10935.0
3167,154112,2024-02-21,Sports,Dumbbells,4,1536.93,West,Mumbai,Debit Card,2024-02,6147.72
3168,146702,2025-06-10,Fashion,Jeans,5,2554.5,East,Bhubaneswar,Debit Card,2025-06,12772.5
3169,236106,2024-09-02,Sports,Yoga Mat,2,1190.3,South,Chennai,Net Banking,2024-09,2380.6
3170,207792,2025-01-24,Beauty,Perfume,4,1645.63,East,Bhubaneswar,Credit Card,2025-01,6582.52
3171,197313,2024-05-24,Beauty,Moisturizer,1,1798.08,East,Guwahati,Cash on Delivery,2024-05,1798.08
3172,104254,2025-01-15,Books,Biography,2,2986.78,South,Chennai,Credit Card,2025-01,5973.56
3173,103907,2025-07-05,Home & Kitchen,Mixer Grinder,1,50.0,West,Surat,Net Banking,2025-07,50.0
3174,207874,2025-02-28,Home & Kitchen,Mixer Grinder,3,2000.17,South,Chennai,Credit Card,2025-02,6000.51
3175,155594,2024-03-15,Books,Fiction Novel,1,2498.52,North,Jaipur,Cash on Delivery,2024-03,2498.52
3176,170864,2025-06-28,Beauty,Perfume,4,1078.51,East,Kolkata,Credit Card,2025-06,4314.04
3177,154813,2025-02-25,Beauty,Moisturizer,4,1919.43,North,Lucknow,Net Banking,2025-02,7677.72
3178,216352,2024-01-17,Fashion,Saree,4,1909.74,East,Patna,UPI,2024-01,7638.96
3179,112456,2024-12-26,Fashion,Jeans,1,50.0,North,Delhi,Credit Card,2024-12,50.0
3180,206928,2025-04-29,Fashion,Jacket,3,1262.57,North,Chandigarh,Net Banking,2025-04,3787.71
3181,184782,2024-11-15,Fashion,Sneakers,5,1827.63,East,Bhubaneswar,UPI,2024-11,9138.15
3182,148992,2025-09-26,Fashion,T-Shirt,2,1170.44,North,Chandigarh,UPI,2025-09,2340.88
3183,178304,2024-09-13,Sports,Cycling Helmet,4,1942.09,East,Bhubaneswar,Debit Card,2024-09,7768.36
3184,121662,2024-06-17,Electronics,Tablet,4,941.96,East,Guwahati,UPI,2024-06,3767.84
3185,237087,2025-04-15,Beauty,Sunscreen,1,2198.42,West,Mumbai,Net Banking,2025-04,2198.42
3186,115333,2025-01-18,Books,Textbook,1,3620.35,North,Lucknow,Cash on Delivery,2025-01,3620.35
3187,154182,2024-09-13,Sports,Football,3,372.11,East,Kolkata,UPI,2024-09,1116.33
3188,210953,2025-02-03,Home & Kitchen,Bedsheet,5,2170.01,East,Kolkata,UPI,2025-02,10850.05
3189,248839,2024-04-17,Electronics,Laptop,2,2859.91,South,Chennai,UPI,2024-04,5719.82
3190,148654,2024-08-20,Books,Textbook,5,2475.75,West,Mumbai,Credit Card,2024-08,12378.75
3191,121254,2024-09-22,Electronics,Laptop,1,2453.73,North,Jaipur,Credit Card,2024-09,2453.73
3192,112433,2025-09-28,Sports,Football,1,627.75,North,Jaipur,Credit Card,2025-09,627.75
3193,144594,2024-09-21,Sports,Cycling Helmet,1,428.19,North,Chandigarh,UPI,2024-09,428.19
3194,243204,2024-01-13,Fashion,Jeans,1,1129.52,North,Jaipur,UPI,2024-01,1129.52
3195,124632,2024-10-31,Sports,Yoga Mat,4,855.16,West,Ahmedabad,Net Banking,2024-10,3420.64
3196,241223,2024-06-04,Fashion,Jacket,5,2880.88,North,Delhi,UPI,2024-06,14404.4
3198,177868,2024-01-27,Sports,Yoga Mat,5,2245.42,South,Bangalore,UPI,2024-01,11227.1
3199,187726,2024-08-08,Books,Self-Help Book,4,878.36,West,Mumbai,UPI,2024-08,3513.44
3200,186343,2024-03-18,Fashion,T-Shirt,1,2102.86,East,Patna,UPI,2024-03,2102.86
3201,115059,2024-08-30,Books,Comic,1,549.9,West,Surat,Net Banking,2024-08,549.9
3202,118144,2024-09-11,Books,Fiction Novel,4,50.0,West,Ahmedabad,UPI,2024-09,200.0
3203,103184,2024-02-18,Sports,Yoga Mat,2,1319.1,East,Guwahati,UPI,2024-02,2638.2
3204,143116,2024-06-11,Electronics,Smartwatch,1,2501.79,North,Chandigarh,Net Banking,2024-06,2501.79
3205,133451,2025-04-24,Fashion,Sneakers,3,2341.12,South,Bangalore,UPI,2025-04,7023.36
3206,172279,2025-01-08,Sports,Dumbbells,1,3342.17,East,Kolkata,Net Banking,2025-01,3342.17
3207,152197,2024-03-23,Books,Comic,2,994.48,East,Kolkata,Credit Card,2024-03,1988.96
3208,109114,2024-11-24,Sports,Football,3,50.0,West,Mumbai,UPI,2024-11,150.0
3209,184004,2024-02-08,Home & Kitchen,Cookware Set,4,1292.64,South,Bangalore,Net Banking,2024-02,5170.56
3210,148908,2024-06-02,Fashion,Sneakers,5,2255.39,East,Patna,UPI,2024-06,11276.95
3211,228758,2025-01-06,Books,Self-Help Book,4,1987.55,East,Kolkata,UPI,2025-01,7950.2
3212,156246,2024-02-17,Fashion,Jeans,3,1459.11,West,Ahmedabad,Credit Card,2024-02,4377.33
3213,212095,2025-07-12,Home & Kitchen,Cookware Set,4,1338.35,North,Jaipur,Credit Card,2025-07,5353.4
3214,154257,2024-01-15,Books,Fiction Novel,1,991.94,West,Pune,UPI,2024-01,991.94
3215,181654,2025-06-09,Beauty,Moisturizer,3,1020.88,South,Bangalore,Credit Card,2025-06,3062.64
3216,106546,2024-06-08,Fashion,Jeans,1,1101.15,North,Chandigarh,Credit Card,2024-06,1101.15
3217,231352,2025-04-17,Electronics,Headphones,4,1350.06,North,Delhi,Debit Card,2025-04,5400.24
3218,200147,2024-05-12,Home & Kitchen,Mixer Grinder,1,1051.77,West,Surat,Credit Card,2024-05,1051.77
3219,242289,2024-05-30,Books,Textbook,1,1082.06,North,Delhi,Credit Card,2024-05,1082.06
3220,167492,2025-04-05,Home & Kitchen,Bedsheet,3,1258.56,West,Surat,UPI,2025-04,3775.68
3221,241895,2024-06-10,Sports,Cricket Bat,2,1943.5,South,Bangalore,UPI,2024-06,3887.0
3222,139208,2025-03-20,Fashion,Sneakers,4,1740.66,South,Bangalore,Debit Card,2025-03,6962.64
3223,124728,2024-10-03,Sports,Football,3,1497.88,South,Kochi,Net Banking,2024-10,4493.64
3224,245554,2024-05-03,Sports,Yoga Mat,2,1354.14,South,Kochi,Debit Card,2024-05,2708.28
3225,241866,2025-06-17,Beauty,Moisturizer,4,591.22,North,Delhi,UPI,2025-06,2364.88
3226,112560,2025-08-29,Sports,Football,1,1379.87,East,Patna,UPI,2025-08,1379.87
3227,141613,2025-02-11,Beauty,Shampoo,1,1401.13,East,Kolkata,Credit Card,2025-02,1401.13
3228,220783,2024-07-10,Home & Kitchen,Bedsheet,1,1811.57,South,Bangalore,Net Banking,2024-07,1811.57
3229,208892,2024-10-28,Sports,Cricket Bat,2,54.3,West,Surat,Debit Card,2024-10,108.6
3230,193173,2024-12-09,Books,Fiction Novel,5,1457.26,East,Kolkata,Debit Card,2024-12,7286.3
3231,229203,2024-05-05,Books,Biography,5,1632.37,North,Chandigarh,UPI,2024-05,8161.85
3232,143861,2024-05-11,Fashion,Saree,5,85.85,North,Chandigarh,Debit Card,2024-05,429.25
3233,156852,2025-08-26,Sports,Football,4,50.0,West,Mumbai,Debit Card,2025-08,200.0
3234,146522,2025-05-25,Electronics,Tablet,3,2561.13,West,Ahmedabad,UPI,2025-05,7683.39
3235,187167,2024-05-08,Beauty,Perfume,3,1050.0,South,Bangalore,Net Banking,2024-05,3150.0
3236,128247,2025-03-02,Beauty,Shampoo,3,673.1,South,Bangalore,Net Banking,2025-03,2019.3
3237,229748,2024-02-14,Home & Kitchen,Cookware Set,2,1746.34,West,Ahmedabad,UPI,2024-02,3492.68
3238,195727,2024-02-16,Books,Self-Help Book,1,1742.6,East,Patna,UPI,2024-02,1742.6
3239,235885,2025-09-27,Books,Comic,2,1582.94,North,Lucknow,Credit Card,2025-09,3165.88
3240,157927,2025-09-12,Electronics,Laptop,3,2677.09,East,Bhubaneswar,Net Banking,2025-09,8031.27
3241,215673,2024-12-29,Fashion,Saree,1,813.1,West,Mumbai,Credit Card,2024-12,813.1
3242,168159,2025-06-13,Fashion,Sneakers,4,1558.3,East,Guwahati,Debit Card,2025-06,6233.2
3243,172745,2025-09-05,Books,Fiction Novel,2,763.58,East,Guwahati,UPI,2025-09,1527.16
3244,156803,2025-09-05,Beauty,Shampoo,1,2559.22,East,Kolkata,UPI,2025-09,2559.22
3245,238636,2025-07-16,Sports,Cricket Bat,2,1680.47,North,Chandigarh,Debit Card,2025-07,3360.94
3246,219639,2024-01-24,Sports,Cricket Bat,3,50.0,South,Hyderabad,Credit Card,2024-01,150.0
3247,249415,2024-02-05,Sports,Cricket Bat,3,310.93,West,Ahmedabad,Net Banking,2024-02,932.79
3248,144244,2025-06-18,Electronics,Headphones,5,3196.06,West,Ahmedabad,UPI,2025-06,15980.3
3249,128534,2024-03-05,Electronics,Laptop,5,50.0,South,Bangalore,UPI,2024-03,250.0
3250,133020,2024-10-18,Home & Kitchen,Mixer Grinder,1,398.75,South,Bangalore,UPI,2024-10,398.75
3251,173256,2024-08-13,Home & Kitchen,Air Fryer,2,833.32,West,Ahmedabad,UPI,2024-08,1666.64
3252,216080,2024-02-07,Sports,Dumbbells,3,2097.27,North,Lucknow,UPI,2024-02,6291.81
3253,131699,2025-09-13,Electronics,Tablet,5,2711.71,North,Jaipur,Credit Card,2025-09,13558.55
3254,239347,2025-08-31,Home & Kitchen,Cookware Set,4,2916.33,South,Chennai,Credit Card,2025-08,11665.32
3255,157623,2024-10-25,Fashion,Jacket,4,1647.22,North,Chandigarh,UPI,2024-10,6588.88
3256,145127,2024-06-07,Fashion,T-Shirt,3,700.47,West,Surat,UPI,2024-06,2101.41
3257,175406,2025-08-24,Fashion,Jeans,1,419.99,West,Surat,Credit Card,2025-08,419.99
3258,139755,2024-10-22,Fashion,T-Shirt,1,3297.43,South,Bangalore,Credit Card,2024-10,3297.43
3259,218506,2024-07-31,Beauty,Shampoo,4,1214.3,South,Bangalore,Credit Card,2024-07,4857.2
3260,184376,2025-04-09,Home & Kitchen,Cookware Set,1,1015.15,East,Kolkata,UPI,2025-04,1015.15
3262,115217,2024-10-22,Home & Kitchen,Lamp,4,2559.57,West,Surat,Credit Card,2024-10,10238.28
3263,152273,2025-07-08,Sports,Yoga Mat,3,318.49,South,Chennai,UPI,2025-07,955.47
3264,248986,2025-03-17,Books,Biography,2,875.53,East,Guwahati,UPI,2025-03,1751.06
3265,189342,2025-01-30,Beauty,Shampoo,5,1074.42,East,Bhubaneswar,UPI,2025-01,5372.1
3266,128859,2025-04-06,Beauty,Shampoo,5,1756.63,West,Pune,Credit Card,2025-04,8783.15
3267,110237,2024-03-21,Sports,Cricket Bat,5,2086.59,North,Lucknow,Net Banking,2024-03,10432.95
3268,200134,2024-05-04,Sports,Yoga Mat,1,2417.68,East,Bhubaneswar,UPI,2024-05,2417.68
3269,118803,2024-10-28,Electronics,Smartwatch,2,1343.46,South,Kochi,UPI,2024-10,2686.92
3270,221539,2025-06-26,Books,Comic,1,1791.37,West,Mumbai,UPI,2025-06,1791.37
3271,124017,2024-10-03,Electronics,Headphones,1,234.95,South,Kochi,Net Banking,2024-10,234.95
3272,223603,2024-08-22,Home & Kitchen,Bedsheet,1,3083.35,East,Guwahati,UPI,2024-08,3083.35
3273,187436,2025-03-12,Beauty,Shampoo,3,741.43,West,Mumbai,UPI,2025-03,2224.29
3274,126092,2024-09-09,Home & Kitchen,Lamp,1,1608.64,North,Delhi,Net Banking,2024-09,1608.64
3275,101349,2024-08-26,Fashion,Sneakers,3,1894.3,East,Kolkata,UPI,2024-08,5682.9
3276,101453,2024-04-27,Books,Self-Help Book,2,956.18,North,Lucknow,UPI,2024-04,1912.36
3277,241228,2025-02-14,Electronics,Laptop,3,1882.15,West,Ahmedabad,UPI,2025-02,5646.45
3278,247880,2025-06-12,Fashion,Jeans,4,932.42,West,Ahmedabad,Debit Card,2025-06,3729.68
3279,204263,2024-09-30,Books,Comic,4,193.91,East,Kolkata,Credit Card,2024-09,775.64
3280,100916,2024-08-14,Sports,Cycling Helmet,5,2162.03,West,Ahmedabad,Cash on Delivery,2024-08,10810.15
3281,156972,2024-04-18,Electronics,Tablet,2,3468.4,West,Pune,Credit Card,2024-04,6936.8
3282,101612,2025-09-16,Sports,Yoga Mat,5,1661.26,North,Chandigarh,UPI,2025-09,8306.3
3283,147756,2024-06-05,Books,Biography,1,646.97,South,Bangalore,UPI,2024-06,646.97
3284,103135,2024-05-10,Electronics,Tablet,5,3078.11,South,Chennai,Cash on Delivery,2024-05,15390.55
3285,143967,2024-09-30,Home & Kitchen,Mixer Grinder,3,2149.1,North,Lucknow,Credit Card,2024-09,6447.3
3286,143095,2025-08-17,Home & Kitchen,Air Fryer,2,1156.78,South,Hyderabad,Net Banking,2025-08,2313.56
3287,244988,2025-07-27,Electronics,Laptop,5,824.46,East,Bhubaneswar,UPI,2025-07,4122.3
3288,192085,2024-04-22,Fashion,T-Shirt,3,50.0,North,Chandigarh,UPI,2024-04,150.0
3289,216428,2025-08-07,Fashion,T-Shirt,3,2117.83,South,Kochi,UPI,2025-08,6353.49
3290,232790,2024-06-28,Fashion,T-Shirt,4,1592.89,East,Patna,Net Banking,2024-06,6371.56
3291,235955,2024-03-08,Home & Kitchen,Bedsheet,3,327.99,South,Bangalore,UPI,2024-03,983.97
3292,113494,2024-07-24,Home & Kitchen,Bedsheet,3,1323.47,South,Bangalore,Debit Card,2024-07,3970.41
3293,195068,2024-06-20,Fashion,Saree,4,2498.51,East,Patna,UPI,2024-06,9994.04
3294,222322,2024-07-09,Fashion,Jacket,2,1818.65,South,Kochi,Credit Card,2024-07,3637.3
3295,114701,2024-06-09,Fashion,Sneakers,3,1911.54,North,Delhi,UPI,2024-06,5734.62
3296,176754,2024-09-15,Sports,Yoga Mat,5,2874.51,North,Lucknow,UPI,2024-09,14372.55
3297,237285,2025-08-10,Fashion,Saree,3,946.47,North,Jaipur,Credit Card,2025-08,2839.41
3298,241701,2025-09-11,Books,Biography,1,1346.02,West,Pune,Credit Card,2025-09,1346.02
3299,164009,2024-09-17,Beauty,Moisturizer,4,1426.91,West,Ahmedabad,UPI,2024-09,5707.64
3300,227461,2024-09-20,Sports,Football,4,2439.97,East,Kolkata,Debit Card,2024-09,9759.88
3301,164991,2024-05-07,Beauty,Perfume,2,1522.69,East,Guwahati,UPI,2024-05,3045.38
3302,233095,2024-04-20,Fashion,Saree,2,2972.81,North,Jaipur,UPI,2024-04,5945.62
3303,153030,2024-04-20,Beauty,Shampoo,3,1746.59,West,Surat,Net Banking,2024-04,5239.77
3304,243988,2025-09-13,Fashion,T-Shirt,1,857.51,North,Chandigarh,UPI,2025-09,857.51
3305,130917,2024-02-11,Electronics,Laptop,4,554.05,East,Kolkata,Credit Card,2024-02,2216.2
3306,201910,2025-01-03,Fashion,T-Shirt,4,2534.5,North,Delhi,Debit Card,2025-01,10138.0
3307,197558,2025-05-22,Fashion,T-Shirt,2,2863.8,West,Mumbai,UPI,2025-05,5727.6
3308,140289,2024-03-01,Electronics,Smartwatch,3,2935.28,North,Chandigarh,Cash on Delivery,2024-03,8805.84
3309,147475,2024-04-06,Electronics,Smartwatch,4,593.11,West,Surat,Net Banking,2024-04,2372.44
3310,249302,2025-04-14,Books,Fiction Novel,5,1427.06,North,Delhi,Credit Card,2025-04,7135.3
3311,160285,2024-11-11,Beauty,Lipstick,2,1449.61,North,Chandigarh,UPI,2024-11,2899.22
3312,125361,2025-01-25,Home & Kitchen,Air Fryer,2,595.09,East,Bhubaneswar,Credit Card,2025-01,1190.18
3313,138747,2025-09-13,Books,Fiction Novel,4,2673.61,East,Guwahati,Debit Card,2025-09,10694.44
3314,216662,2024-10-04,Fashion,Sneakers,2,659.24,West,Surat,Net Banking,2024-10,1318.48
3315,145289,2024-09-15,Home & Kitchen,Cookware Set,4,2454.53,South,Hyderabad,UPI,2024-09,9818.12
3317,111111,2024-11-13,Beauty,Moisturizer,1,1556.15,East,Bhubaneswar,UPI,2024-11,1556.15
3318,240215,2024-05-16,Home & Kitchen,Air Fryer,4,2538.57,West,Surat,Debit Card,2024-05,10154.28
3319,226159,2025-08-06,Fashion,T-Shirt,1,567.84,West,Ahmedabad,Net Banking,2025-08,567.84
3320,179362,2024-06-22,Electronics,Tablet,2,1310.13,West,Mumbai,Cash on Delivery,2024-06,2620.26
3321,136044,2025-07-23,Electronics,Smartwatch,5,2249.82,East,Kolkata,Debit Card,2025-07,11249.1
3322,183873,2025-07-26,Electronics,Tablet,3,1512.76,West,Ahmedabad,UPI,2025-07,4538.28
3323,212638,2024-11-09,Sports,Dumbbells,1,2942.86,East,Kolkata,Credit Card,2024-11,2942.86
3324,228569,2025-09-02,Beauty,Moisturizer,1,2537.79,North,Delhi,Net Banking,2025-09,2537.79
3325,179501,2024-03-31,Home & Kitchen,Air Fryer,1,1000.34,South,Chennai,Debit Card,2024-03,1000.34
3326,186765,2024-12-31,Sports,Cricket Bat,4,661.41,East,Guwahati,Credit Card,2024-12,2645.64
3327,188911,2024-06-30,Electronics,Tablet,3,2802.2,North,Delhi,Net Banking,2024-06,8406.6
3328,198401,2024-08-28,Fashion,Jeans,2,2170.49,North,Chandigarh,Cash on Delivery,2024-08,4340.98
3329,101973,2024-05-14,Home & Kitchen,Air Fryer,2,1093.5,South,Chennai,Cash on Delivery,2024-05,2187.0
3330,247251,2025-03-21,Books,Self-Help Book,4,874.11,West,Ahmedabad,Debit Card,2025-03,3496.44
3331,220092,2025-01-05,Beauty,Sunscreen,2,1956.66,South,Bangalore,Credit Card,2025-01,3913.32
3332,106675,2025-05-23,Books,Textbook,5,2250.73,North,Lucknow,Net Banking,2025-05,11253.65
3333,189576,2024-09-29,Fashion,Sneakers,2,1208.55,North,Jaipur,UPI,2024-09,2417.1
3334,114467,2025-05-24,Books,Fiction Novel,2,2746.04,South,Bangalore,UPI,2025-05,5492.08
3335,145229,2024-11-29,Electronics,Laptop,3,2028.9,East,Kolkata,Credit Card,2024-11,6086.7
3336,215280,2025-05-03,Fashion,Jeans,4,1726.48,West,Ahmedabad,UPI,2025-05,6905.92
3337,213740,2024-08-17,Beauty,Shampoo,1,2259.03,South,Chennai,UPI,2024-08,2259.03
3338,195491,2025-06-10,Electronics,Smartwatch,2,1856.29,North,Lucknow,Credit Card,2025-06,3712.58
3339,143121,2024-12-01,Books,Textbook,2,2821.71,East,Patna,Net Banking,2024-12,5643.42
3340,127263,2025-02-05,Books,Textbook,1,1048.96,North,Delhi,UPI,2025-02,1048.96
3341,149453,2024-09-27,Beauty,Perfume,4,1574.03,North,Delhi,Debit Card,2024-09,6296.12
3342,178200,2024-11-20,Fashion,Jeans,4,1610.83,West,Pune,Net Banking,2024-11,6443.32
3343,240255,2025-03-31,Electronics,Headphones,5,795.54,North,Lucknow,Cash on Delivery,2025-03,3977.7
3344,223560,2024-11-30,Beauty,Perfume,3,373.98,South,Chennai,Cash on Delivery,2024-11,1121.94
3345,173529,2025-01-15,Beauty,Perfume,1,397.79,East,Bhubaneswar,UPI,2025-01,397.79
3346,222115,2024-06-29,Sports,Dumbbells,2,1345.41,South,Chennai,Credit Card,2024-06,2690.82
3347,214753,2024-08-19,Beauty,Shampoo,3,1242.22,North,Jaipur,UPI,2024-08,3726.66
3348,192104,2024-07-11,Electronics,Tablet,3,1101.04,East,Bhubaneswar,Debit Card,2024-07,3303.12
3349,108375,2025-01-03,Electronics,Smartphone,1,1489.17,East,Kolkata,UPI,2025-01,1489.17
3351,202098,2024-01-29,Electronics,Laptop,5,1770.95,West,Surat,UPI,2024-01,8854.75
3352,177456,2024-07-06,Books,Self-Help Book,5,1532.48,East,Kolkata,UPI,2024-07,7662.4
3353,215573,2025-04-18,Electronics,Tablet,1,50.0,East,Patna,Cash on Delivery,2025-04,50.0
3354,185715,2024-10-01,Sports,Yoga Mat,5,2585.23,West,Pune,Debit Card,2024-10,12926.15
3355,223896,2024-01-11,Books,Comic,4,2547.59,West,Ahmedabad,Cash on Delivery,2024-01,10190.36
3356,237707,2025-07-02,Home & Kitchen,Cookware Set,2,1890.46,East,Patna,UPI,2025-07,3780.92
3357,176934,2024-02-22,Electronics,Tablet,5,2159.1,West,Surat,Net Banking,2024-02,10795.5
3358,106810,2025-02-09,Books,Biography,5,2209.84,South,Chennai,UPI,2025-02,11049.2
3359,134776,2024-12-28,Fashion,Saree,3,2192.02,East,Guwahati,Net Banking,2024-12,6576.06
3360,112800,2024-07-03,Beauty,Moisturizer,4,1254.61,South,Chennai,Debit Card,2024-07,5018.44
3361,146452,2025-06-25,Books,Biography,2,1690.65,North,Lucknow,Credit Card,2025-06,3381.3
3362,169976,2024-09-01,Sports,Football,1,1104.99,North,Chandigarh,UPI,2024-09,1104.99
3363,116180,2025-03-22,Electronics,Smartwatch,4,1796.77,South,Bangalore,UPI,2025-03,7187.08
3364,218375,2024-12-31,Sports,Cricket Bat,2,1699.67,West,Mumbai,Credit Card,2024-12,3399.34
3365,154236,2025-07-28,Electronics,Tablet,5,2284.16,West,Surat,Net Banking,2025-07,11420.8
3366,139777,2025-02-22,Sports,Yoga Mat,2,50.0,West,Mumbai,Net Banking,2025-02,100.0
3367,234813,2025-07-20,Beauty,Lipstick,1,1529.01,East,Bhubaneswar,Net Banking,2025-07,1529.01
3368,207632,2024-09-26,Fashion,Jeans,3,735.03,South,Chennai,UPI,2024-09,2205.09
3369,163965,2025-07-27,Home & Kitchen,Lamp,3,1681.48,South,Kochi,Credit Card,2025-07,5044.44
3370,195714,2024-06-01,Electronics,Headphones,4,50.0,East,Guwahati,UPI,2024-06,200.0
3371,112928,2025-03-27,Books,Fiction Novel,3,960.32,South,Chennai,UPI,2025-03,2880.96
3372,231482,2024-07-08,Fashion,T-Shirt,4,2103.88,East,Patna,UPI,2024-07,8415.52
3373,158478,2024-03-06,Fashion,Jacket,2,2122.63,East,Kolkata,Credit Card,2024-03,4245.26
3374,140298,2025-04-03,Beauty,Sunscreen,4,2289.6,West,Ahmedabad,UPI,2025-04,9158.4
3375,188994,2024-02-28,Sports,Football,1,921.12,North,Lucknow,Net Banking,2024-02,921.12
3376,213912,2024-12-31,Beauty,Perfume,2,2510.56,North,Lucknow,UPI,2024-12,5021.12
3377,197967,2025-07-30,Beauty,Perfume,5,1262.77,West,Surat,Credit Card,2025-07,6313.85
3378,239456,2024-02-10,Beauty,Lipstick,3,1564.72,North,Delhi,Credit Card,2024-02,4694.16
3379,247479,2025-09-30,Books,Comic,1,2037.78,West,Mumbai,UPI,2025-09,2037.78
3380,175517,2024-03-04,Home & Kitchen,Lamp,5,319.05,South,Bangalore,Credit Card,2024-03,1595.25
3381,151275,2025-08-30,Sports,Yoga Mat,1,1423.39,South,Chennai,Cash on Delivery,2025-08,1423.39
3382,241711,2025-05-01,Sports,Yoga Mat,4,391.96,South,Chennai,Net Banking,2025-05,1567.84
3383,197287,2024-12-23,Books,Biography,4,431.39,West,Pune,Cash on Delivery,2024-12,1725.56
3385,135095,2024-01-19,Sports,Dumbbells,3,1113.11,West,Pune,Net Banking,2024-01,3339.33
3386,123049,2025-08-25,Fashion,T-Shirt,3,1085.39,South,Hyderabad,UPI,2025-08,3256.17
3387,139536,2025-02-17,Sports,Cricket Bat,5,1040.94,South,Bangalore,Credit Card,2025-02,5204.7
3388,121449,2025-04-12,Sports,Cycling Helmet,5,1808.6,North,Chandigarh,Debit Card,2025-04,9043.0
3389,176069,2024-05-02,Fashion,Sneakers,4,1042.85,North,Chandigarh,Debit Card,2024-05,4171.4
3390,131035,2025-07-08,Sports,Cricket Bat,3,2125.99,South,Chennai,Debit Card,2025-07,6377.97
3391,249551,2024-02-17,Fashion,Sneakers,2,3351.82,West,Pune,Cash on Delivery,2024-02,6703.64
3392,104462,2024-09-01,Beauty,Lipstick,2,2079.69,North,Chandigarh,Debit Card,2024-09,4159.38
3393,158193,2024-05-15,Sports,Cricket Bat,2,121.0,West,Pune,Debit Card,2024-05,242.0
3394,113233,2025-05-21,Fashion,Jeans,4,1524.47,South,Chennai,UPI,2025-05,6097.88
3395,219222,2024-10-15,Home & Kitchen,Air Fryer,5,892.42,West,Mumbai,UPI,2024-10,4462.1
3396,240576,2024-12-16,Sports,Cycling Helmet,5,1375.28,West,Ahmedabad,Cash on Delivery,2024-12,6876.4
3397,119460,2024-04-07,Home & Kitchen,Cookware Set,2,747.58,West,Pune,Net Banking,2024-04,1495.16
3398,201905,2025-03-08,Books,Textbook,5,50.0,North,Lucknow,UPI,2025-03,250.0
3399,159119,2025-04-13,Electronics,Smartwatch,1,873.29,South,Bangalore,UPI,2025-04,873.29
3400,130284,2025-07-11,Sports,Dumbbells,2,2239.95,South,Kochi,Cash on Delivery,2025-07,4479.9
3401,143758,2024-08-27,Sports,Cricket Bat,4,936.29,West,Ahmedabad,Debit Card,2024-08,3745.16
3402,151063,2025-04-23,Books,Fiction Novel,2,1685.61,East,Guwahati,Cash on Delivery,2025-04,3371.22
3403,125472,2024-03-26,Electronics,Headphones,5,2136.77,East,Guwahati,Net Banking,2024-03,10683.85
3404,235527,2024-05-04,Books,Fiction Novel,3,2375.04,South,Bangalore,UPI,2024-05,7125.12
3405,124345,2024-11-13,Home & Kitchen,Cookware Set,1,2745.52,South,Bangalore,UPI,2024-11,2745.52
3406,189910,2025-04-06,Home & Kitchen,Bedsheet,3,3304.9,East,Bhubaneswar,Credit Card,2025-04,9914.7
3407,140770,2024-10-11,Home & Kitchen,Mixer Grinder,3,2565.16,East,Kolkata,Cash on Delivery,2024-10,7695.48
3408,157657,2024-06-01,Beauty,Perfume,4,2350.43,West,Surat,Net Banking,2024-06,9401.72
3409,195952,2024-06-04,Beauty,Sunscreen,1,2071.11,North,Chandigarh,Credit Card,2024-06,2071.11
3410,136302,2025-08-10,Home & Kitchen,Lamp,2,2044.43,West,Ahmedabad,Credit Card,2025-08,4088.86
3411,173405,2024-05-27,Electronics,Smartwatch,4,2213.01,South,Hyderabad,Credit Card,2024-05,8852.04
3412,184703,2024-05-30,Books,Self-Help Book,3,739.59,West,Ahmedabad,UPI,2024-05,2218.77
3413,183831,2024-06-25,Fashion,Jeans,4,1370.93,East,Kolkata,UPI,2024-06,5483.72
3414,130145,2024-07-02,Electronics,Tablet,3,50.0,North,Lucknow,Credit Card,2024-07,150.0
3415,111900,2024-09-26,Beauty,Sunscreen,2,683.69,South,Hyderabad,Debit Card,2024-09,1367.38
3416,214657,2024-01-12,Home & Kitchen,Lamp,2,563.73,West,Mumbai,Credit Card,2024-01,1127.46
3417,138265,2024-12-02,Beauty,Perfume,1,3479.5,South,Kochi,UPI,2024-12,3479.5
3418,189119,2024-07-12,Books,Comic,1,1956.88,South,Kochi,Debit Card,2024-07,1956.88
3419,146000,2024-02-08,Electronics,Headphones,5,2272.71,East,Bhubaneswar,Credit Card,2024-02,11363.55
3420,160273,2025-07-20,Fashion,Saree,4,3868.56,South,Chennai,UPI,2025-07,15474.24
3421,197032,2025-01-16,Beauty,Perfume,5,1080.95,East,Patna,UPI,2025-01,5404.75
3422,120023,2024-10-17,Sports,Dumbbells,1,2272.65,South,Bangalore,UPI,2024-10,2272.65
3423,106351,2025-05-12,Beauty,Shampoo,3,156.74,South,Bangalore,Credit Card,2025-05,470.22
3424,219512,2025-02-12,Home & Kitchen,Mixer Grinder,2,2158.12,South,Kochi,UPI,2025-02,4316.24
3425,140440,2025-04-03,Beauty,Lipstick,5,2025.75,East,Bhubaneswar,UPI,2025-04,10128.75
3426,249771,2025-07-01,Books,Self-Help Book,5,2990.77,South,Kochi,Cash on Delivery,2025-07,14953.85
3427,216560,2024-11-05,Home & Kitchen,Lamp,5,2195.39,North,Chandigarh,UPI,2024-11,10976.95
3428,199295,2024-01-10,Books,Fiction Novel,3,1205.98,West,Ahmedabad,Net Banking,2024-01,3617.94
3429,228055,2024-07-22,Sports,Yoga Mat,4,2809.29,South,Hyderabad,Debit Card,2024-07,11237.16
3430,196721,2024-07-16,Fashion,Saree,1,1344.22,South,Bangalore,Credit Card,2024-07,1344.22
3431,204510,2024-03-11,Fashion,Jacket,3,3102.46,North,Jaipur,Cash on Delivery,2024-03,9307.38
3432,172144,2025-05-22,Sports,Cricket Bat,3,1170.21,South,Hyderabad,UPI,2025-05,3510.63
3433,148269,2025-07-24,Fashion,T-Shirt,3,2179.48,East,Bhubaneswar,UPI,2025-07,6538.44
3434,170914,2024-05-19,Home & Kitchen,Bedsheet,3,1486.4,West,Mumbai,Credit Card,2024-05,4459.2
3435,125704,2024-03-01,Fashion,Sneakers,3,184.72,West,Surat,Credit Card,2024-03,554.16
3436,222109,2024-07-04,Beauty,Shampoo,4,50.0,South,Chennai,Credit Card,2024-07,200.0
3437,142460,2024-01-20,Fashion,Sneakers,5,1772.93,North,Delhi,Debit Card,2024-01,8864.65
3438,224566,2024-05-29,Beauty,Lipstick,1,2104.77,West,Surat,Credit Card,2024-05,2104.77
3439,184381,2024-01-11,Books,Biography,5,2660.26,South,Hyderabad,UPI,2024-01,13301.3
3440,114288,2025-02-18,Sports,Yoga Mat,4,3038.98,South,Hyderabad,Credit Card,2025-02,12155.92
3441,231781,2025-08-05,Books,Fiction Novel,4,807.45,West,Ahmedabad,UPI,2025-08,3229.8
3442,209684,2025-07-26,Electronics,Tablet,2,2261.51,North,Jaipur,Credit Card,2025-07,4523.02
3443,199504,2024-11-04,Home & Kitchen,Cookware Set,4,2016.15,North,Chandigarh,Debit Card,2024-11,8064.6
3444,233465,2025-09-05,Fashion,Saree,5,1074.32,South,Chennai,Debit Card,2025-09,5371.6
3445,232308,2025-02-03,Books,Self-Help Book,4,1335.72,North,Delhi,UPI,2025-02,5342.88
3446,150874,2024-11-22,Sports,Dumbbells,1,1554.0,North,Jaipur,Debit Card,2024-11,1554.0
3447,118785,2024-09-22,Fashion,Saree,1,247.18,West,Surat,Credit Card,2024-09,247.18
3448,208443,2025-09-20,Beauty,Shampoo,3,1797.37,East,Bhubaneswar,Net Banking,2025-09,5392.11
3449,121401,2024-01-08,Beauty,Moisturizer,3,2890.39,East,Guwahati,Net Banking,2024-01,8671.17
3450,223899,2025-07-28,Home & Kitchen,Mixer Grinder,3,1702.66,South,Bangalore,UPI,2025-07,5107.98
3451,248221,2025-07-29,Home & Kitchen,Cookware Set,5,2050.8,West,Surat,Credit Card,2025-07,10254.0
3452,117358,2024-06-27,Electronics,Tablet,2,1903.91,North,Chandigarh,Cash on Delivery,2024-06,3807.82
3453,236408,2024-12-03,Home & Kitchen,Lamp,2,958.62,North,Delhi,UPI,2024-12,1917.24
3454,158087,2024-08-07,Home & Kitchen,Bedsheet,1,142.77,East,Bhubaneswar,UPI,2024-08,142.77
3455,203156,2025-04-09,Sports,Cricket Bat,2,952.53,East,Patna,UPI,2025-04,1905.06
3456,243217,2024-03-12,Books,Fiction Novel,4,1909.24,South,Kochi,Cash on Delivery,2024-03,7636.96
3457,229707,2024-07-06,Sports,Dumbbells,5,2202.22,South,Chennai,Cash on Delivery,2024-07,11011.1
3458,103412,2025-08-28,Electronics,Laptop,1,676.57,North,Chandigarh,UPI,2025-08,676.57
3459,136354,2025-07-26,Books,Comic,4,1292.89,South,Chennai,Credit Card,2025-07,5171.56
3460,146577,2025-06-14,Home & Kitchen,Air Fryer,4,1197.63,West,Mumbai,UPI,2025-06,4790.52
3461,240949,2025-05-04,Home & Kitchen,Bedsheet,1,1531.37,North,Jaipur,Debit Card,2025-05,1531.37
3462,237872,2024-07-26,Books,Biography,3,1505.62,South,Chennai,Debit Card,2024-07,4516.86
3463,104228,2025-07-29,Books,Textbook,5,1695.64,East,Patna,Net Banking,2025-07,8478.2
3464,152692,2024-04-19,Electronics,Headphones,3,307.51,East,Guwahati,UPI,2024-04,922.53
3465,193921,2025-03-22,Home & Kitchen,Air Fryer,3,2209.06,South,Hyderabad,Cash on Delivery,2025-03,6627.18
3466,139924,2024-12-23,Sports,Football,1,965.14,North,Lucknow,UPI,2024-12,965.14
3467,132756,2025-03-30,Beauty,Lipstick,1,2684.84,South,Hyderabad,UPI,2025-03,2684.84
3468,102616,2024-12-23,Fashion,Jacket,2,1502.46,South,Hyderabad,Debit Card,2024-12,3004.92
3469,203302,2024-05-09,Beauty,Moisturizer,2,1793.05,South,Hyderabad,UPI,2024-05,3586.1
3471,202511,2025-05-09,Fashion,Jacket,1,312.2,North,Chandigarh,Credit Card,2025-05,312.2
3472,127653,2024-06-04,Sports,Cycling Helmet,5,588.91,West,Pune,UPI,2024-06,2944.55
3474,179718,2024-03-29,Books,Fiction Novel,2,1158.65,South,Hyderabad,Credit Card,2024-03,2317.3
3475,211706,2025-07-03,Fashion,Sneakers,3,1187.67,South,Bangalore,UPI,2025-07,3563.01
3476,214705,2024-04-28,Fashion,Jacket,1,827.15,North,Delhi,Cash on Delivery,2024-04,827.15
3477,198340,2025-02-23,Beauty,Lipstick,1,842.21,South,Hyderabad,Credit Card,2025-02,842.21
3478,170453,2025-08-31,Beauty,Lipstick,5,1841.76,West,Pune,UPI,2025-08,9208.8
3479,186298,2025-07-27,Home & Kitchen,Lamp,5,609.89,South,Kochi,Cash on Delivery,2025-07,3049.45
3480,243675,2024-02-19,Sports,Dumbbells,5,959.85,East,Bhubaneswar,UPI,2024-02,4799.25
3481,208991,2025-01-03,Sports,Cycling Helmet,3,1793.31,West,Surat,UPI,2025-01,5379.93
3482,179677,2024-07-09,Fashion,Sneakers,4,1984.93,South,Bangalore,Debit Card,2024-07,7939.72
3483,129707,2024-11-19,Sports,Cycling Helmet,1,3126.69,North,Lucknow,UPI,2024-11,3126.69
3484,178823,2025-06-11,Fashion,Saree,4,509.48,North,Delhi,Credit Card,2025-06,2037.92
3485,238489,2024-11-13,Home & Kitchen,Air Fryer,5,614.56,North,Chandigarh,Credit Card,2024-11,3072.8
3486,244167,2025-04-13,Electronics,Tablet,1,1899.94,West,Pune,Debit Card,2025-04,1899.94
3487,226609,2025-08-22,Home & Kitchen,Air Fryer,3,611.03,South,Bangalore,Credit Card,2025-08,1833.09
3488,172445,2024-07-25,Books,Comic,5,730.51,West,Pune,UPI,2024-07,3652.55
3489,137267,2025-01-10,Home & Kitchen,Bedsheet,5,2573.77,South,Hyderabad,Credit Card,2025-01,12868.85
3490,112519,2024-01-05,Sports,Yoga Mat,4,1815.15,North,Chandigarh,UPI,2024-01,7260.6
3491,237283,2024-01-05,Electronics,Laptop,4,2451.61,West,Ahmedabad,Cash on Delivery,2024-01,9806.44
3492,165968,2024-08-16,Beauty,Sunscreen,3,1633.44,East,Patna,Credit Card,2024-08,4900.32
3493,173645,2025-04-11,Home & Kitchen,Air Fryer,4,2399.38,West,Surat,Debit Card,2025-04,9597.52
3494,152688,2024-07-20,Sports,Cycling Helmet,3,1219.93,West,Pune,Debit Card,2024-07,3659.79
3495,146005,2025-01-29,Books,Self-Help Book,4,1631.58,East,Kolkata,UPI,2025-01,6526.32
3496,107959,2024-06-17,Beauty,Lipstick,2,791.07,East,Kolkata,Cash on Delivery,2024-06,1582.14
3497,123168,2024-11-28,Electronics,Laptop,2,1827.14,North,Jaipur,Credit Card,2024-11,3654.28
3498,129952,2025-08-10,Home & Kitchen,Mixer Grinder,5,1318.69,South,Bangalore,Cash on Delivery,2025-08,6593.45
3499,100480,2024-11-27,Electronics,Headphones,4,1712.44,West,Surat,Cash on Delivery,2024-11,6849.76
3500,129301,2025-09-26,Home & Kitchen,Cookware Set,3,2145.49,East,Kolkata,UPI,2025-09,6436.47
3502,245888,2024-09-25,Beauty,Moisturizer,4,1232.67,North,Lucknow,UPI,2024-09,4930.68
3503,229044,2024-03-01,Fashion,Jacket,1,58.96,West,Ahmedabad,Debit Card,2024-03,58.96
3504,108963,2025-06-13,Fashion,T-Shirt,4,50.0,East,Guwahati,Net Banking,2025-06,200.0
3505,123318,2024-10-18,Electronics,Smartphone,4,600.26,North,Jaipur,UPI,2024-10,2401.04
3506,131067,2024-11-19,Books,Self-Help Book,4,1027.43,South,Kochi,Debit Card,2024-11,4109.72
3507,156600,2024-09-27,Books,Biography,4,50.0,West,Mumbai,UPI,2024-09,200.0
3508,232839,2025-04-20,Sports,Cricket Bat,4,751.29,West,Ahmedabad,Credit Card,2025-04,3005.16
3509,135340,2024-06-14,Electronics,Smartphone,4,507.19,West,Ahmedabad,Credit Card,2024-06,2028.76
3510,164179,2024-08-14,Home & Kitchen,Lamp,3,2219.15,South,Chennai,Credit Card,2024-08,6657.45
3511,132305,2025-05-21,Books,Comic,4,2052.56,West,Surat,UPI,2025-05,8210.24
3512,192149,2024-06-20,Beauty,Shampoo,4,2316.19,East,Bhubaneswar,UPI,2024-06,9264.76
3513,218473,2024-01-30,Electronics,Smartwatch,1,1128.29,East,Patna,Debit Card,2024-01,1128.29
3514,153413,2024-12-17,Electronics,Tablet,2,1170.68,South,Bangalore,Debit Card,2024-12,2341.36
3515,159427,2024-02-15,Fashion,T-Shirt,3,1600.72,West,Ahmedabad,UPI,2024-02,4802.16
3516,167302,2025-09-18,Books,Comic,3,2145.09,East,Guwahati,Cash on Delivery,2025-09,6435.27
3517,227956,2024-08-24,Fashion,Jeans,2,1769.9,North,Chandigarh,Debit Card,2024-08,3539.8
3518,134101,2024-10-04,Books,Textbook,5,651.06,North,Jaipur,Debit Card,2024-10,3255.3
3519,134329,2025-09-07,Sports,Cricket Bat,2,1386.64,South,Chennai,Debit Card,2025-09,2773.28
3520,188737,2024-02-19,Books,Biography,4,1457.83,South,Chennai,Cash on Delivery,2024-02,5831.32
3521,158621,2024-04-20,Sports,Yoga Mat,2,1637.25,North,Jaipur,UPI,2024-04,3274.5
3522,231762,2024-05-20,Fashion,Jeans,1,1969.9,East,Kolkata,Net Banking,2024-05,1969.9
3523,123637,2025-04-21,Sports,Cricket Bat,3,50.0,North,Jaipur,Debit Card,2025-04,150.0
3524,134057,2025-02-05,Fashion,Sneakers,1,1370.84,North,Chandigarh,UPI,2025-02,1370.84
3525,234735,2024-12-29,Fashion,T-Shirt,5,50.0,West,Ahmedabad,Credit Card,2024-12,250.0
3526,227417,2024-11-21,Fashion,Saree,5,2738.52,South,Hyderabad,Credit Card,2024-11,13692.6
3527,239889,2025-04-30,Electronics,Smartphone,2,1498.31,East,Bhubaneswar,UPI,2025-04,2996.62
3528,194623,2025-01-26,Electronics,Smartwatch,1,932.63,West,Surat,Debit Card,2025-01,932.63
3529,118483,2024-06-07,Fashion,Jacket,5,2327.74,South,Hyderabad,Debit Card,2024-06,11638.7
3530,115642,2025-05-29,Electronics,Tablet,2,1878.47,East,Guwahati,UPI,2025-05,3756.94
3531,159833,2024-01-05,Home & Kitchen,Lamp,1,50.0,North,Chandigarh,Credit Card,2024-01,50.0
3532,245399,2024-12-28,Electronics,Headphones,5,1965.69,West,Mumbai,UPI,2024-12,9828.45
3533,121307,2024-08-09,Electronics,Headphones,3,1513.39,West,Pune,Credit Card,2024-08,4540.17
3534,216388,2024-12-30,Books,Fiction Novel,1,1036.82,East,Patna,UPI,2024-12,1036.82
3535,172747,2024-08-10,Electronics,Headphones,5,2498.26,West,Mumbai,UPI,2024-08,12491.3
3536,207595,2025-07-19,Electronics,Tablet,1,1479.1,West,Ahmedabad,UPI,2025-07,1479.1
3537,102939,2024-12-17,Electronics,Smartphone,3,434.0,South,Chennai,Credit Card,2024-12,1302.0
3538,231664,2024-07-01,Electronics,Smartwatch,5,1053.39,South,Bangalore,UPI,2024-07,5266.95
3539,242569,2025-06-27,Beauty,Moisturizer,1,1086.53,North,Chandigarh,Cash on Delivery,2025-06,1086.53
3540,152194,2025-03-05,Sports,Dumbbells,4,2926.55,South,Hyderabad,Credit Card,2025-03,11706.2
3541,128008,2025-07-25,Sports,Cricket Bat,3,2612.37,North,Lucknow,UPI,2025-07,7837.11
3542,240094,2024-12-02,Beauty,Sunscreen,1,1614.95,West,Mumbai,UPI,2024-12,1614.95
3543,162321,2024-10-20,Electronics,Tablet,2,542.48,South,Hyderabad,Net Banking,2024-10,1084.96
3544,230721,2025-04-08,Sports,Football,1,2162.5,North,Lucknow,Cash on Delivery,2025-04,2162.5
3545,202421,2024-10-09,Electronics,Laptop,3,1573.25,West,Surat,Cash on Delivery,2024-10,4719.75
3546,164647,2025-04-29,Beauty,Moisturizer,4,50.0,West,Ahmedabad,UPI,2025-04,200.0
3547,130549,2024-05-27,Home & Kitchen,Bedsheet,5,2220.66,East,Bhubaneswar,Cash on Delivery,2024-05,11103.3
3548,195479,2024-12-11,Books,Self-Help Book,2,414.34,West,Pune,Net Banking,2024-12,828.68
3549,113639,2024-07-05,Fashion,Jeans,4,934.43,South,Kochi,Debit Card,2024-07,3737.72
3550,201792,2025-01-27,Beauty,Shampoo,2,899.85,North,Delhi,Credit Card,2025-01,1799.7
3551,176180,2024-04-23,Home & Kitchen,Cookware Set,3,2367.02,East,Patna,Net Banking,2024-04,7101.06
3552,134610,2024-04-14,Beauty,Sunscreen,1,2767.91,South,Bangalore,Credit Card,2024-04,2767.91
3553,175255,2025-06-25,Books,Biography,3,2490.4,North,Lucknow,Cash on Delivery,2025-06,7471.2
3554,223603,2024-01-03,Sports,Cycling Helmet,1,715.8,North,Chandigarh,Credit Card,2024-01,715.8
3555,173967,2025-08-13,Home & Kitchen,Mixer Grinder,3,1430.34,South,Hyderabad,Debit Card,2025-08,4291.02
3556,124528,2025-05-24,Home & Kitchen,Cookware Set,4,421.06,East,Kolkata,UPI,2025-05,1684.24
3557,176015,2025-01-13,Sports,Dumbbells,3,2761.88,West,Ahmedabad,Debit Card,2025-01,8285.64
3558,132619,2025-05-24,Home & Kitchen,Mixer Grinder,5,1689.33,South,Hyderabad,UPI,2025-05,8446.65
3559,163821,2025-02-01,Fashion,Jeans,1,1297.47,East,Kolkata,Credit Card,2025-02,1297.47
3560,128428,2025-10-01,Home & Kitchen,Cookware Set,5,1363.2,West,Surat,Cash on Delivery,2025-10,6816.0
3561,205483,2025-09-05,Electronics,Laptop,1,2024.23,South,Kochi,Net Banking,2025-09,2024.23
3562,175254,2025-07-29,Fashion,T-Shirt,1,1888.6,East,Bhubaneswar,Credit Card,2025-07,1888.6
3563,179735,2025-07-14,Home & Kitchen,Bedsheet,2,922.36,East,Guwahati,UPI,2025-07,1844.72
3564,212506,2025-02-14,Sports,Football,2,50.0,West,Mumbai,UPI,2025-02,100.0
3565,151960,2025-02-13,Sports,Dumbbells,4,1616.49,East,Kolkata,Cash on Delivery,2025-02,6465.96
3567,150291,2024-01-19,Home & Kitchen,Bedsheet,2,1486.44,East,Guwahati,Credit Card,2024-01,2972.88
3568,157768,2024-11-29,Electronics,Headphones,4,2217.42,South,Chennai,Credit Card,2024-11,8869.68
3569,166733,2024-08-05,Sports,Football,5,1428.1,East,Guwahati,UPI,2024-08,7140.5
3570,100748,2025-07-11,Fashion,Jacket,3,792.78,East,Bhubaneswar,Cash on Delivery,2025-07,2378.34
3571,151534,2025-05-13,Sports,Football,4,3053.1,South,Bangalore,Credit Card,2025-05,12212.4
3572,223910,2025-03-21,Books,Comic,1,326.1,North,Delhi,Net Banking,2025-03,326.1
3573,141341,2024-09-10,Sports,Cricket Bat,2,1799.47,South,Chennai,Cash on Delivery,2024-09,3598.94
3574,209454,2024-12-19,Fashion,T-Shirt,4,2378.53,North,Chandigarh,UPI,2024-12,9514.12
3575,168430,2024-07-18,Books,Comic,1,476.77,North,Chandigarh,Net Banking,2024-07,476.77
3576,242633,2025-06-02,Sports,Dumbbells,5,1319.02,South,Hyderabad,Credit Card,2025-06,6595.1
3577,166492,2024-09-05,Beauty,Perfume,3,1577.63,East,Patna,Credit Card,2024-09,4732.89
3578,179938,2024-12-13,Books,Self-Help Book,1,50.0,East,Bhubaneswar,Credit Card,2024-12,50.0
3579,208520,2025-06-02,Books,Comic,5,1756.7,West,Mumbai,UPI,2025-06,8783.5
3580,154114,2025-03-23,Electronics,Smartwatch,2,50.0,South,Hyderabad,Credit Card,2025-03,100.0
3581,245037,2025-07-09,Books,Comic,3,2033.32,East,Bhubaneswar,Debit Card,2025-07,6099.96
3582,243163,2025-03-07,Sports,Football,5,1420.79,West,Mumbai,Credit Card,2025-03,7103.95
3583,248775,2025-04-19,Fashion,Jacket,2,1284.7,West,Surat,UPI,2025-04,2569.4
3584,220184,2024-05-09,Fashion,Jacket,3,2471.81,West,Pune,Credit Card,2024-05,7415.43
3585,213203,2024-09-07,Sports,Cricket Bat,4,1123.46,East,Kolkata,Debit Card,2024-09,4493.84
3586,247797,2024-12-01,Fashion,Sneakers,4,2532.17,West,Mumbai,Net Banking,2024-12,10128.68
3587,108657,2024-07-16,Home & Kitchen,Air Fryer,2,1935.39,West,Mumbai,Debit Card,2024-07,3870.78
3588,165930,2025-07-26,Sports,Cricket Bat,2,1514.76,East,Kolkata,Net Banking,2025-07,3029.52
3589,184160,2024-05-25,Beauty,Moisturizer,4,1798.32,South,Chennai,Debit Card,2024-05,7193.28
3590,205647,2025-03-22,Books,Biography,5,2499.85,North,Chandigarh,UPI,2025-03,12499.25
3591,146311,2024-12-30,Electronics,Smartphone,2,293.72,East,Guwahati,Cash on Delivery,2024-12,587.44
3592,219695,2024-05-23,Fashion,Jeans,1,867.33,North,Delhi,Debit Card,2024-05,867.33
3593,188556,2024-06-05,Books,Comic,3,515.15,South,Hyderabad,Credit Card,2024-06,1545.45
3594,132283,2024-09-20,Beauty,Perfume,4,2053.94,South,Hyderabad,Net Banking,2024-09,8215.76
3595,117358,2025-05-17,Fashion,Sneakers,3,1321.15,South,Bangalore,UPI,2025-05,3963.45
3596,119651,2025-02-17,Fashion,T-Shirt,1,984.24,North,Jaipur,Net Banking,2025-02,984.24
3597,224368,2025-08-27,Home & Kitchen,Bedsheet,2,1674.09,East,Patna,UPI,2025-08,3348.18
3598,142270,2025-02-19,Beauty,Shampoo,4,1939.63,East,Bhubaneswar,UPI,2025-02,7758.52
3599,177397,2024-04-01,Fashion,Jacket,5,223.39,North,Delhi,UPI,2024-04,1116.95
3600,191077,2024-07-12,Beauty,Lipstick,2,2340.22,South,Kochi,Credit Card,2024-07,4680.44
3601,197438,2025-06-16,Home & Kitchen,Lamp,4,1848.6,East,Kolkata,Cash on Delivery,2025-06,7394.4
3602,220811,2025-08-05,Beauty,Moisturizer,3,1939.55,East,Kolkata,Debit Card,2025-08,5818.65
3603,144679,2025-05-29,Electronics,Laptop,5,2085.27,South,Hyderabad,Debit Card,2025-05,10426.35
3604,111076,2025-01-07,Beauty,Perfume,3,3130.19,West,Surat,Credit Card,2025-01,9390.57
3605,105612,2024-07-17,Books,Comic,2,1921.46,North,Lucknow,Debit Card,2024-07,3842.92
3606,122170,2024-08-19,Electronics,Laptop,2,622.27,East,Patna,Debit Card,2024-08,1244.54
3607,124947,2024-10-09,Fashion,T-Shirt,4,1392.2,North,Chandigarh,Credit Card,2024-10,5568.8
3608,124224,2025-03-15,Sports,Yoga Mat,1,1643.99,East,Bhubaneswar,UPI,2025-03,1643.99
3609,109541,2024-11-06,Beauty,Sunscreen,2,975.05,South,Chennai,UPI,2024-11,1950.1
3610,224238,2024-02-14,Sports,Yoga Mat,1,3064.11,West,Ahmedabad,Cash on Delivery,2024-02,3064.11
3611,243174,2024-05-14,Beauty,Lipstick,2,1384.81,North,Chandigarh,Debit Card,2024-05,2769.62
3612,109755,2025-04-12,Sports,Cricket Bat,3,2141.06,East,Kolkata,UPI,2025-04,6423.18
3613,237134,2024-10-10,Beauty,Moisturizer,2,1996.17,North,Lucknow,Net Banking,2024-10,3992.34
3614,207008,2024-03-09,Electronics,Laptop,1,1469.28,South,Chennai,UPI,2024-03,1469.28
3615,212828,2025-05-28,Sports,Cricket Bat,5,1491.71,East,Bhubaneswar,Debit Card,2025-05,7458.55
3616,156200,2024-04-01,Home & Kitchen,Mixer Grinder,5,3013.06,West,Ahmedabad,UPI,2024-04,15065.3
3617,133709,2024-07-14,Electronics,Smartphone,4,1265.96,East,Patna,Credit Card,2024-07,5063.84
3618,227620,2024-06-19,Home & Kitchen,Lamp,1,2740.42,East,Bhubaneswar,Cash on Delivery,2024-06,2740.42
3619,144798,2025-08-19,Home & Kitchen,Bedsheet,4,1331.85,West,Surat,Credit Card,2025-08,5327.4
3620,200780,2025-02-16,Electronics,Headphones,1,3062.01,North,Chandigarh,Debit Card,2025-02,3062.01
3621,158395,2024-08-20,Books,Fiction Novel,4,1372.24,South,Bangalore,Debit Card,2024-08,5488.96
3622,237258,2025-09-01,Fashion,Saree,5,3571.31,South,Chennai,Credit Card,2025-09,17856.55
3623,218651,2024-08-18,Fashion,Sneakers,3,450.61,South,Hyderabad,UPI,2024-08,1351.83
3624,121144,2025-06-27,Home & Kitchen,Air Fryer,1,1789.82,West,Surat,Net Banking,2025-06,1789.82
3625,147329,2024-04-28,Sports,Dumbbells,5,1452.29,South,Bangalore,Debit Card,2024-04,7261.45
3626,247446,2024-06-15,Sports,Cycling Helmet,5,526.74,South,Kochi,UPI,2024-06,2633.7
3627,243454,2025-07-13,Sports,Football,5,638.26,South,Bangalore,Debit Card,2025-07,3191.3
3628,237842,2024-08-27,Fashion,Sneakers,1,2596.63,North,Jaipur,Cash on Delivery,2024-08,2596.63
3629,241134,2025-07-31,Books,Textbook,3,1921.82,South,Chennai,Cash on Delivery,2025-07,5765.46
3630,209130,2024-03-20,Sports,Football,5,140.19,South,Hyderabad,UPI,2024-03,700.95
3631,148518,2024-03-09,Home & Kitchen,Air Fryer,5,857.41,West,Surat,Debit Card,2024-03,4287.05
3632,191830,2025-05-15,Beauty,Moisturizer,2,1494.43,East,Guwahati,Net Banking,2025-05,2988.86
3633,112003,2025-04-17,Electronics,Laptop,1,1191.58,East,Guwahati,Debit Card,2025-04,1191.58
3634,216587,2024-02-18,Sports,Football,4,50.0,North,Jaipur,UPI,2024-02,200.0
3635,120428,2025-08-11,Books,Textbook,4,2478.5,East,Patna,UPI,2025-08,9914.0
3636,116492,2024-04-02,Home & Kitchen,Cookware Set,2,807.18,North,Jaipur,UPI,2024-04,1614.36
3637,141903,2024-10-29,Beauty,Moisturizer,3,1114.64,North,Lucknow,Net Banking,2024-10,3343.92
3638,184495,2024-10-11,Home & Kitchen,Cookware Set,2,50.0,East,Bhubaneswar,Cash on Delivery,2024-10,100.0
3639,163207,2025-04-14,Electronics,Headphones,5,2084.23,East,Kolkata,Debit Card,2025-04,10421.15
3640,240422,2025-03-11,Beauty,Sunscreen,3,2646.93,West,Surat,Credit Card,2025-03,7940.79
3642,149640,2025-06-10,Books,Textbook,4,2029.17,East,Bhubaneswar,Credit Card,2025-06,8116.68
3643,164544,2024-06-26,Books,Textbook,3,2896.07,East,Patna,UPI,2024-06,8688.21
3644,119375,2024-12-21,Home & Kitchen,Cookware Set,4,2494.48,East,Bhubaneswar,Debit Card,2024-12,9977.92
3645,196966,2025-04-05,Books,Textbook,1,385.18,East,Patna,Cash on Delivery,2025-04,385.18
3646,116497,2025-06-22,Beauty,Sunscreen,3,1800.86,West,Pune,Debit Card,2025-06,5402.58
3647,128467,2024-08-08,Beauty,Moisturizer,5,50.0,West,Ahmedabad,Credit Card,2024-08,250.0
3648,105251,2024-04-24,Beauty,Lipstick,4,1087.05,East,Bhubaneswar,UPI,2024-04,4348.2
3649,124749,2024-01-09,Books,Textbook,3,676.07,North,Lucknow,UPI,2024-01,2028.21
3650,240928,2024-12-21,Sports,Dumbbells,2,2148.14,East,Patna,Net Banking,2024-12,4296.28
3651,104710,2025-01-01,Electronics,Smartphone,5,2076.7,South,Kochi,Debit Card,2025-01,10383.5
3652,238211,2024-06-29,Electronics,Smartphone,3,871.13,South,Bangalore,UPI,2024-06,2613.39
3653,188774,2024-05-05,Home & Kitchen,Bedsheet,3,198.28,South,Chennai,UPI,2024-05,594.84
3654,224327,2024-06-07,Beauty,Moisturizer,2,844.58,East,Kolkata,Debit Card,2024-06,1689.16
3655,178210,2024-03-04,Sports,Dumbbells,2,1520.59,North,Chandigarh,Cash on Delivery,2024-03,3041.18
3656,192287,2025-09-02,Home & Kitchen,Cookware Set,4,1697.75,North,Chandigarh,UPI,2025-09,6791.0
3657,177428,2025-06-09,Beauty,Sunscreen,2,1578.97,East,Guwahati,Cash on Delivery,2025-06,3157.94
3658,192380,2024-01-21,Books,Self-Help Book,1,2227.87,West,Pune,UPI,2024-01,2227.87
3659,101006,2024-08-02,Home & Kitchen,Lamp,2,1007.05,South,Kochi,Debit Card,2024-08,2014.1
3660,154180,2024-11-19,Home & Kitchen,Bedsheet,5,988.58,West,Surat,Credit Card,2024-11,4942.9
3661,220010,2025-07-09,Beauty,Lipstick,1,837.99,West,Mumbai,Credit Card,2025-07,837.99
3662,112275,2024-06-04,Home & Kitchen,Mixer Grinder,5,2093.88,East,Guwahati,Credit Card,2024-06,10469.4
3663,240426,2025-08-27,Books,Biography,2,846.48,North,Jaipur,Net Banking,2025-08,1692.96
3664,150098,2025-01-25,Books,Self-Help Book,3,1159.66,South,Bangalore,UPI,2025-01,3478.98
3665,150436,2024-01-19,Beauty,Lipstick,5,541.53,North,Lucknow,UPI,2024-01,2707.65
3666,208223,2025-08-14,Home & Kitchen,Bedsheet,2,765.18,South,Kochi,Credit Card,2025-08,1530.36
3667,137316,2025-05-01,Beauty,Lipstick,4,1593.5,West,Surat,Net Banking,2025-05,6374.0
3668,120193,2024-08-13,Fashion,Jacket,5,2095.01,North,Lucknow,Credit Card,2024-08,10475.05
3669,120697,2024-03-11,Home & Kitchen,Lamp,1,2864.33,West,Mumbai,Debit Card,2024-03,2864.33
3670,233428,2024-03-24,Fashion,Sneakers,2,725.27,West,Pune,Credit Card,2024-03,1450.54
3671,165751,2024-07-01,Electronics,Tablet,1,1160.49,West,Surat,Credit Card,2024-07,1160.49
3672,212771,2025-05-30,Electronics,Tablet,3,1400.63,South,Kochi,Net Banking,2025-05,4201.89
3673,186816,2024-06-17,Beauty,Sunscreen,1,1738.65,North,Delhi,Net Banking,2024-06,1738.65
3674,237849,2025-07-16,Electronics,Laptop,2,1418.52,South,Kochi,Debit Card,2025-07,2837.04
3675,135567,2024-11-11,Beauty,Perfume,1,1625.98,North,Jaipur,Debit Card,2024-11,1625.98
3676,145089,2025-02-15,Home & Kitchen,Mixer Grinder,2,50.0,West,Pune,Debit Card,2025-02,100.0
3677,183272,2025-02-09,Home & Kitchen,Lamp,1,718.82,West,Mumbai,Credit Card,2025-02,718.82
3678,206909,2024-05-08,Sports,Dumbbells,3,752.95,North,Chandigarh,UPI,2024-05,2258.85
3679,100456,2024-01-21,Beauty,Sunscreen,1,1726.34,North,Jaipur,UPI,2024-01,1726.34
3680,222422,2024-07-27,Sports,Yoga Mat,2,1913.55,North,Jaipur,Debit Card,2024-07,3827.1
3681,168618,2024-09-18,Sports,Yoga Mat,4,1865.45,North,Lucknow,UPI,2024-09,7461.8
3682,123829,2024-04-26,Electronics,Smartwatch,2,1852.17,West,Surat,UPI,2024-04,3704.34
3683,142507,2025-06-24,Fashion,Jacket,2,538.9,North,Jaipur,UPI,2025-06,1077.8
3684,183427,2024-09-20,Beauty,Lipstick,3,2736.88,West,Mumbai,Net Banking,2024-09,8210.64
3685,148474,2024-05-26,Books,Biography,4,2621.71,East,Patna,UPI,2024-05,10486.84
3686,178776,2025-02-25,Electronics,Tablet,3,1659.33,West,Pune,Debit Card,2025-02,4977.99
3687,218788,2024-04-12,Electronics,Headphones,4,2194.93,North,Jaipur,Credit Card,2024-04,8779.72
3688,131307,2025-06-15,Books,Textbook,3,641.94,South,Chennai,UPI,2025-06,1925.82
3689,138295,2025-09-12,Books,Textbook,1,879.62,North,Lucknow,UPI,2025-09,879.62
3690,145126,2024-08-26,Fashion,Jacket,1,1479.9,South,Chennai,UPI,2024-08,1479.9
3691,190833,2024-07-09,Home & Kitchen,Lamp,3,470.82,West,Pune,Cash on Delivery,2024-07,1412.46
3692,193853,2024-06-29,Beauty,Lipstick,1,54.8,South,Hyderabad,Credit Card,2024-06,54.8
3693,144913,2024-04-30,Fashion,Sneakers,2,50.0,East,Guwahati,Cash on Delivery,2024-04,100.0
3694,129054,2024-03-23,Fashion,T-Shirt,2,1421.16,South,Hyderabad,Cash on Delivery,2024-03,2842.32
3695,237404,2024-06-16,Home & Kitchen,Bedsheet,1,2024.63,East,Bhubaneswar,Credit Card,2024-06,2024.63
3696,131987,2024-12-21,Beauty,Sunscreen,1,1167.92,South,Hyderabad,Credit Card,2024-12,1167.92
3697,213719,2024-07-11,Fashion,Sneakers,2,2715.5,North,Chandigarh,UPI,2024-07,5431.0
3698,141965,2024-05-07,Home & Kitchen,Lamp,5,50.0,East,Bhubaneswar,Cash on Delivery,2024-05,250.0
3699,115195,2025-06-04,Fashion,T-Shirt,4,2448.07,South,Hyderabad,Net Banking,2025-06,9792.28
3700,152829,2024-05-05,Sports,Football,5,2072.66,North,Jaipur,Credit Card,2024-05,10363.3
3701,237511,2024-01-07,Electronics,Tablet,1,1548.96,West,Ahmedabad,Credit Card,2024-01,1548.96
3702,135371,2024-06-06,Fashion,Sneakers,1,1498.27,West,Ahmedabad,Credit Card,2024-06,1498.27
3703,233700,2025-05-20,Fashion,T-Shirt,2,1069.01,North,Delhi,Debit Card,2025-05,2138.02
3704,148658,2024-01-13,Books,Fiction Novel,3,1616.25,East,Bhubaneswar,UPI,2024-01,4848.75
3705,212908,2025-06-05,Books,Textbook,5,2394.1,North,Lucknow,Cash on Delivery,2025-06,11970.5
3706,154536,2024-01-11,Beauty,Perfume,1,899.82,North,Chandigarh,Cash on Delivery,2024-01,899.82
3707,180118,2024-06-22,Electronics,Laptop,5,559.7,North,Jaipur,UPI,2024-06,2798.5
3708,181203,2024-11-03,Sports,Cricket Bat,4,783.38,West,Mumbai,UPI,2024-11,3133.52
3709,177726,2025-04-21,Home & Kitchen,Bedsheet,5,2018.16,East,Bhubaneswar,Debit Card,2025-04,10090.8
3710,115532,2024-03-31,Books,Biography,5,237.09,West,Surat,UPI,2024-03,1185.45
3711,134497,2024-08-06,Home & Kitchen,Mixer Grinder,1,1362.86,West,Ahmedabad,Debit Card,2024-08,1362.86
3712,200175,2024-11-17,Books,Fiction Novel,3,831.08,South,Kochi,Debit Card,2024-11,2493.24
3713,123190,2025-05-27,Sports,Dumbbells,2,558.58,East,Bhubaneswar,Credit Card,2025-05,1117.16
3714,169445,2025-09-27,Fashion,Jeans,2,2152.23,West,Mumbai,UPI,2025-09,4304.46
3715,183261,2024-01-19,Sports,Football,2,50.0,West,Pune,Cash on Delivery,2024-01,100.0
3716,192365,2025-03-15,Fashion,Jacket,5,883.71,South,Hyderabad,UPI,2025-03,4418.55
3717,124792,2024-10-22,Home & Kitchen,Air Fryer,5,1192.58,North,Lucknow,Cash on Delivery,2024-10,5962.9
3718,137434,2024-12-09,Fashion,Jeans,4,1891.74,East,Guwahati,UPI,2024-12,7566.96
3719,228716,2025-01-21,Sports,Yoga Mat,5,608.7,East,Guwahati,Debit Card,2025-01,3043.5
3720,163261,2024-02-07,Fashion,T-Shirt,5,2626.04,South,Hyderabad,Debit Card,2024-02,13130.2
3721,194049,2024-08-19,Beauty,Perfume,4,2025.98,South,Bangalore,Credit Card,2024-08,8103.92
3722,171987,2024-11-20,Beauty,Sunscreen,5,1480.62,North,Lucknow,UPI,2024-11,7403.1
3723,138190,2024-09-20,Sports,Football,3,2572.01,North,Jaipur,Credit Card,2024-09,7716.03
3724,161503,2024-04-10,Books,Biography,5,1566.21,South,Bangalore,Credit Card,2024-04,7831.05
3726,243905,2025-03-09,Books,Comic,1,1320.74,North,Chandigarh,Debit Card,2025-03,1320.74
3727,123315,2025-04-08,Electronics,Smartwatch,3,50.0,East,Guwahati,Net Banking,2025-04,150.0
3728,141841,2025-03-02,Beauty,Moisturizer,4,160.7,East,Kolkata,UPI,2025-03,642.8
3729,150690,2024-12-31,Home & Kitchen,Cookware Set,2,2335.57,West,Ahmedabad,UPI,2024-12,4671.14
3730,100356,2024-08-25,Beauty,Sunscreen,4,1234.34,South,Bangalore,UPI,2024-08,4937.36
3731,112805,2024-02-21,Sports,Cycling Helmet,5,1711.76,East,Kolkata,Credit Card,2024-02,8558.8
3732,186296,2025-06-15,Books,Self-Help Book,2,2620.67,South,Hyderabad,UPI,2025-06,5241.34
3733,135894,2024-04-09,Home & Kitchen,Lamp,1,1200.18,West,Mumbai,Cash on Delivery,2024-04,1200.18
3734,179245,2024-01-02,Books,Fiction Novel,4,50.0,East,Kolkata,UPI,2024-01,200.0
3735,133409,2025-07-08,Fashion,Jacket,4,1150.32,East,Patna,Net Banking,2025-07,4601.28
3736,154452,2024-08-09,Fashion,Jacket,4,846.81,South,Bangalore,Debit Card,2024-08,3387.24
3737,214828,2025-09-10,Home & Kitchen,Lamp,1,1715.89,North,Lucknow,Credit Card,2025-09,1715.89
3738,245009,2024-12-15,Beauty,Sunscreen,4,1218.69,West,Pune,UPI,2024-12,4874.76
3739,241887,2024-01-01,Sports,Dumbbells,1,2501.97,East,Guwahati,Debit Card,2024-01,2501.97
3740,166268,2025-04-16,Sports,Yoga Mat,5,2536.23,East,Guwahati,Net Banking,2025-04,12681.15
3741,133966,2025-03-06,Fashion,Jeans,3,942.44,South,Kochi,Credit Card,2025-03,2827.32
3742,107792,2024-09-18,Fashion,Jacket,2,1423.99,West,Surat,Debit Card,2024-09,2847.98
3743,135999,2024-03-30,Books,Fiction Novel,1,1117.39,East,Bhubaneswar,UPI,2024-03,1117.39
3744,137080,2025-09-25,Home & Kitchen,Bedsheet,2,241.15,North,Chandigarh,Cash on Delivery,2025-09,482.3
3745,110954,2024-04-20,Fashion,T-Shirt,5,1917.94,West,Ahmedabad,Credit Card,2024-04,9589.7
3746,225628,2025-04-20,Books,Biography,1,1760.89,East,Patna,Net Banking,2025-04,1760.89
3747,243775,2024-10-31,Home & Kitchen,Mixer Grinder,5,50.0,East,Bhubaneswar,Debit Card,2024-10,250.0
3748,112959,2024-07-04,Books,Self-Help Book,2,3214.36,North,Lucknow,UPI,2024-07,6428.72
3749,195692,2025-07-25,Books,Textbook,4,1457.44,East,Bhubaneswar,Debit Card,2025-07,5829.76
3750,190304,2024-01-24,Books,Fiction Novel,2,1814.59,West,Pune,Cash on Delivery,2024-01,3629.18
3751,200695,2025-01-31,Beauty,Moisturizer,3,1341.21,North,Jaipur,Net Banking,2025-01,4023.63
3752,138254,2025-01-01,Sports,Cycling Helmet,4,1298.12,East,Guwahati,Debit Card,2025-01,5192.48
3753,227711,2024-07-07,Books,Comic,1,1169.59,South,Bangalore,Debit Card,2024-07,1169.59
3754,164983,2025-03-03,Fashion,Jacket,2,1327.66,North,Delhi,UPI,2025-03,2655.32
3755,207026,2025-03-21,Electronics,Smartphone,3,2624.11,North,Lucknow,Credit Card,2025-03,7872.33
3756,123452,2025-06-29,Fashion,T-Shirt,3,4251.5,East,Kolkata,Credit Card,2025-06,12754.5
3757,108710,2024-12-06,Beauty,Moisturizer,5,1300.24,East,Patna,Credit Card,2024-12,6501.2
3758,249439,2025-08-04,Beauty,Moisturizer,3,50.0,East,Bhubaneswar,UPI,2025-08,150.0
3759,202390,2025-01-28,Electronics,Smartphone,2,335.6,North,Chandigarh,Debit Card,2025-01,671.2
3760,144937,2024-04-16,Beauty,Moisturizer,2,2031.03,West,Ahmedabad,UPI,2024-04,4062.06
3761,161099,2024-12-27,Fashion,Jacket,1,1825.94,West,Mumbai,Credit Card,2024-12,1825.94
3762,191493,2025-05-02,Beauty,Moisturizer,3,1985.35,North,Jaipur,Credit Card,2025-05,5956.05
3763,196357,2024-11-09,Beauty,Moisturizer,5,547.85,West,Surat,Debit Card,2024-11,2739.25
3764,195346,2024-01-16,Beauty,Sunscreen,2,2332.01,East,Guwahati,Debit Card,2024-01,4664.02
3765,183366,2024-02-18,Home & Kitchen,Cookware Set,2,2940.22,West,Pune,Cash on Delivery,2024-02,5880.44
3766,148693,2024-12-25,Home & Kitchen,Lamp,1,669.19,North,Jaipur,UPI,2024-12,669.19
3767,245292,2025-05-19,Sports,Football,3,2059.92,East,Bhubaneswar,Debit Card,2025-05,6179.76
3768,187548,2024-10-05,Sports,Cricket Bat,1,50.0,North,Chandigarh,UPI,2024-10,50.0
3769,196890,2025-09-23,Sports,Football,3,1554.71,East,Guwahati,Debit Card,2025-09,4664.13
3770,104108,2025-05-30,Home & Kitchen,Lamp,3,2061.25,North,Chandigarh,Credit Card,2025-05,6183.75
3771,167105,2024-06-30,Home & Kitchen,Bedsheet,5,1966.6,North,Lucknow,Credit Card,2024-06,9833.0
3772,140144,2024-03-12,Fashion,Sneakers,4,50.0,North,Jaipur,UPI,2024-03,200.0
3773,113139,2024-07-17,Beauty,Sunscreen,2,1936.79,West,Surat,Credit Card,2024-07,3873.58
3774,227910,2024-02-22,Electronics,Smartphone,1,50.0,South,Kochi,Credit Card,2024-02,50.0
3775,106291,2025-05-22,Home & Kitchen,Mixer Grinder,1,1586.47,South,Hyderabad,Debit Card,2025-05,1586.47
3776,149234,2025-09-03,Fashion,Sneakers,1,425.81,South,Kochi,Credit Card,2025-09,425.81
3777,112627,2025-04-16,Beauty,Shampoo,2,2471.84,East,Bhubaneswar,UPI,2025-04,4943.68
3778,135767,2025-01-12,Books,Fiction Novel,4,50.0,West,Surat,UPI,2025-01,200.0
3779,212233,2024-06-20,Books,Textbook,4,2020.81,West,Pune,Debit Card,2024-06,8083.24
3780,202483,2024-06-04,Home & Kitchen,Air Fryer,3,2355.55,South,Bangalore,UPI,2024-06,7066.65
3782,121870,2025-02-02,Fashion,Sneakers,4,2365.63,North,Lucknow,UPI,2025-02,9462.52
3783,106062,2024-11-16,Electronics,Smartwatch,5,1774.03,West,Mumbai,Cash on Delivery,2024-11,8870.15
3784,129457,2024-12-08,Sports,Football,1,2315.51,South,Bangalore,Credit Card,2024-12,2315.51
3785,121903,2024-06-19,Books,Comic,2,1664.1,North,Delhi,Credit Card,2024-06,3328.2
3786,185055,2025-02-15,Beauty,Sunscreen,3,730.19,West,Ahmedabad,Credit Card,2025-02,2190.57
3787,211958,2024-01-29,Fashion,Jacket,1,1694.47,East,Guwahati,Debit Card,2024-01,1694.47
3788,137538,2024-05-18,Electronics,Tablet,5,1866.13,South,Kochi,Credit Card,2024-05,9330.65
3789,209275,2024-01-30,Books,Textbook,1,1510.18,East,Kolkata,UPI,2024-01,1510.18
3790,182061,2024-03-03,Fashion,Jacket,1,1913.54,South,Chennai,UPI,2024-03,1913.54
3791,143990,2025-09-13,Electronics,Tablet,5,844.89,South,Bangalore,UPI,2025-09,4224.45
3792,216530,2024-02-01,Fashion,T-Shirt,2,971.83,East,Patna,Credit Card,2024-02,1943.66
3793,190716,2024-01-18,Fashion,Saree,5,2318.24,South,Kochi,UPI,2024-01,11591.2
3794,169942,2024-01-15,Beauty,Moisturizer,4,50.0,West,Pune,Credit Card,2024-01,200.0
3795,115881,2025-07-15,Books,Self-Help Book,1,377.19,West,Ahmedabad,Cash on Delivery,2025-07,377.19
3796,141015,2025-08-22,Fashion,Saree,5,994.48,South,Chennai,Net Banking,2025-08,4972.4
3797,237774,2024-02-26,Sports,Yoga Mat,1,1015.23,West,Mumbai,Debit Card,2024-02,1015.23
3798,229561,2025-07-09,Electronics,Tablet,4,1113.48,North,Chandigarh,Cash on Delivery,2025-07,4453.92
3799,185371,2025-09-01,Electronics,Smartwatch,5,1903.8,South,Kochi,UPI,2025-09,9519.0
3800,246025,2025-03-09,Electronics,Smartphone,5,1848.33,East,Patna,Net Banking,2025-03,9241.65
3801,149819,2025-04-19,Books,Textbook,4,323.04,North,Delhi,UPI,2025-04,1292.16
3802,249671,2024-02-03,Beauty,Lipstick,4,344.05,East,Guwahati,UPI,2024-02,1376.2
3803,178245,2025-01-31,Sports,Cycling Helmet,2,424.99,West,Surat,UPI,2025-01,849.98
3804,130057,2024-05-04,Electronics,Laptop,4,2013.07,South,Chennai,Credit Card,2024-05,8052.28
3805,239375,2024-12-14,Electronics,Smartphone,4,1361.52,West,Mumbai,UPI,2024-12,5446.08
3806,153520,2025-02-03,Books,Textbook,5,273.41,North,Delhi,UPI,2025-02,1367.05
3807,232278,2024-02-05,Electronics,Laptop,5,1838.85,North,Jaipur,Credit Card,2024-02,9194.25
3808,242677,2024-10-22,Electronics,Smartphone,2,2670.64,North,Jaipur,Credit Card,2024-10,5341.28
3809,215749,2024-08-03,Beauty,Perfume,1,971.98,North,Lucknow,Net Banking,2024-08,971.98
3810,148192,2024-07-12,Beauty,Shampoo,3,1645.84,South,Chennai,UPI,2024-07,4937.52
3811,110322,2024-04-21,Fashion,Jacket,5,1733.9,South,Kochi,Net Banking,2024-04,8669.5
3812,185438,2024-11-13,Home & Kitchen,Cookware Set,1,3177.64,East,Guwahati,Cash on Delivery,2024-11,3177.64
3813,216574,2025-01-02,Sports,Dumbbells,1,501.17,North,Jaipur,Credit Card,2025-01,501.17
3814,231974,2024-05-13,Home & Kitchen,Mixer Grinder,4,374.75,North,Delhi,UPI,2024-05,1499.0
3815,187824,2025-07-16,Home & Kitchen,Cookware Set,5,1775.06,North,Jaipur,UPI,2025-07,8875.3
3816,212060,2024-07-10,Electronics,Smartphone,3,1547.28,South,Kochi,Cash on Delivery,2024-07,4641.84
3817,155986,2024-04-28,Home & Kitchen,Bedsheet,4,949.33,East,Guwahati,Credit Card,2024-04,3797.32
3818,104590,2024-05-16,Sports,Dumbbells,3,3084.92,West,Ahmedabad,UPI,2024-05,9254.76
3819,102316,2024-04-10,Beauty,Lipstick,5,1450.66,East,Bhubaneswar,Credit Card,2024-04,7253.3
3820,199727,2024-10-22,Books,Textbook,4,2180.6,West,Pune,Net Banking,2024-10,8722.4
3821,154991,2024-06-01,Electronics,Headphones,3,1735.39,South,Kochi,UPI,2024-06,5206.17
3822,216086,2024-06-15,Electronics,Headphones,1,931.44,South,Hyderabad,UPI,2024-06,931.44
3823,198434,2025-01-07,Beauty,Perfume,5,419.05,East,Kolkata,Debit Card,2025-01,2095.25
3824,142583,2024-08-23,Fashion,Sneakers,2,122.59,East,Kolkata,Credit Card,2024-08,245.18
3825,190509,2025-06-26,Beauty,Lipstick,1,3026.35,North,Chandigarh,Credit Card,2025-06,3026.35
3826,125710,2024-07-04,Books,Biography,4,2151.69,South,Bangalore,UPI,2024-07,8606.76
3827,151137,2024-02-23,Home & Kitchen,Lamp,5,404.53,North,Chandigarh,Credit Card,2024-02,2022.65
3828,176513,2024-12-15,Beauty,Shampoo,3,3009.43,North,Delhi,Debit Card,2024-12,9028.29
3829,190734,2025-08-03,Sports,Cricket Bat,2,3017.91,East,Guwahati,Credit Card,2025-08,6035.82
3830,223229,2025-06-10,Electronics,Smartphone,2,2231.66,West,Mumbai,UPI,2025-06,4463.32
3831,134122,2024-09-08,Books,Fiction Novel,5,1345.45,North,Lucknow,Cash on Delivery,2024-09,6727.25
3832,240929,2024-12-08,Fashion,Saree,3,1561.83,East,Guwahati,UPI,2024-12,4685.49
3833,222297,2025-01-27,Sports,Yoga Mat,5,2568.98,East,Patna,UPI,2025-01,12844.9
3834,102187,2024-08-11,Beauty,Perfume,1,456.48,East,Kolkata,Credit Card,2024-08,456.48
3835,128948,2024-01-28,Electronics,Laptop,1,2986.66,South,Kochi,UPI,2024-01,2986.66
3836,189636,2024-05-28,Sports,Football,2,1364.18,East,Patna,UPI,2024-05,2728.36
3837,135592,2024-09-11,Fashion,Sneakers,4,2295.47,West,Ahmedabad,Debit Card,2024-09,9181.88
3838,109928,2024-10-08,Beauty,Sunscreen,3,2447.9,East,Bhubaneswar,Credit Card,2024-10,7343.7
3839,179211,2024-06-19,Books,Textbook,5,715.99,North,Chandigarh,UPI,2024-06,3579.95
3840,237834,2024-09-14,Books,Textbook,1,1621.64,East,Kolkata,Net Banking,2024-09,1621.64
3841,175037,2024-06-19,Books,Fiction Novel,5,1146.49,North,Chandigarh,Net Banking,2024-06,5732.45
3842,110212,2024-11-18,Home & Kitchen,Air Fryer,1,2069.18,North,Jaipur,Cash on Delivery,2024-11,2069.18
3843,158489,2024-02-09,Beauty,Sunscreen,4,1712.42,West,Mumbai,Cash on Delivery,2024-02,6849.68
3844,104452,2024-10-28,Fashion,T-Shirt,4,1519.21,North,Jaipur,Debit Card,2024-10,6076.84
3845,235593,2024-01-06,Books,Biography,5,2439.2,West,Mumbai,UPI,2024-01,12196.0
3846,222966,2024-11-26,Home & Kitchen,Lamp,4,446.25,South,Kochi,UPI,2024-11,1785.0
3847,214929,2024-05-30,Sports,Yoga Mat,4,1165.91,West,Pune,Debit Card,2024-05,4663.64
3848,231417,2024-02-07,Home & Kitchen,Bedsheet,2,395.96,North,Chandigarh,Net Banking,2024-02,791.92
3849,205295,2025-08-31,Sports,Cricket Bat,2,1646.83,South,Bangalore,Credit Card,2025-08,3293.66
3850,205311,2024-11-18,Fashion,Jeans,1,183.34,North,Lucknow,UPI,2024-11,183.34
3851,221315,2024-10-06,Sports,Cricket Bat,4,2530.05,South,Hyderabad,Debit Card,2024-10,10120.2
3852,127155,2024-09-16,Electronics,Smartwatch,3,57.85,East,Patna,Credit Card,2024-09,173.55
3853,129203,2024-08-07,Electronics,Headphones,3,1176.59,North,Lucknow,Debit Card,2024-08,3529.77
3854,102555,2024-07-11,Home & Kitchen,Mixer Grinder,4,1606.25,East,Guwahati,Net Banking,2024-07,6425.0
3855,211121,2025-08-09,Home & Kitchen,Cookware Set,3,1493.79,West,Mumbai,Debit Card,2025-08,4481.37
3856,110334,2025-05-15,Sports,Yoga Mat,3,2267.55,North,Jaipur,UPI,2025-05,6802.65
3857,160209,2025-08-03,Home & Kitchen,Lamp,2,1467.43,South,Bangalore,Debit Card,2025-08,2934.86
3858,224809,2024-10-21,Electronics,Laptop,2,1451.14,South,Hyderabad,UPI,2024-10,2902.28
3859,139430,2025-07-21,Fashion,Saree,3,2357.6,West,Mumbai,Debit Card,2025-07,7072.8
3860,210792,2024-04-05,Home & Kitchen,Lamp,3,2763.07,West,Mumbai,Debit Card,2024-04,8289.21
3861,185286,2025-07-27,Beauty,Perfume,1,2082.11,North,Chandigarh,UPI,2025-07,2082.11
3862,235283,2025-02-11,Beauty,Sunscreen,2,1550.13,East,Guwahati,Debit Card,2025-02,3100.26
3863,166726,2025-09-08,Fashion,T-Shirt,4,2311.31,North,Delhi,Credit Card,2025-09,9245.24
3864,224333,2024-09-09,Beauty,Sunscreen,1,1667.91,West,Pune,UPI,2024-09,1667.91
3865,141274,2024-10-15,Beauty,Moisturizer,3,870.13,South,Chennai,Credit Card,2024-10,2610.39
3866,181205,2024-07-27,Sports,Cycling Helmet,2,3128.14,East,Guwahati,Net Banking,2024-07,6256.28
3867,185448,2024-04-09,Beauty,Moisturizer,5,1647.32,West,Mumbai,Cash on Delivery,2024-04,8236.6
3868,156809,2024-06-18,Sports,Cricket Bat,1,2077.92,North,Chandigarh,UPI,2024-06,2077.92
3869,114321,2024-08-22,Fashion,Saree,4,733.43,South,Bangalore,Credit Card,2024-08,2933.72
3870,222411,2024-11-04,Sports,Football,1,591.85,South,Hyderabad,Net Banking,2024-11,591.85
3871,116399,2024-05-13,Electronics,Smartphone,5,1666.61,North,Chandigarh,UPI,2024-05,8333.05
3872,129719,2024-04-30,Electronics,Tablet,1,2715.08,South,Hyderabad,UPI,2024-04,2715.08
3873,209384,2024-12-16,Books,Comic,3,1841.76,West,Mumbai,Debit Card,2024-12,5525.28
3874,200620,2024-10-14,Home & Kitchen,Lamp,1,1440.44,North,Lucknow,UPI,2024-10,1440.44
3875,154039,2024-04-29,Beauty,Moisturizer,5,662.59,North,Jaipur,UPI,2024-04,3312.95
3876,119762,2024-04-30,Beauty,Perfume,4,276.43,East,Patna,Debit Card,2024-04,1105.72
3877,212191,2024-11-28,Sports,Yoga Mat,5,293.41,East,Bhubaneswar,Credit Card,2024-11,1467.05
3878,100838,2024-04-29,Fashion,Jacket,1,1947.03,West,Surat,Net Banking,2024-04,1947.03
3879,149581,2024-04-12,Fashion,Sneakers,2,1895.37,South,Bangalore,Credit Card,2024-04,3790.74
3880,103078,2024-04-26,Electronics,Tablet,1,2993.28,North,Jaipur,Cash on Delivery,2024-04,2993.28
3881,208252,2025-05-13,Books,Fiction Novel,2,1209.12,East,Guwahati,UPI,2025-05,2418.24
3882,182840,2025-05-30,Fashion,Sneakers,3,1438.2,North,Lucknow,Net Banking,2025-05,4314.6
3883,139549,2025-05-06,Beauty,Sunscreen,4,472.0,East,Kolkata,Credit Card,2025-05,1888.0
3884,191335,2024-02-08,Home & Kitchen,Lamp,5,865.36,East,Bhubaneswar,UPI,2024-02,4326.8
3885,179758,2024-03-28,Electronics,Smartphone,2,876.79,East,Bhubaneswar,Cash on Delivery,2024-03,1753.58
3886,159652,2025-01-05,Home & Kitchen,Mixer Grinder,2,2155.09,West,Mumbai,Credit Card,2025-01,4310.18
3887,175785,2024-05-18,Electronics,Smartphone,2,2274.91,South,Hyderabad,Debit Card,2024-05,4549.82
3888,179234,2025-05-21,Fashion,Saree,4,2648.37,East,Bhubaneswar,UPI,2025-05,10593.48
3889,202195,2025-06-14,Electronics,Smartwatch,2,2910.03,North,Jaipur,Debit Card,2025-06,5820.06
3890,183312,2025-03-11,Sports,Cycling Helmet,2,1165.05,East,Guwahati,Debit Card,2025-03,2330.1
3891,221492,2024-06-19,Beauty,Perfume,2,826.52,East,Bhubaneswar,Net Banking,2024-06,1653.04
3892,111095,2024-08-29,Books,Comic,3,1097.7,North,Jaipur,Net Banking,2024-08,3293.1
3893,110742,2025-07-20,Home & Kitchen,Lamp,3,2498.85,South,Kochi,Credit Card,2025-07,7496.55
3894,240368,2024-08-09,Fashion,Sneakers,1,920.42,West,Mumbai,Debit Card,2024-08,920.42
3895,143082,2024-01-14,Beauty,Shampoo,4,1917.87,North,Lucknow,Debit Card,2024-01,7671.48
3896,224039,2025-04-05,Books,Self-Help Book,2,1914.29,West,Mumbai,UPI,2025-04,3828.58
3897,229770,2025-02-05,Beauty,Perfume,4,317.38,South,Hyderabad,Debit Card,2025-02,1269.52
3898,211695,2024-04-29,Electronics,Headphones,1,1629.11,North,Delhi,Credit Card,2024-04,1629.11
3899,112603,2024-11-17,Fashion,Jacket,2,50.0,West,Pune,Cash on Delivery,2024-11,100.0
3900,157903,2025-08-08,Books,Fiction Novel,4,1272.37,North,Jaipur,UPI,2025-08,5089.48
3901,150295,2025-09-10,Beauty,Perfume,5,2372.35,West,Mumbai,UPI,2025-09,11861.75
3902,213992,2025-04-11,Books,Biography,4,2358.39,South,Bangalore,UPI,2025-04,9433.56
3903,100348,2024-03-13,Beauty,Lipstick,1,821.14,East,Guwahati,UPI,2024-03,821.14
3904,207035,2024-01-14,Electronics,Headphones,4,1005.28,South,Kochi,UPI,2024-01,4021.12
3905,164092,2024-01-04,Books,Fiction Novel,5,1074.31,East,Bhubaneswar,Net Banking,2024-01,5371.55
3906,149606,2025-04-17,Sports,Dumbbells,3,1970.98,North,Jaipur,Debit Card,2025-04,5912.94
3907,174219,2025-08-19,Sports,Yoga Mat,1,50.0,West,Mumbai,Credit Card,2025-08,50.0
3908,124419,2024-01-07,Books,Textbook,3,978.89,West,Mumbai,UPI,2024-01,2936.67
3909,123553,2024-02-22,Fashion,Jacket,5,3281.74,South,Bangalore,Credit Card,2024-02,16408.7
3910,138289,2024-03-06,Books,Biography,3,2272.36,East,Bhubaneswar,Credit Card,2024-03,6817.08
3911,195178,2024-10-31,Fashion,Sneakers,2,1119.11,South,Hyderabad,Net Banking,2024-10,2238.22
3912,150958,2024-05-09,Books,Biography,1,1744.41,East,Bhubaneswar,Debit Card,2024-05,1744.41
3913,148483,2024-04-26,Fashion,Saree,3,338.52,West,Mumbai,Credit Card,2024-04,1015.56
3914,153030,2024-03-15,Beauty,Moisturizer,4,1221.65,South,Bangalore,Net Banking,2024-03,4886.6
3915,137033,2024-11-23,Sports,Yoga Mat,4,2424.23,South,Chennai,Debit Card,2024-11,9696.92
3916,231445,2024-07-29,Electronics,Smartwatch,5,2340.49,North,Chandigarh,UPI,2024-07,11702.45
3917,200787,2024-11-22,Electronics,Laptop,1,887.26,West,Pune,UPI,2024-11,887.26
3918,221360,2024-04-23,Books,Fiction Novel,5,1879.05,East,Kolkata,Debit Card,2024-04,9395.25
3919,200609,2024-11-14,Electronics,Smartwatch,2,2511.26,East,Kolkata,Debit Card,2024-11,5022.52
3920,106688,2025-06-21,Beauty,Perfume,2,2381.78,North,Delhi,UPI,2025-06,4763.56
3921,144685,2025-09-07,Books,Self-Help Book,3,3186.57,East,Guwahati,Credit Card,2025-09,9559.71
3922,245354,2025-09-08,Beauty,Sunscreen,4,1375.53,West,Pune,UPI,2025-09,5502.12
3923,167942,2024-01-02,Home & Kitchen,Air Fryer,2,3521.3,West,Mumbai,Cash on Delivery,2024-01,7042.6
3924,160555,2024-09-07,Home & Kitchen,Bedsheet,3,980.33,South,Hyderabad,Debit Card,2024-09,2940.99
3925,107992,2025-06-10,Beauty,Lipstick,2,873.21,North,Chandigarh,UPI,2025-06,1746.42
3926,148576,2024-10-10,Beauty,Moisturizer,5,2479.91,South,Chennai,Credit Card,2024-10,12399.55
3927,140810,2025-09-20,Beauty,Perfume,4,2721.1,East,Kolkata,Debit Card,2025-09,10884.4
3928,188352,2024-09-20,Electronics,Laptop,1,1349.2,West,Mumbai,Debit Card,2024-09,1349.2
3929,159103,2025-07-05,Beauty,Shampoo,5,1327.0,West,Surat,Net Banking,2025-07,6635.0
3930,188885,2024-10-20,Sports,Football,1,1553.94,West,Surat,Credit Card,2024-10,1553.94
3931,216018,2024-12-11,Sports,Football,2,2287.01,North,Lucknow,Cash on Delivery,2024-12,4574.02
3932,171110,2025-09-02,Electronics,Smartwatch,1,654.98,West,Surat,UPI,2025-09,654.98
3933,174909,2025-09-18,Sports,Dumbbells,5,2403.6,North,Delhi,Credit Card,2025-09,12018.0
3934,128981,2025-05-16,Sports,Yoga Mat,4,1815.28,East,Guwahati,Debit Card,2025-05,7261.12
3935,127833,2025-04-15,Fashion,T-Shirt,5,921.8,South,Hyderabad,Net Banking,2025-04,4609.0
3936,241722,2024-02-03,Books,Biography,5,1493.27,East,Bhubaneswar,Debit Card,2024-02,7466.35
3937,118017,2024-09-20,Beauty,Shampoo,5,50.0,East,Kolkata,UPI,2024-09,250.0
3938,188427,2025-06-29,Home & Kitchen,Cookware Set,3,1999.17,West,Surat,UPI,2025-06,5997.51
3939,200106,2025-08-30,Sports,Football,1,1894.84,East,Kolkata,Cash on Delivery,2025-08,1894.84
3940,213009,2024-02-28,Beauty,Sunscreen,2,1140.99,North,Lucknow,UPI,2024-02,2281.98
3941,217769,2024-05-08,Beauty,Perfume,1,50.0,North,Delhi,UPI,2024-05,50.0
3942,135028,2024-04-05,Fashion,T-Shirt,2,3998.84,West,Pune,UPI,2024-04,7997.68
3943,142890,2024-03-23,Books,Comic,4,1899.69,East,Bhubaneswar,Net Banking,2024-03,7598.76
3945,237112,2024-12-21,Electronics,Smartphone,1,2600.2,North,Jaipur,Debit Card,2024-12,2600.2
3946,165161,2025-04-29,Sports,Yoga Mat,3,2878.34,North,Delhi,UPI,2025-04,8635.02
3947,218466,2024-07-04,Electronics,Headphones,5,50.0,South,Kochi,UPI,2024-07,250.0
3948,222959,2024-08-12,Home & Kitchen,Mixer Grinder,3,672.9,East,Patna,UPI,2024-08,2018.7
3949,220411,2024-08-24,Books,Self-Help Book,4,1372.14,East,Bhubaneswar,Cash on Delivery,2024-08,5488.56
3950,120660,2025-05-16,Fashion,Sneakers,3,879.18,West,Pune,Cash on Delivery,2025-05,2637.54
3951,177253,2024-03-14,Home & Kitchen,Lamp,3,3094.08,West,Surat,Debit Card,2024-03,9282.24
3952,126197,2024-12-09,Fashion,Sneakers,3,654.9,South,Hyderabad,UPI,2024-12,1964.7
3953,136274,2024-08-31,Sports,Cricket Bat,3,1521.79,South,Chennai,Debit Card,2024-08,4565.37
3954,190989,2025-01-17,Home & Kitchen,Bedsheet,1,50.0,West,Surat,Net Banking,2025-01,50.0
3955,204336,2025-03-22,Beauty,Lipstick,2,1646.95,East,Guwahati,UPI,2025-03,3293.9
3956,170685,2024-11-30,Books,Textbook,3,1695.37,North,Lucknow,Debit Card,2024-11,5086.11
3957,227145,2024-08-16,Beauty,Sunscreen,3,3783.54,South,Chennai,Credit Card,2024-08,11350.62
3958,243825,2024-08-27,Sports,Football,4,3778.08,West,Ahmedabad,UPI,2024-08,15112.32
3959,183061,2024-03-20,Electronics,Laptop,5,379.64,West,Ahmedabad,Credit Card,2024-03,1898.2
3960,155654,2025-08-12,Fashion,Jeans,4,971.31,East,Patna,UPI,2025-08,3885.24
3961,235726,2024-09-04,Books,Comic,2,1944.05,North,Jaipur,Credit Card,2024-09,3888.1
3962,219244,2025-01-25,Books,Biography,2,1986.11,West,Pune,Debit Card,2025-01,3972.22
3963,133984,2024-12-29,Beauty,Moisturizer,3,737.14,South,Bangalore,Credit Card,2024-12,2211.42
3964,219908,2025-02-15,Home & Kitchen,Lamp,1,621.72,West,Pune,Debit Card,2025-02,621.72
3965,146197,2024-08-03,Fashion,Jacket,4,600.78,North,Jaipur,Net Banking,2024-08,2403.12
3966,194341,2025-06-07,Books,Biography,1,1683.99,North,Delhi,UPI,2025-06,1683.99
3967,119895,2025-01-13,Sports,Football,4,1694.18,South,Chennai,Credit Card,2025-01,6776.72
3968,206531,2025-01-10,Fashion,T-Shirt,2,50.0,South,Bangalore,Credit Card,2025-01,100.0
3969,246768,2024-06-29,Beauty,Sunscreen,5,1209.88,South,Chennai,Cash on Delivery,2024-06,6049.4
3970,237438,2024-07-22,Beauty,Sunscreen,3,196.9,North,Lucknow,Debit Card,2024-07,590.7
3971,165927,2025-01-07,Home & Kitchen,Lamp,4,551.74,West,Surat,Debit Card,2025-01,2206.96
3972,144366,2025-07-22,Books,Fiction Novel,1,1981.27,East,Guwahati,UPI,2025-07,1981.27
3973,212903,2025-06-07,Electronics,Smartwatch,3,1417.28,East,Guwahati,Net Banking,2025-06,4251.84
3974,235201,2024-11-18,Fashion,Saree,1,681.36,South,Kochi,UPI,2024-11,681.36
3975,185699,2024-03-23,Electronics,Smartphone,5,1260.94,North,Delhi,Cash on Delivery,2024-03,6304.7
3976,197548,2024-01-20,Sports,Dumbbells,2,661.5,West,Surat,Cash on Delivery,2024-01,1323.0
3977,180856,2024-07-19,Beauty,Sunscreen,2,929.86,West,Pune,UPI,2024-07,1859.72
3978,240313,2024-09-14,Books,Comic,1,648.97,East,Patna,UPI,2024-09,648.97
3979,116842,2025-01-16,Beauty,Lipstick,5,1920.13,East,Patna,Credit Card,2025-01,9600.65
3980,182938,2025-08-17,Electronics,Headphones,1,1950.03,West,Surat,Credit Card,2025-08,1950.03
3981,197779,2025-03-28,Home & Kitchen,Bedsheet,4,979.51,South,Chennai,UPI,2025-03,3918.04
3982,176094,2025-05-04,Electronics,Headphones,1,1709.13,South,Bangalore,Credit Card,2025-05,1709.13
3984,213483,2024-01-06,Sports,Football,1,266.65,South,Chennai,Net Banking,2024-01,266.65
3985,248102,2024-07-31,Books,Comic,2,1400.15,South,Kochi,Credit Card,2024-07,2800.3
3986,244267,2024-09-01,Home & Kitchen,Lamp,3,1733.99,East,Patna,Credit Card,2024-09,5201.97
3987,215002,2025-05-10,Fashion,Jeans,2,50.0,West,Mumbai,Debit Card,2025-05,100.0
3988,122743,2024-01-09,Electronics,Laptop,2,1969.46,West,Pune,Credit Card,2024-01,3938.92
3989,155813,2024-06-28,Home & Kitchen,Bedsheet,1,50.0,West,Surat,Credit Card,2024-06,50.0
3990,177866,2025-03-28,Home & Kitchen,Cookware Set,2,3341.18,South,Chennai,Credit Card,2025-03,6682.36
3991,235593,2024-11-13,Sports,Dumbbells,5,3906.53,West,Surat,Credit Card,2024-11,19532.65
3992,100729,2024-11-27,Sports,Dumbbells,4,50.0,West,Pune,Debit Card,2024-11,200.0
3993,144526,2024-05-20,Electronics,Smartwatch,5,1804.7,East,Kolkata,Credit Card,2024-05,9023.5
3994,140936,2024-01-05,Fashion,Saree,1,1270.45,East,Kolkata,Credit Card,2024-01,1270.45
3995,102629,2024-07-23,Beauty,Moisturizer,5,2954.97,North,Chandigarh,UPI,2024-07,14774.85
3996,187861,2025-04-15,Home & Kitchen,Bedsheet,1,323.45,West,Ahmedabad,Cash on Delivery,2025-04,323.45
3997,190645,2025-01-16,Electronics,Laptop,1,1900.91,West,Ahmedabad,Cash on Delivery,2025-01,1900.91
3998,123821,2025-02-05,Books,Textbook,1,1988.16,East,Guwahati,Credit Card,2025-02,1988.16
3999,147997,2025-08-09,Sports,Dumbbells,4,1604.0,South,Kochi,Net Banking,2025-08,6416.0
4000,218470,2024-09-20,Beauty,Lipstick,4,2497.85,East,Bhubaneswar,UPI,2024-09,9991.4
4001,129208,2024-12-14,Fashion,Sneakers,3,1621.81,East,Patna,UPI,2024-12,4865.43
4002,248886,2024-07-20,Books,Self-Help Book,2,1450.38,West,Mumbai,UPI,2024-07,2900.76
4003,242063,2024-06-06,Electronics,Smartwatch,3,1100.97,West,Pune,Credit Card,2024-06,3302.91
4004,209403,2024-08-14,Home & Kitchen,Cookware Set,5,1642.03,North,Lucknow,Credit Card,2024-08,8210.15
4005,119959,2024-08-02,Sports,Cycling Helmet,1,2152.66,West,Pune,Credit Card,2024-08,2152.66
4006,176070,2025-02-02,Books,Comic,2,2464.89,West,Surat,UPI,2025-02,4929.78
4007,121344,2024-07-21,Fashion,Jeans,2,914.01,South,Chennai,Credit Card,2024-07,1828.02
4008,173066,2025-09-06,Beauty,Perfume,5,2018.16,South,Kochi,Net Banking,2025-09,10090.8
4009,148595,2024-10-07,Fashion,T-Shirt,3,195.51,East,Patna,Cash on Delivery,2024-10,586.53
4010,128176,2024-11-17,Electronics,Laptop,3,148.16,West,Mumbai,UPI,2024-11,444.48
4011,150040,2024-01-19,Home & Kitchen,Air Fryer,5,2951.44,East,Kolkata,Cash on Delivery,2024-01,14757.2
4012,162270,2025-07-09,Books,Fiction Novel,2,1296.5,West,Surat,Credit Card,2025-07,2593.0
4013,199552,2025-09-30,Sports,Dumbbells,5,1351.73,East,Kolkata,Debit Card,2025-09,6758.65
4014,212052,2024-05-25,Home & Kitchen,Air Fryer,4,1324.54,South,Bangalore,Debit Card,2024-05,5298.16
4015,219687,2024-07-10,Fashion,Jacket,1,1471.82,West,Pune,Net Banking,2024-07,1471.82
4016,110578,2025-07-01,Electronics,Laptop,4,2764.43,South,Hyderabad,Credit Card,2025-07,11057.72
4017,163067,2025-05-07,Fashion,Jeans,1,2014.37,West,Mumbai,UPI,2025-05,2014.37
4018,237477,2025-01-06,Electronics,Headphones,1,2403.07,North,Chandigarh,Credit Card,2025-01,2403.07
4019,170244,2025-06-08,Fashion,Jeans,4,2365.48,North,Jaipur,Cash on Delivery,2025-06,9461.92
4020,127796,2024-01-08,Sports,Cricket Bat,2,584.52,South,Chennai,Cash on Delivery,2024-01,1169.04
4021,182919,2025-06-17,Electronics,Smartphone,5,509.32,West,Pune,Credit Card,2025-06,2546.6
4022,239323,2024-03-13,Electronics,Smartphone,4,2117.13,East,Guwahati,Credit Card,2024-03,8468.52
4023,124405,2024-02-20,Beauty,Sunscreen,3,282.11,South,Bangalore,Net Banking,2024-02,846.33
4024,184171,2024-05-21,Fashion,Jacket,2,923.41,North,Chandigarh,Cash on Delivery,2024-05,1846.82
4025,216325,2024-11-27,Home & Kitchen,Cookware Set,5,270.84,South,Kochi,Debit Card,2024-11,1354.2
4026,205647,2025-01-31,Electronics,Tablet,5,1765.14,East,Guwahati,Credit Card,2025-01,8825.7
4027,205862,2025-02-19,Fashion,Jeans,5,485.5,North,Delhi,Debit Card,2025-02,2427.5
4028,244240,2025-02-16,Home & Kitchen,Mixer Grinder,4,1733.28,East,Bhubaneswar,UPI,2025-02,6933.12
4029,166771,2024-04-08,Sports,Cricket Bat,1,1312.48,North,Delhi,UPI,2024-04,1312.48
4030,156856,2024-12-02,Home & Kitchen,Air Fryer,3,3145.58,East,Kolkata,Debit Card,2024-12,9436.74
4031,166681,2025-02-01,Beauty,Shampoo,1,2171.37,East,Guwahati,UPI,2025-02,2171.37
4032,139168,2024-11-12,Beauty,Lipstick,4,380.49,North,Jaipur,UPI,2024-11,1521.96
4033,119310,2025-06-16,Fashion,T-Shirt,2,50.0,West,Surat,Debit Card,2025-06,100.0
4034,119834,2025-09-06,Fashion,Jacket,3,1008.2,West,Mumbai,UPI,2025-09,3024.6
4035,158929,2025-02-07,Home & Kitchen,Mixer Grinder,5,2701.31,East,Kolkata,Credit Card,2025-02,13506.55
4036,158248,2025-01-24,Electronics,Tablet,2,1201.79,East,Guwahati,Cash on Delivery,2025-01,2403.58
4037,191632,2024-09-10,Sports,Dumbbells,4,1725.49,South,Hyderabad,UPI,2024-09,6901.96
4038,244923,2025-09-03,Beauty,Moisturizer,5,911.67,South,Kochi,UPI,2025-09,4558.35
4041,203466,2025-02-16,Fashion,Saree,5,3135.0,North,Delhi,Cash on Delivery,2025-02,15675.0
4042,193414,2024-12-29,Beauty,Shampoo,4,2650.12,East,Bhubaneswar,UPI,2024-12,10600.48
4043,240324,2025-02-21,Sports,Cricket Bat,3,2200.46,East,Kolkata,UPI,2025-02,6601.38
4044,247743,2024-03-09,Electronics,Laptop,5,784.18,West,Mumbai,UPI,2024-03,3920.9
4045,175370,2024-03-08,Home & Kitchen,Mixer Grinder,3,1369.12,East,Guwahati,Credit Card,2024-03,4107.36
4046,220300,2024-11-26,Electronics,Smartphone,1,2235.75,West,Surat,UPI,2024-11,2235.75
4047,151509,2025-01-06,Home & Kitchen,Bedsheet,2,1302.59,North,Delhi,Debit Card,2025-01,2605.18
4048,164097,2025-05-04,Fashion,Saree,3,128.22,South,Chennai,Net Banking,2025-05,384.66
4049,172565,2025-06-25,Home & Kitchen,Bedsheet,5,2219.29,North,Lucknow,Debit Card,2025-06,11096.45
4050,136644,2024-01-03,Home & Kitchen,Cookware Set,2,3368.69,West,Surat,UPI,2024-01,6737.38
4051,194187,2025-05-16,Fashion,Sneakers,5,2291.05,East,Kolkata,Credit Card,2025-05,11455.25
4052,199165,2025-07-29,Home & Kitchen,Mixer Grinder,4,559.57,North,Delhi,UPI,2025-07,2238.28
4053,219317,2024-04-28,Sports,Dumbbells,3,1999.0,East,Guwahati,UPI,2024-04,5997.0
4054,145599,2024-11-16,Sports,Yoga Mat,5,2396.17,North,Lucknow,Debit Card,2024-11,11980.85
4055,129505,2024-07-22,Electronics,Tablet,5,1481.35,North,Jaipur,UPI,2024-07,7406.75
4056,181578,2025-02-25,Home & Kitchen,Mixer Grinder,5,1003.52,South,Kochi,Net Banking,2025-02,5017.6
4057,198157,2024-02-06,Books,Fiction Novel,3,1727.59,East,Patna,UPI,2024-02,5182.77
4058,116068,2024-05-07,Beauty,Sunscreen,2,490.25,East,Patna,Credit Card,2024-05,980.5
4059,247239,2025-06-06,Fashion,Jeans,1,2202.66,South,Chennai,Credit Card,2025-06,2202.66
4060,217071,2024-12-15,Beauty,Lipstick,2,2045.85,South,Bangalore,UPI,2024-12,4091.7
4061,239520,2024-05-23,Electronics,Headphones,3,2544.82,East,Bhubaneswar,Debit Card,2024-05,7634.46
4062,173972,2025-03-12,Electronics,Headphones,2,1125.54,North,Chandigarh,Credit Card,2025-03,2251.08
4063,224713,2024-07-24,Beauty,Shampoo,3,1579.75,South,Kochi,UPI,2024-07,4739.25
4064,201852,2025-05-18,Beauty,Sunscreen,2,175.64,East,Patna,Credit Card,2025-05,351.28
4065,163901,2024-08-04,Sports,Football,4,3713.83,East,Guwahati,Debit Card,2024-08,14855.32
4066,139671,2025-05-09,Home & Kitchen,Mixer Grinder,1,1309.33,North,Jaipur,UPI,2025-05,1309.33
4067,191620,2024-05-30,Books,Fiction Novel,4,2337.04,West,Mumbai,Credit Card,2024-05,9348.16
4068,152894,2024-08-28,Home & Kitchen,Mixer Grinder,4,2327.41,South,Chennai,Debit Card,2024-08,9309.64
4069,143062,2025-05-15,Sports,Cycling Helmet,2,127.53,East,Guwahati,UPI,2025-05,255.06
4070,210300,2025-03-11,Electronics,Tablet,4,784.98,North,Lucknow,Debit Card,2025-03,3139.92
4071,157872,2025-05-02,Electronics,Laptop,4,1723.62,East,Patna,Credit Card,2025-05,6894.48
4072,229047,2025-01-26,Sports,Cycling Helmet,4,888.45,West,Surat,UPI,2025-01,3553.8
4073,191303,2025-04-17,Books,Biography,3,2609.35,East,Kolkata,Credit Card,2025-04,7828.05
4074,173074,2024-01-21,Books,Self-Help Book,5,1587.95,North,Delhi,Net Banking,2024-01,7939.75
4075,226675,2024-05-22,Fashion,Sneakers,1,2323.3,North,Delhi,UPI,2024-05,2323.3
4076,210967,2024-08-12,Electronics,Smartwatch,1,1804.97,North,Jaipur,Cash on Delivery,2024-08,1804.97
4077,112142,2024-10-24,Books,Textbook,5,1430.07,North,Lucknow,UPI,2024-10,7150.35
4078,109970,2025-02-02,Beauty,Perfume,1,1887.93,West,Pune,Net Banking,2025-02,1887.93
4079,169462,2025-07-28,Fashion,Sneakers,3,2842.27,North,Delhi,Net Banking,2025-07,8526.81
4080,158386,2025-05-10,Sports,Yoga Mat,1,829.9,South,Kochi,Credit Card,2025-05,829.9
4081,133144,2024-07-19,Books,Self-Help Book,2,182.51,West,Pune,Net Banking,2024-07,365.02
4082,240951,2025-05-22,Fashion,Sneakers,5,591.27,South,Bangalore,Credit Card,2025-05,2956.35
4083,222366,2024-12-22,Sports,Yoga Mat,1,1618.17,West,Surat,Debit Card,2024-12,1618.17
4084,199110,2025-09-25,Sports,Yoga Mat,2,2779.97,West,Mumbai,Credit Card,2025-09,5559.94
4085,247941,2024-05-17,Beauty,Sunscreen,4,2686.55,South,Hyderabad,Cash on Delivery,2024-05,10746.2
4086,160170,2024-04-19,Beauty,Lipstick,5,2314.39,East,Patna,Credit Card,2024-04,11571.95
4087,157919,2024-05-03,Fashion,Jacket,4,1209.18,West,Pune,UPI,2024-05,4836.72
4088,228043,2025-02-09,Books,Self-Help Book,2,764.51,East,Kolkata,Debit Card,2025-02,1529.02
4090,107313,2024-07-17,Books,Self-Help Book,5,706.25,South,Hyderabad,Debit Card,2024-07,3531.25
4092,220021,2024-09-01,Electronics,Tablet,1,3202.21,South,Bangalore,Cash on Delivery,2024-09,3202.21
4093,163105,2025-01-18,Home & Kitchen,Mixer Grinder,5,1535.83,East,Guwahati,Net Banking,2025-01,7679.15
4094,140182,2024-03-28,Home & Kitchen,Cookware Set,4,2176.73,East,Patna,UPI,2024-03,8706.92
4095,112596,2025-09-11,Books,Self-Help Book,2,1532.89,East,Bhubaneswar,Credit Card,2025-09,3065.78
4096,123818,2024-04-12,Beauty,Shampoo,2,1229.24,East,Kolkata,UPI,2024-04,2458.48
4097,123087,2025-01-08,Beauty,Shampoo,1,1713.2,South,Bangalore,Net Banking,2025-01,1713.2
4098,139754,2024-05-27,Electronics,Smartphone,4,694.07,West,Surat,Cash on Delivery,2024-05,2776.28
4099,112221,2025-02-26,Sports,Dumbbells,3,781.46,North,Delhi,Debit Card,2025-02,2344.38
4100,233967,2024-09-21,Home & Kitchen,Mixer Grinder,1,2483.58,South,Bangalore,UPI,2024-09,2483.58
4101,181024,2024-04-01,Electronics,Tablet,3,1393.65,East,Patna,Debit Card,2024-04,4180.95
4102,133299,2025-08-13,Books,Comic,1,2455.73,West,Pune,Credit Card,2025-08,2455.73
4103,231995,2025-07-02,Fashion,T-Shirt,3,1937.36,East,Bhubaneswar,Debit Card,2025-07,5812.08
4104,216559,2024-09-01,Electronics,Smartwatch,1,2650.76,North,Delhi,Credit Card,2024-09,2650.76
4105,219279,2025-04-22,Electronics,Smartphone,4,1619.25,South,Hyderabad,Credit Card,2025-04,6477.0
4106,122976,2024-01-03,Home & Kitchen,Bedsheet,4,1671.4,North,Chandigarh,Net Banking,2024-01,6685.6
4107,103645,2024-01-01,Electronics,Headphones,1,3103.98,East,Kolkata,Credit Card,2024-01,3103.98
4108,200145,2024-10-26,Books,Textbook,4,318.55,West,Pune,Debit Card,2024-10,1274.2
4109,188925,2025-01-02,Beauty,Perfume,4,3287.33,West,Mumbai,Credit Card,2025-01,13149.32
4110,149787,2024-07-21,Fashion,T-Shirt,3,2331.22,West,Ahmedabad,Debit Card,2024-07,6993.66
4111,227835,2025-01-13,Electronics,Headphones,4,1228.82,North,Delhi,Net Banking,2025-01,4915.28
4112,238734,2025-08-28,Home & Kitchen,Bedsheet,5,804.27,North,Lucknow,UPI,2025-08,4021.35
4113,217849,2024-03-17,Electronics,Smartwatch,4,1420.56,South,Bangalore,UPI,2024-03,5682.24
4114,228354,2024-03-10,Books,Textbook,3,603.74,South,Chennai,Net Banking,2024-03,1811.22
4115,113344,2025-02-28,Fashion,Jacket,1,2487.19,South,Bangalore,Cash on Delivery,2025-02,2487.19
4116,120517,2025-04-15,Home & Kitchen,Bedsheet,3,1337.76,West,Ahmedabad,Credit Card,2025-04,4013.28
4117,190605,2024-12-05,Electronics,Laptop,4,637.69,North,Delhi,Cash on Delivery,2024-12,2550.76
4118,185150,2024-04-26,Electronics,Smartphone,4,243.59,South,Hyderabad,Debit Card,2024-04,974.36
4119,186536,2025-06-14,Fashion,Jeans,4,384.38,South,Chennai,Credit Card,2025-06,1537.52
4120,178171,2024-11-24,Electronics,Headphones,2,1711.03,North,Chandigarh,Credit Card,2024-11,3422.06
4121,202810,2025-06-12,Sports,Cycling Helmet,5,1327.16,East,Kolkata,Net Banking,2025-06,6635.8
4122,185109,2024-12-21,Books,Textbook,2,1410.26,West,Mumbai,Debit Card,2024-12,2820.52
4123,116254,2025-08-26,Books,Biography,3,2304.31,South,Chennai,UPI,2025-08,6912.93
4124,236118,2025-04-29,Fashion,Sneakers,4,1427.53,North,Lucknow,Credit Card,2025-04,5710.12
4125,114284,2024-07-13,Sports,Dumbbells,5,1792.96,East,Guwahati,UPI,2024-07,8964.8
4126,194658,2024-07-24,Beauty,Shampoo,4,603.12,North,Delhi,Net Banking,2024-07,2412.48
4127,120235,2024-03-30,Electronics,Headphones,3,998.16,North,Delhi,Net Banking,2024-03,2994.48
4128,216024,2025-09-02,Electronics,Smartphone,3,50.0,West,Pune,UPI,2025-09,150.0
4129,188027,2024-02-28,Beauty,Moisturizer,2,1649.73,North,Chandigarh,Credit Card,2024-02,3299.46
4130,115070,2024-07-27,Home & Kitchen,Air Fryer,5,1105.18,North,Lucknow,Debit Card,2024-07,5525.9
4131,199236,2025-05-11,Electronics,Smartwatch,1,1138.58,East,Patna,Credit Card,2025-05,1138.58
4132,100797,2024-10-14,Books,Self-Help Book,1,2218.68,North,Jaipur,Net Banking,2024-10,2218.68
4133,133558,2024-09-07,Sports,Yoga Mat,2,1375.77,North,Lucknow,UPI,2024-09,2751.54
4134,171999,2024-06-21,Beauty,Moisturizer,4,1074.41,North,Delhi,UPI,2024-06,4297.64
4135,246704,2025-02-27,Books,Textbook,2,1453.01,West,Pune,Credit Card,2025-02,2906.02
4136,152008,2024-12-08,Books,Comic,4,879.76,North,Jaipur,Cash on Delivery,2024-12,3519.04
4137,173588,2025-02-23,Books,Biography,4,2225.86,East,Guwahati,UPI,2025-02,8903.44
4138,247451,2025-04-26,Fashion,Saree,2,703.79,West,Ahmedabad,Credit Card,2025-04,1407.58
4139,118079,2025-02-01,Books,Textbook,3,2673.4,North,Chandigarh,Credit Card,2025-02,8020.2
4140,109882,2024-10-23,Beauty,Shampoo,4,3437.31,East,Patna,UPI,2024-10,13749.24
4141,193474,2024-12-15,Sports,Football,3,1273.48,South,Bangalore,UPI,2024-12,3820.44
4142,240613,2025-02-22,Books,Fiction Novel,2,2205.51,West,Ahmedabad,Credit Card,2025-02,4411.02
4143,131772,2025-03-24,Electronics,Laptop,2,811.36,West,Ahmedabad,Credit Card,2025-03,1622.72
4144,224964,2024-05-01,Home & Kitchen,Lamp,5,1242.04,East,Bhubaneswar,Net Banking,2024-05,6210.2
4145,196629,2025-07-03,Electronics,Smartphone,4,4348.4,South,Bangalore,Credit Card,2025-07,17393.6
4146,188372,2024-08-14,Fashion,Saree,1,2291.5,East,Bhubaneswar,Credit Card,2024-08,2291.5
4147,167886,2025-04-28,Home & Kitchen,Air Fryer,2,1791.15,North,Chandigarh,Cash on Delivery,2025-04,3582.3
4148,133787,2025-08-09,Books,Fiction Novel,4,50.0,West,Surat,UPI,2025-08,200.0
4149,165262,2025-06-21,Books,Comic,5,2073.59,East,Patna,Credit Card,2025-06,10367.95
4151,108882,2024-12-02,Fashion,Sneakers,1,1669.72,South,Kochi,Net Banking,2024-12,1669.72
4152,217508,2024-08-22,Beauty,Moisturizer,2,2854.88,East,Patna,Debit Card,2024-08,5709.76
4153,223983,2024-03-06,Books,Fiction Novel,5,1941.44,East,Guwahati,UPI,2024-03,9707.2
4154,160535,2025-08-07,Books,Fiction Novel,3,3009.95,North,Delhi,Net Banking,2025-08,9029.85
4155,201725,2024-05-09,Fashion,T-Shirt,3,1070.08,North,Delhi,Net Banking,2024-05,3210.24
4156,197605,2024-11-03,Fashion,Saree,4,1400.06,East,Kolkata,Credit Card,2024-11,5600.24
4157,233807,2025-07-10,Sports,Cycling Helmet,4,1690.92,West,Mumbai,Debit Card,2025-07,6763.68
4158,159819,2025-09-28,Fashion,Sneakers,3,1113.27,West,Ahmedabad,Debit Card,2025-09,3339.81
4159,140351,2025-05-28,Fashion,Sneakers,1,1665.72,West,Ahmedabad,Credit Card,2025-05,1665.72
4160,183951,2025-05-02,Electronics,Laptop,1,1861.22,East,Patna,UPI,2025-05,1861.22
4161,211885,2024-11-22,Home & Kitchen,Air Fryer,1,558.38,East,Guwahati,UPI,2024-11,558.38
4162,141092,2025-07-24,Home & Kitchen,Mixer Grinder,3,2393.55,North,Delhi,Debit Card,2025-07,7180.65
4163,208349,2025-06-20,Beauty,Sunscreen,2,860.18,East,Bhubaneswar,UPI,2025-06,1720.36
4164,179392,2025-05-18,Fashion,T-Shirt,5,2553.59,East,Patna,Net Banking,2025-05,12767.95
4165,125209,2024-04-21,Sports,Football,4,3875.6,South,Bangalore,Cash on Delivery,2024-04,15502.4
4166,213148,2024-02-06,Sports,Cycling Helmet,1,894.85,West,Mumbai,Credit Card,2024-02,894.85
4167,225710,2024-11-22,Home & Kitchen,Air Fryer,2,292.35,West,Surat,Debit Card,2024-11,584.7
4168,184074,2024-08-28,Fashion,Sneakers,5,2123.25,South,Hyderabad,UPI,2024-08,10616.25
4169,164103,2024-07-01,Beauty,Shampoo,1,960.24,North,Chandigarh,Debit Card,2024-07,960.24
4170,175605,2024-08-05,Sports,Cricket Bat,1,1027.25,North,Delhi,UPI,2024-08,1027.25
4171,149057,2025-02-03,Home & Kitchen,Mixer Grinder,5,691.03,North,Delhi,Cash on Delivery,2025-02,3455.15
4172,129492,2024-05-19,Fashion,Sneakers,4,2358.71,West,Surat,UPI,2024-05,9434.84
4173,101628,2025-05-23,Beauty,Lipstick,2,1157.67,South,Hyderabad,UPI,2025-05,2315.34
4174,126351,2025-05-27,Home & Kitchen,Bedsheet,3,1546.41,East,Patna,Net Banking,2025-05,4639.23
4175,103949,2024-05-15,Home & Kitchen,Air Fryer,3,748.07,South,Kochi,UPI,2024-05,2244.21
4176,119452,2025-01-26,Home & Kitchen,Bedsheet,3,1794.31,West,Surat,UPI,2025-01,5382.93
4177,106146,2024-04-12,Fashion,Sneakers,5,1510.94,South,Bangalore,Net Banking,2024-04,7554.7
4178,248096,2025-08-02,Sports,Cricket Bat,3,1210.71,South,Kochi,Debit Card,2025-08,3632.13
4179,127018,2025-09-03,Home & Kitchen,Bedsheet,1,3045.22,South,Chennai,Credit Card,2025-09,3045.22
4180,221391,2024-08-08,Home & Kitchen,Bedsheet,3,2169.2,South,Hyderabad,UPI,2024-08,6507.6
4181,241518,2025-02-02,Beauty,Shampoo,1,2211.29,West,Ahmedabad,UPI,2025-02,2211.29
4182,145283,2024-09-15,Home & Kitchen,Lamp,1,1458.64,North,Lucknow,Debit Card,2024-09,1458.64
4183,154076,2024-08-07,Electronics,Tablet,2,50.0,North,Lucknow,Cash on Delivery,2024-08,100.0
4184,154205,2025-02-09,Books,Textbook,4,727.82,South,Chennai,Cash on Delivery,2025-02,2911.28
4185,225510,2024-12-14,Electronics,Smartwatch,2,3178.44,West,Pune,UPI,2024-12,6356.88
4186,110242,2025-03-21,Beauty,Moisturizer,5,2199.05,West,Ahmedabad,Credit Card,2025-03,10995.25
4187,138372,2025-06-28,Fashion,Jeans,4,2331.47,East,Patna,Debit Card,2025-06,9325.88
4188,222987,2024-11-19,Fashion,Jacket,5,1668.64,North,Jaipur,UPI,2024-11,8343.2
4189,228402,2024-10-02,Electronics,Smartwatch,1,1684.85,West,Surat,Debit Card,2024-10,1684.85
4190,136405,2025-08-08,Books,Fiction Novel,2,1726.4,West,Mumbai,UPI,2025-08,3452.8
4191,203378,2024-07-25,Home & Kitchen,Bedsheet,4,321.94,East,Guwahati,UPI,2024-07,1287.76
4192,191458,2025-01-27,Home & Kitchen,Air Fryer,1,2394.23,West,Ahmedabad,Credit Card,2025-01,2394.23
4193,229893,2025-02-04,Sports,Yoga Mat,4,152.34,South,Chennai,UPI,2025-02,609.36
4194,104834,2024-07-20,Electronics,Tablet,2,994.02,North,Chandigarh,UPI,2024-07,1988.04
4195,113594,2025-07-25,Beauty,Perfume,2,1656.01,East,Guwahati,UPI,2025-07,3312.02
4196,141319,2025-02-02,Home & Kitchen,Air Fryer,2,1812.89,North,Lucknow,UPI,2025-02,3625.78
4197,215982,2024-10-29,Beauty,Sunscreen,4,2414.61,East,Guwahati,Credit Card,2024-10,9658.44
4198,188098,2025-03-11,Electronics,Smartwatch,2,1570.71,West,Surat,Credit Card,2025-03,3141.42
4199,177781,2024-02-20,Books,Textbook,3,132.71,West,Surat,Credit Card,2024-02,398.13
4200,230992,2025-06-11,Fashion,Saree,2,50.0,North,Jaipur,UPI,2025-06,100.0
4201,163409,2025-02-19,Sports,Football,5,2167.65,West,Mumbai,Net Banking,2025-02,10838.25
4203,113066,2024-01-28,Home & Kitchen,Lamp,3,2180.35,South,Bangalore,Cash on Delivery,2024-01,6541.05
4204,245524,2025-01-10,Electronics,Headphones,3,849.0,East,Kolkata,Credit Card,2025-01,2547.0
4205,208629,2024-10-24,Fashion,Jeans,1,952.09,South,Hyderabad,UPI,2024-10,952.09
4206,169475,2025-01-08,Sports,Dumbbells,1,82.21,East,Bhubaneswar,Debit Card,2025-01,82.21
4207,212199,2024-08-08,Books,Comic,2,1983.23,North,Lucknow,Debit Card,2024-08,3966.46
4208,173845,2024-07-13,Books,Biography,1,1870.73,West,Mumbai,UPI,2024-07,1870.73
4209,133126,2025-09-20,Fashion,T-Shirt,3,1288.78,East,Guwahati,UPI,2025-09,3866.34
4210,147614,2024-05-20,Beauty,Sunscreen,5,354.43,West,Surat,Credit Card,2024-05,1772.15
4211,114386,2024-07-18,Electronics,Tablet,3,2017.27,North,Lucknow,Credit Card,2024-07,6051.81
4212,236244,2025-07-07,Sports,Dumbbells,1,1469.47,North,Lucknow,UPI,2025-07,1469.47
4213,213221,2025-06-05,Home & Kitchen,Mixer Grinder,3,1653.97,South,Bangalore,UPI,2025-06,4961.91
4214,132350,2024-10-30,Sports,Yoga Mat,1,3036.5,South,Chennai,UPI,2024-10,3036.5
4215,230176,2025-08-06,Sports,Cycling Helmet,3,1982.57,West,Pune,Credit Card,2025-08,5947.71
4216,118670,2024-05-05,Books,Self-Help Book,5,549.38,West,Pune,Credit Card,2024-05,2746.9
4217,224798,2025-08-14,Home & Kitchen,Lamp,3,2118.42,North,Delhi,Debit Card,2025-08,6355.26
4218,126431,2025-06-26,Home & Kitchen,Air Fryer,5,794.21,South,Bangalore,UPI,2025-06,3971.05
4219,184078,2025-06-24,Beauty,Lipstick,1,355.39,North,Chandigarh,Debit Card,2025-06,355.39
4220,128903,2024-03-06,Electronics,Smartphone,5,1767.55,North,Delhi,Debit Card,2024-03,8837.75
4221,202572,2024-12-28,Electronics,Smartwatch,1,1722.81,North,Jaipur,Debit Card,2024-12,1722.81
4222,209247,2025-04-05,Beauty,Shampoo,1,1550.34,North,Lucknow,Credit Card,2025-04,1550.34
4223,115602,2025-08-12,Sports,Football,2,1481.83,East,Kolkata,UPI,2025-08,2963.66
4224,148665,2025-02-19,Beauty,Lipstick,5,962.21,East,Patna,UPI,2025-02,4811.05
4225,248214,2024-04-24,Sports,Dumbbells,5,1633.47,South,Chennai,UPI,2024-04,8167.35
4226,154151,2024-02-27,Fashion,Jacket,4,1693.56,South,Chennai,Net Banking,2024-02,6774.24
4227,192293,2024-08-19,Home & Kitchen,Bedsheet,4,2697.23,West,Mumbai,Credit Card,2024-08,10788.92
4228,129894,2024-08-22,Beauty,Lipstick,5,2541.4,North,Lucknow,Debit Card,2024-08,12707.0
4229,104469,2024-08-07,Home & Kitchen,Cookware Set,5,567.16,West,Surat,UPI,2024-08,2835.8
4230,206307,2024-05-05,Electronics,Smartphone,1,1245.46,East,Bhubaneswar,Debit Card,2024-05,1245.46
4231,132860,2025-01-29,Electronics,Smartwatch,2,1651.25,West,Pune,UPI,2025-01,3302.5
4232,175690,2024-03-03,Books,Textbook,1,771.18,East,Bhubaneswar,Credit Card,2024-03,771.18
4233,243982,2025-07-11,Beauty,Lipstick,4,1098.35,West,Surat,Cash on Delivery,2025-07,4393.4
4234,238528,2025-08-30,Fashion,Sneakers,3,1189.2,East,Bhubaneswar,UPI,2025-08,3567.6
4235,140628,2025-01-22,Fashion,Jeans,2,2087.38,North,Delhi,Credit Card,2025-01,4174.76
4236,135388,2025-05-24,Electronics,Headphones,5,892.68,North,Chandigarh,UPI,2025-05,4463.4
4237,236787,2024-09-10,Books,Biography,5,574.47,South,Bangalore,Credit Card,2024-09,2872.35
4238,175631,2024-01-18,Electronics,Smartphone,3,961.16,West,Ahmedabad,UPI,2024-01,2883.48
4239,106787,2025-08-10,Sports,Cycling Helmet,5,1689.9,South,Bangalore,Net Banking,2025-08,8449.5
4240,151289,2024-12-24,Fashion,Saree,3,1760.83,South,Hyderabad,UPI,2024-12,5282.49
4241,165756,2025-02-20,Home & Kitchen,Air Fryer,4,1115.25,North,Lucknow,Cash on Delivery,2025-02,4461.0
4242,114173,2024-11-23,Fashion,T-Shirt,4,658.15,North,Lucknow,Credit Card,2024-11,2632.6
4243,164781,2024-12-20,Sports,Yoga Mat,5,949.19,South,Kochi,Debit Card,2024-12,4745.95
4244,223761,2024-06-02,Electronics,Headphones,4,1283.72,West,Surat,UPI,2024-06,5134.88
4245,124471,2025-01-18,Home & Kitchen,Air Fryer,4,2425.27,North,Chandigarh,UPI,2025-01,9701.08
4246,120103,2025-09-17,Fashion,Jeans,5,1721.34,West,Surat,Cash on Delivery,2025-09,8606.7
4247,239298,2024-12-08,Fashion,Sneakers,2,1353.8,South,Chennai,Credit Card,2024-12,2707.6
4248,100235,2025-08-02,Fashion,Sneakers,2,1063.32,South,Chennai,Credit Card,2025-08,2126.64
4249,128191,2024-07-17,Books,Comic,3,2841.39,North,Delhi,UPI,2024-07,8524.17
4250,221395,2024-03-29,Home & Kitchen,Air Fryer,4,1053.54,West,Mumbai,Credit Card,2024-03,4214.16
4251,115173,2025-08-24,Home & Kitchen,Lamp,4,50.0,East,Bhubaneswar,Credit Card,2025-08,200.0
4252,168740,2024-08-15,Home & Kitchen,Lamp,5,1708.51,East,Bhubaneswar,UPI,2024-08,8542.55
4253,137326,2024-12-04,Books,Textbook,2,2519.22,East,Kolkata,Debit Card,2024-12,5038.44
4254,241846,2025-07-28,Home & Kitchen,Bedsheet,1,649.44,South,Kochi,Credit Card,2025-07,649.44
4255,118680,2025-01-23,Home & Kitchen,Bedsheet,2,50.0,East,Bhubaneswar,Cash on Delivery,2025-01,100.0
4256,199683,2024-11-24,Fashion,Jacket,1,1578.1,South,Chennai,Debit Card,2024-11,1578.1
4257,161018,2025-05-10,Fashion,Jacket,4,2219.12,East,Guwahati,Cash on Delivery,2025-05,8876.48
4259,153593,2025-08-28,Beauty,Shampoo,1,50.0,North,Jaipur,Net Banking,2025-08,50.0
4260,178672,2025-09-27,Electronics,Headphones,4,2336.72,South,Chennai,Credit Card,2025-09,9346.88
4261,132413,2024-09-28,Fashion,Sneakers,1,2865.62,West,Pune,UPI,2024-09,2865.62
4262,249294,2024-12-30,Fashion,Jacket,2,1716.73,East,Patna,UPI,2024-12,3433.46
4263,190873,2024-03-11,Fashion,Jeans,5,375.64,West,Mumbai,Cash on Delivery,2024-03,1878.2
4264,140312,2025-04-12,Sports,Dumbbells,1,2198.64,South,Chennai,Net Banking,2025-04,2198.64
4265,142277,2025-01-25,Beauty,Perfume,3,417.62,West,Surat,Cash on Delivery,2025-01,1252.86
4266,145585,2024-12-23,Books,Biography,4,2164.04,North,Delhi,Credit Card,2024-12,8656.16
4267,185590,2025-04-21,Home & Kitchen,Air Fryer,2,1018.88,North,Chandigarh,Credit Card,2025-04,2037.76
4268,140807,2025-02-12,Books,Textbook,4,2234.91,North,Lucknow,Net Banking,2025-02,8939.64
4269,142220,2024-01-22,Electronics,Smartwatch,1,2506.38,West,Pune,UPI,2024-01,2506.38
4270,126363,2025-01-02,Beauty,Sunscreen,4,1161.32,North,Lucknow,Debit Card,2025-01,4645.28
4272,109569,2024-11-01,Beauty,Sunscreen,1,2645.01,North,Chandigarh,UPI,2024-11,2645.01
4273,220611,2025-03-03,Books,Comic,3,1225.36,East,Guwahati,Credit Card,2025-03,3676.08
4274,219762,2025-05-25,Fashion,Jacket,1,1343.96,South,Kochi,UPI,2025-05,1343.96
4275,216226,2025-06-15,Electronics,Tablet,3,1287.75,West,Pune,Credit Card,2025-06,3863.25
4276,160393,2025-03-12,Sports,Cycling Helmet,2,1392.21,South,Chennai,Cash on Delivery,2025-03,2784.42
4277,161631,2025-04-18,Electronics,Smartwatch,2,1621.08,East,Bhubaneswar,Credit Card,2025-04,3242.16
4278,211249,2025-04-30,Sports,Dumbbells,4,2427.97,North,Delhi,Net Banking,2025-04,9711.88
4279,226967,2024-06-27,Sports,Yoga Mat,5,197.8,East,Patna,Credit Card,2024-06,989.0
4280,162405,2024-03-12,Books,Biography,3,1857.13,East,Patna,Cash on Delivery,2024-03,5571.39
4281,179015,2024-11-09,Home & Kitchen,Bedsheet,2,1032.98,South,Kochi,UPI,2024-11,2065.96
4282,126633,2025-09-17,Books,Textbook,4,2986.31,South,Kochi,Debit Card,2025-09,11945.24
4283,112690,2024-03-17,Fashion,Jacket,2,1121.81,South,Kochi,Debit Card,2024-03,2243.62
4284,107614,2025-01-05,Home & Kitchen,Cookware Set,2,738.33,East,Patna,Debit Card,2025-01,1476.66
4285,126765,2025-08-03,Electronics,Laptop,3,50.0,East,Guwahati,UPI,2025-08,150.0
4286,230818,2025-08-26,Sports,Cycling Helmet,4,1713.85,North,Lucknow,Net Banking,2025-08,6855.4
4287,193440,2024-08-06,Sports,Yoga Mat,1,2454.66,East,Bhubaneswar,UPI,2024-08,2454.66
4288,231344,2024-09-05,Sports,Dumbbells,1,2549.7,East,Bhubaneswar,Cash on Delivery,2024-09,2549.7
4289,164315,2025-07-28,Sports,Cycling Helmet,1,701.1,North,Chandigarh,UPI,2025-07,701.1
4290,141155,2024-09-22,Fashion,Jeans,3,2059.3,South,Kochi,UPI,2024-09,6177.9
4291,116251,2024-12-19,Electronics,Smartwatch,1,2782.75,South,Hyderabad,UPI,2024-12,2782.75
4292,159258,2025-09-19,Books,Biography,4,551.57,North,Lucknow,UPI,2025-09,2206.28
4293,228815,2024-10-06,Home & Kitchen,Bedsheet,5,50.0,South,Hyderabad,Credit Card,2024-10,250.0
4294,244246,2024-07-29,Electronics,Headphones,5,1400.39,North,Delhi,Debit Card,2024-07,7001.95
4295,151168,2025-01-15,Books,Textbook,5,1791.97,East,Patna,Debit Card,2025-01,8959.85
4296,168713,2024-02-24,Books,Textbook,4,2005.71,West,Pune,Credit Card,2024-02,8022.84
4297,146550,2025-03-16,Home & Kitchen,Bedsheet,4,1369.56,East,Guwahati,Credit Card,2025-03,5478.24
4298,172277,2024-08-28,Sports,Dumbbells,2,2434.67,East,Patna,Credit Card,2024-08,4869.34
4299,220923,2024-04-30,Electronics,Tablet,3,2715.15,East,Bhubaneswar,UPI,2024-04,8145.45
4300,245757,2025-04-11,Electronics,Laptop,5,1204.02,South,Kochi,Credit Card,2025-04,6020.1
4301,189599,2025-03-26,Fashion,Saree,1,50.0,East,Guwahati,UPI,2025-03,50.0
4302,183600,2025-05-27,Beauty,Sunscreen,5,3155.34,East,Bhubaneswar,Credit Card,2025-05,15776.7
4303,129263,2024-09-23,Electronics,Tablet,4,1420.48,East,Bhubaneswar,Credit Card,2024-09,5681.92
4304,178476,2025-03-19,Electronics,Tablet,5,1587.03,East,Bhubaneswar,UPI,2025-03,7935.15
4305,206144,2024-10-19,Sports,Dumbbells,3,770.91,West,Surat,Debit Card,2024-10,2312.73
4306,101237,2024-01-21,Sports,Cricket Bat,2,1471.23,North,Jaipur,Credit Card,2024-01,2942.46
4307,119492,2025-03-19,Sports,Dumbbells,3,1979.3,South,Chennai,Debit Card,2025-03,5937.9
4308,233978,2024-02-19,Sports,Dumbbells,3,1434.62,East,Guwahati,Net Banking,2024-02,4303.86
4309,142235,2024-02-04,Sports,Yoga Mat,1,656.38,North,Chandigarh,Debit Card,2024-02,656.38
4310,213933,2025-02-07,Beauty,Lipstick,3,50.0,North,Lucknow,Credit Card,2025-02,150.0
4311,157398,2024-08-30,Beauty,Shampoo,5,2817.34,East,Patna,UPI,2024-08,14086.7
4312,231639,2025-02-10,Books,Biography,5,1627.78,West,Ahmedabad,Credit Card,2025-02,8138.9
4314,117936,2025-06-30,Electronics,Smartwatch,5,1514.46,North,Jaipur,Credit Card,2025-06,7572.3
4315,249114,2025-01-25,Sports,Yoga Mat,1,1772.53,West,Ahmedabad,UPI,2025-01,1772.53
4316,141703,2024-04-13,Fashion,Jeans,4,3007.22,West,Mumbai,Credit Card,2024-04,12028.88
4317,225605,2024-03-08,Books,Textbook,1,407.46,West,Mumbai,Debit Card,2024-03,407.46
4318,114690,2025-04-14,Home & Kitchen,Mixer Grinder,1,50.0,North,Jaipur,Net Banking,2025-04,50.0
4319,202868,2024-06-07,Books,Self-Help Book,1,2255.81,East,Kolkata,UPI,2024-06,2255.81
4320,249409,2024-06-12,Electronics,Tablet,1,1506.79,North,Delhi,Cash on Delivery,2024-06,1506.79
4321,138893,2024-03-11,Beauty,Moisturizer,1,2616.16,West,Surat,Net Banking,2024-03,2616.16
4322,211570,2024-01-23,Home & Kitchen,Lamp,5,1888.68,North,Chandigarh,Net Banking,2024-01,9443.4
4323,232788,2024-11-11,Home & Kitchen,Cookware Set,3,1054.01,North,Delhi,Debit Card,2024-11,3162.03
4324,113356,2025-09-24,Fashion,Sneakers,2,348.88,North,Jaipur,UPI,2025-09,697.76
4325,173962,2024-06-11,Books,Textbook,2,268.94,East,Kolkata,Credit Card,2024-06,537.88
4326,169034,2025-03-29,Home & Kitchen,Mixer Grinder,4,207.34,North,Delhi,Credit Card,2025-03,829.36
4327,204224,2024-01-15,Books,Textbook,5,1262.94,East,Bhubaneswar,UPI,2024-01,6314.7
4328,187353,2024-06-02,Home & Kitchen,Cookware Set,1,1563.83,North,Delhi,UPI,2024-06,1563.83
4329,149940,2024-08-03,Electronics,Laptop,4,137.54,West,Ahmedabad,UPI,2024-08,550.16
4330,155721,2025-07-03,Books,Fiction Novel,1,1171.67,South,Chennai,UPI,2025-07,1171.67
4331,112754,2024-12-31,Fashion,Jacket,3,628.26,East,Kolkata,Debit Card,2024-12,1884.78
4332,170607,2024-12-06,Fashion,Jeans,2,504.65,South,Hyderabad,UPI,2024-12,1009.3
4333,121684,2024-08-08,Books,Textbook,2,1162.59,North,Delhi,Credit Card,2024-08,2325.18
4334,132292,2024-05-26,Books,Biography,2,1911.48,West,Mumbai,UPI,2024-05,3822.96
4335,150750,2024-03-01,Books,Self-Help Book,1,3516.35,North,Chandigarh,Net Banking,2024-03,3516.35
4336,100602,2024-01-06,Home & Kitchen,Lamp,4,2150.32,East,Patna,UPI,2024-01,8601.28
4337,168827,2024-09-26,Sports,Cycling Helmet,2,3418.67,South,Chennai,Debit Card,2024-09,6837.34
4338,237673,2025-04-24,Fashion,Sneakers,4,50.0,East,Kolkata,UPI,2025-04,200.0
4339,227548,2024-07-25,Sports,Yoga Mat,1,2031.55,West,Ahmedabad,UPI,2024-07,2031.55
4340,223463,2024-03-14,Beauty,Shampoo,2,66.27,East,Kolkata,Debit Card,2024-03,132.54
4341,178996,2024-05-17,Electronics,Smartwatch,3,1807.7,East,Kolkata,Credit Card,2024-05,5423.1
4342,108503,2025-04-24,Home & Kitchen,Air Fryer,1,600.48,West,Ahmedabad,Debit Card,2025-04,600.48
4343,149479,2024-07-01,Home & Kitchen,Lamp,3,1864.24,South,Chennai,UPI,2024-07,5592.72
4344,190199,2025-02-04,Fashion,Jacket,3,2654.29,South,Chennai,UPI,2025-02,7962.87
4345,108892,2024-09-18,Home & Kitchen,Mixer Grinder,5,1557.01,South,Chennai,UPI,2024-09,7785.05
4346,190804,2024-07-09,Beauty,Perfume,5,1447.07,South,Hyderabad,Credit Card,2024-07,7235.35
4347,153715,2025-02-04,Electronics,Tablet,3,952.4,South,Chennai,Debit Card,2025-02,2857.2
4348,240103,2024-03-15,Electronics,Tablet,1,723.03,West,Mumbai,Debit Card,2024-03,723.03
4349,183757,2024-02-27,Sports,Football,2,1791.69,South,Hyderabad,Net Banking,2024-02,3583.38
4350,101575,2024-04-01,Home & Kitchen,Bedsheet,4,313.55,East,Guwahati,Credit Card,2024-04,1254.2
4351,152833,2025-09-26,Beauty,Moisturizer,4,2437.21,East,Guwahati,UPI,2025-09,9748.84
4352,155567,2025-02-23,Beauty,Perfume,3,1122.59,South,Bangalore,UPI,2025-02,3367.77
4353,135048,2024-01-01,Beauty,Moisturizer,3,1982.53,East,Guwahati,Debit Card,2024-01,5947.59
4354,231563,2025-05-31,Home & Kitchen,Air Fryer,3,1814.68,South,Kochi,Debit Card,2025-05,5444.04
4355,220567,2024-09-12,Home & Kitchen,Mixer Grinder,5,1484.13,East,Bhubaneswar,Net Banking,2024-09,7420.65
4356,147141,2025-06-18,Sports,Football,3,50.0,West,Ahmedabad,UPI,2025-06,150.0
4357,209408,2024-02-25,Books,Comic,4,3589.36,West,Surat,UPI,2024-02,14357.44
4358,126040,2024-09-15,Fashion,Sneakers,1,2296.52,East,Bhubaneswar,UPI,2024-09,2296.52
4359,148106,2025-03-25,Sports,Cricket Bat,5,453.38,West,Surat,UPI,2025-03,2266.9
4360,205502,2024-06-14,Books,Self-Help Book,3,1779.12,North,Chandigarh,UPI,2024-06,5337.36
4361,171303,2025-04-04,Electronics,Laptop,4,2492.93,West,Surat,UPI,2025-04,9971.72
4362,214670,2024-01-24,Sports,Cycling Helmet,3,1937.59,North,Delhi,UPI,2024-01,5812.77
4363,224857,2024-02-23,Home & Kitchen,Air Fryer,1,50.0,South,Chennai,Net Banking,2024-02,50.0
4364,110935,2024-02-10,Books,Comic,2,759.77,East,Patna,Credit Card,2024-02,1519.54
4365,173397,2024-11-24,Beauty,Perfume,5,2088.56,South,Hyderabad,Debit Card,2024-11,10442.8
4366,220946,2025-04-12,Books,Biography,5,2656.37,West,Ahmedabad,Cash on Delivery,2025-04,13281.85
4367,188668,2025-07-30,Electronics,Headphones,4,2002.06,West,Mumbai,UPI,2025-07,8008.24
4368,136618,2025-05-27,Electronics,Smartwatch,4,1112.61,East,Guwahati,Debit Card,2025-05,4450.44
4369,137910,2024-03-04,Books,Textbook,4,1488.99,West,Pune,Debit Card,2024-03,5955.96
4370,111185,2025-09-27,Beauty,Sunscreen,2,2085.75,South,Kochi,Credit Card,2025-09,4171.5
4371,176363,2024-01-23,Beauty,Moisturizer,1,628.58,East,Guwahati,Credit Card,2024-01,628.58
4372,137654,2024-08-31,Fashion,Sneakers,5,116.97,South,Kochi,Credit Card,2024-08,584.85
4373,185722,2024-09-13,Fashion,Sneakers,1,2004.69,West,Pune,Debit Card,2024-09,2004.69
4374,214479,2025-02-09,Sports,Football,1,1386.68,South,Kochi,Debit Card,2025-02,1386.68
4375,217350,2024-05-27,Fashion,Sneakers,4,3398.3,West,Ahmedabad,Credit Card,2024-05,13593.2
4376,174564,2024-01-22,Beauty,Moisturizer,4,2214.29,North,Delhi,UPI,2024-01,8857.16
4377,165916,2024-06-11,Fashion,Sneakers,5,369.57,North,Lucknow,Debit Card,2024-06,1847.85
4378,146907,2024-06-24,Fashion,T-Shirt,4,1895.81,West,Surat,Cash on Delivery,2024-06,7583.24
4379,183002,2024-07-14,Electronics,Headphones,3,3308.22,West,Mumbai,UPI,2024-07,9924.66
4380,128860,2024-04-24,Books,Textbook,2,712.78,South,Chennai,UPI,2024-04,1425.56
4381,165563,2025-06-30,Books,Textbook,5,949.0,North,Delhi,Cash on Delivery,2025-06,4745.0
4382,235980,2024-08-21,Electronics,Smartwatch,5,1839.08,East,Bhubaneswar,Net Banking,2024-08,9195.4
4383,161425,2025-09-13,Home & Kitchen,Mixer Grinder,5,1846.38,South,Hyderabad,Net Banking,2025-09,9231.9
4384,106635,2024-10-06,Beauty,Shampoo,3,662.75,East,Kolkata,UPI,2024-10,1988.25
4385,239833,2025-05-13,Home & Kitchen,Air Fryer,4,1620.35,North,Lucknow,Credit Card,2025-05,6481.4
4386,119165,2024-08-06,Sports,Cricket Bat,2,1830.9,West,Mumbai,Net Banking,2024-08,3661.8
4387,110644,2024-04-13,Fashion,Jacket,1,1579.67,West,Ahmedabad,Cash on Delivery,2024-04,1579.67
4388,193164,2025-07-24,Electronics,Smartphone,4,1586.63,North,Delhi,Debit Card,2025-07,6346.52
4389,110867,2024-10-16,Home & Kitchen,Bedsheet,1,1267.53,East,Guwahati,UPI,2024-10,1267.53
4390,239822,2025-04-17,Beauty,Lipstick,2,633.02,North,Lucknow,Credit Card,2025-04,1266.04
4391,156613,2025-06-03,Fashion,Saree,2,1510.43,East,Patna,Cash on Delivery,2025-06,3020.86
4392,121555,2025-07-16,Sports,Cricket Bat,2,2344.39,North,Chandigarh,Debit Card,2025-07,4688.78
4393,100800,2025-03-11,Electronics,Tablet,5,50.0,West,Surat,UPI,2025-03,250.0
4394,232933,2025-02-18,Electronics,Tablet,2,175.55,North,Lucknow,Cash on Delivery,2025-02,351.1
4395,192717,2024-09-12,Beauty,Shampoo,3,1797.67,North,Chandigarh,Credit Card,2024-09,5393.01
4396,188852,2025-07-19,Beauty,Sunscreen,2,2789.1,North,Lucknow,UPI,2025-07,5578.2
4397,161643,2024-10-18,Fashion,Jacket,3,1399.87,West,Ahmedabad,Credit Card,2024-10,4199.61
4398,164773,2024-04-12,Fashion,Sneakers,3,2529.68,South,Bangalore,Net Banking,2024-04,7589.04
4399,128690,2025-01-15,Electronics,Smartphone,1,542.15,East,Patna,Credit Card,2025-01,542.15
4400,190539,2024-03-28,Beauty,Lipstick,1,2287.36,South,Kochi,UPI,2024-03,2287.36
4401,106541,2025-04-27,Home & Kitchen,Mixer Grinder,4,75.18,West,Pune,Debit Card,2025-04,300.72
4402,112926,2024-01-19,Electronics,Headphones,4,1437.96,East,Guwahati,UPI,2024-01,5751.84
4403,160065,2024-10-06,Home & Kitchen,Bedsheet,3,1513.29,North,Jaipur,Net Banking,2024-10,4539.87
4404,154065,2024-03-11,Books,Biography,1,980.22,North,Lucknow,Net Banking,2024-03,980.22
4405,143458,2024-02-29,Fashion,Jeans,5,1407.74,West,Ahmedabad,Credit Card,2024-02,7038.7
4406,228611,2025-08-10,Books,Textbook,3,2509.06,East,Patna,Credit Card,2025-08,7527.18
4407,117877,2024-04-14,Fashion,Jeans,5,1238.22,West,Mumbai,UPI,2024-04,6191.1
4408,133643,2024-08-25,Fashion,Saree,5,1504.58,East,Kolkata,UPI,2024-08,7522.9
4409,150283,2025-07-30,Fashion,Jacket,1,3937.3,East,Kolkata,Cash on Delivery,2025-07,3937.3
4410,155326,2024-10-23,Fashion,Jeans,3,2893.92,South,Bangalore,Credit Card,2024-10,8681.76
4411,122286,2024-01-02,Electronics,Tablet,2,2096.95,North,Jaipur,Credit Card,2024-01,4193.9
4412,216558,2025-02-22,Beauty,Perfume,1,1158.48,South,Chennai,Cash on Delivery,2025-02,1158.48
4413,245908,2025-08-23,Home & Kitchen,Mixer Grinder,5,1109.96,North,Chandigarh,UPI,2025-08,5549.8
4414,230079,2024-08-29,Sports,Cricket Bat,5,536.43,South,Hyderabad,Net Banking,2024-08,2682.15
4415,246928,2024-06-29,Home & Kitchen,Bedsheet,4,1457.84,West,Mumbai,Net Banking,2024-06,5831.36
4416,194557,2025-06-26,Home & Kitchen,Bedsheet,3,1143.4,South,Kochi,Net Banking,2025-06,3430.2
4417,132796,2025-06-08,Home & Kitchen,Air Fryer,2,2071.96,East,Patna,Debit Card,2025-06,4143.92
4418,149074,2025-01-25,Electronics,Headphones,5,1749.65,West,Mumbai,Debit Card,2025-01,8748.25
4419,108145,2025-08-16,Sports,Yoga Mat,4,1177.74,South,Bangalore,Net Banking,2025-08,4710.96
4420,150366,2025-08-07,Electronics,Smartphone,2,1236.39,North,Jaipur,Cash on Delivery,2025-08,2472.78
4421,206099,2024-05-16,Sports,Dumbbells,2,323.85,East,Bhubaneswar,UPI,2024-05,647.7
4422,194220,2025-08-25,Books,Biography,4,1822.15,West,Mumbai,UPI,2025-08,7288.6
4423,114040,2024-02-01,Sports,Dumbbells,3,1449.75,South,Chennai,UPI,2024-02,4349.25
4424,132210,2024-04-01,Home & Kitchen,Cookware Set,5,472.03,South,Chennai,Credit Card,2024-04,2360.15
4425,223975,2024-06-27,Fashion,T-Shirt,5,2003.67,West,Mumbai,Cash on Delivery,2024-06,10018.35
4426,216587,2025-04-20,Books,Fiction Novel,5,3149.61,South,Hyderabad,Net Banking,2025-04,15748.05
4427,239776,2024-06-25,Fashion,Jeans,4,996.12,North,Delhi,UPI,2024-06,3984.48
4428,160942,2024-03-22,Home & Kitchen,Lamp,1,515.39,East,Kolkata,UPI,2024-03,515.39
4429,202638,2025-09-25,Sports,Football,1,2496.64,East,Bhubaneswar,UPI,2025-09,2496.64
4430,189792,2024-12-21,Books,Fiction Novel,2,2289.19,South,Hyderabad,Net Banking,2024-12,4578.38
4431,204495,2024-01-02,Books,Self-Help Book,2,1199.0,West,Surat,UPI,2024-01,2398.0
4432,142528,2025-02-21,Electronics,Smartwatch,1,338.6,East,Guwahati,UPI,2025-02,338.6
4433,173317,2025-07-25,Books,Comic,4,2343.4,East,Patna,Credit Card,2025-07,9373.6
4434,108471,2024-02-28,Electronics,Tablet,3,50.0,West,Mumbai,UPI,2024-02,150.0
4435,229174,2025-05-19,Beauty,Sunscreen,4,1761.4,East,Patna,UPI,2025-05,7045.6
4436,171282,2024-05-26,Books,Self-Help Book,1,2208.61,East,Guwahati,Cash on Delivery,2024-05,2208.61
4437,168576,2025-05-09,Beauty,Sunscreen,1,429.53,West,Surat,Debit Card,2025-05,429.53
4438,174517,2024-04-13,Books,Fiction Novel,5,1385.55,West,Pune,UPI,2024-04,6927.75
4439,111296,2024-04-03,Home & Kitchen,Cookware Set,1,3878.46,East,Patna,Credit Card,2024-04,3878.46
4440,125958,2024-01-16,Fashion,Saree,5,1129.41,West,Mumbai,Credit Card,2024-01,5647.05
4441,101884,2024-11-02,Fashion,Saree,3,1178.28,North,Delhi,Credit Card,2024-11,3534.84
4442,170271,2024-05-14,Home & Kitchen,Bedsheet,2,3422.58,West,Mumbai,UPI,2024-05,6845.16
4443,100948,2025-01-21,Sports,Cycling Helmet,5,2259.75,East,Patna,Credit Card,2025-01,11298.75
4444,230012,2024-01-15,Home & Kitchen,Bedsheet,5,1382.15,South,Kochi,UPI,2024-01,6910.75
4445,107116,2025-02-04,Sports,Cycling Helmet,3,1138.16,East,Bhubaneswar,UPI,2025-02,3414.48
4446,233849,2024-03-23,Home & Kitchen,Mixer Grinder,2,1252.55,South,Kochi,Debit Card,2024-03,2505.1
4447,155814,2024-09-20,Fashion,Jeans,1,2485.03,East,Kolkata,Net Banking,2024-09,2485.03
4448,201335,2024-11-24,Fashion,Jeans,4,1179.77,South,Hyderabad,UPI,2024-11,4719.08
4449,232476,2024-12-02,Beauty,Sunscreen,3,587.86,West,Surat,Debit Card,2024-12,1763.58
4450,201351,2024-09-15,Books,Biography,5,3020.36,South,Kochi,Credit Card,2024-09,15101.8
4451,210450,2025-06-26,Books,Textbook,4,1741.44,West,Mumbai,Credit Card,2025-06,6965.76
4452,173274,2024-01-04,Fashion,Jeans,5,332.88,East,Guwahati,Debit Card,2024-01,1664.4
4453,229724,2024-08-24,Home & Kitchen,Cookware Set,2,1299.86,North,Chandigarh,Net Banking,2024-08,2599.72
4454,121431,2024-08-12,Sports,Cycling Helmet,4,3098.51,East,Guwahati,Cash on Delivery,2024-08,12394.04
4455,248807,2024-01-02,Beauty,Lipstick,3,1527.69,East,Bhubaneswar,UPI,2024-01,4583.07
4456,137448,2025-05-14,Electronics,Laptop,5,1121.36,South,Bangalore,UPI,2025-05,5606.8
4457,134495,2024-08-25,Beauty,Perfume,4,652.6,East,Patna,UPI,2024-08,2610.4
4458,219624,2025-08-25,Electronics,Laptop,4,50.0,North,Jaipur,Debit Card,2025-08,200.0
4459,170165,2024-10-17,Electronics,Smartphone,1,1003.18,South,Bangalore,UPI,2024-10,1003.18
4460,179034,2024-04-18,Beauty,Perfume,4,1416.54,East,Guwahati,UPI,2024-04,5666.16
4461,154525,2024-12-14,Electronics,Laptop,2,855.69,East,Patna,UPI,2024-12,1711.38
4462,127844,2024-08-30,Home & Kitchen,Bedsheet,4,2815.45,North,Delhi,UPI,2024-08,11261.8
4463,105650,2024-08-25,Beauty,Moisturizer,1,856.53,West,Pune,UPI,2024-08,856.53
4464,232650,2024-04-27,Beauty,Sunscreen,4,1593.95,North,Lucknow,Debit Card,2024-04,6375.8
4465,107221,2025-06-19,Home & Kitchen,Air Fryer,1,2406.26,South,Bangalore,UPI,2025-06,2406.26
4466,102620,2024-06-06,Electronics,Laptop,4,1984.29,South,Chennai,Cash on Delivery,2024-06,7937.16
4467,137129,2025-03-21,Sports,Yoga Mat,4,2085.7,South,Hyderabad,UPI,2025-03,8342.8
4468,105817,2024-07-24,Books,Biography,4,407.88,West,Mumbai,Cash on Delivery,2024-07,1631.52
4469,182919,2025-02-17,Books,Self-Help Book,2,2906.95,South,Bangalore,Debit Card,2025-02,5813.9
4470,207808,2024-06-03,Sports,Cricket Bat,4,975.99,South,Chennai,Credit Card,2024-06,3903.96
4471,222335,2025-05-03,Home & Kitchen,Mixer Grinder,2,866.39,East,Bhubaneswar,Net Banking,2025-05,1732.78
4472,207942,2025-03-15,Books,Biography,3,1736.52,North,Jaipur,Cash on Delivery,2025-03,5209.56
4473,222155,2024-04-02,Home & Kitchen,Air Fryer,3,2723.51,North,Lucknow,Net Banking,2024-04,8170.53
4474,200361,2025-03-10,Electronics,Smartphone,3,1402.31,West,Ahmedabad,UPI,2025-03,4206.93
4475,145075,2024-10-03,Books,Biography,5,591.23,South,Hyderabad,Debit Card,2024-10,2956.15
4476,230112,2025-04-26,Fashion,Saree,5,2250.29,North,Lucknow,UPI,2025-04,11251.45
4477,205713,2025-01-27,Books,Textbook,5,1174.43,North,Delhi,Net Banking,2025-01,5872.15
4478,153603,2024-03-04,Home & Kitchen,Lamp,3,2129.4,West,Surat,Net Banking,2024-03,6388.2
4479,113925,2024-07-22,Books,Fiction Novel,2,1027.7,East,Kolkata,UPI,2024-07,2055.4
4480,171572,2025-02-26,Beauty,Sunscreen,2,2360.05,South,Hyderabad,UPI,2025-02,4720.1
4481,189390,2024-05-10,Home & Kitchen,Lamp,2,1883.06,North,Lucknow,UPI,2024-05,3766.12
4482,172494,2025-06-13,Fashion,Sneakers,1,1760.3,West,Pune,UPI,2025-06,1760.3
4483,167753,2025-01-30,Books,Textbook,4,1983.15,West,Ahmedabad,UPI,2025-01,7932.6
4484,164103,2024-03-27,Electronics,Laptop,5,1795.55,East,Patna,Cash on Delivery,2024-03,8977.75
4485,135924,2025-09-07,Home & Kitchen,Lamp,4,662.05,West,Surat,UPI,2025-09,2648.2
4486,151717,2024-03-14,Home & Kitchen,Mixer Grinder,4,3074.63,East,Patna,UPI,2024-03,12298.52
4487,179856,2025-02-11,Beauty,Sunscreen,4,767.65,North,Chandigarh,UPI,2025-02,3070.6
4488,148849,2024-04-20,Fashion,Saree,4,3976.92,North,Jaipur,Credit Card,2024-04,15907.68
4489,211609,2024-08-11,Beauty,Perfume,3,1494.02,South,Chennai,Debit Card,2024-08,4482.06
4490,229039,2024-07-02,Home & Kitchen,Bedsheet,3,1980.22,South,Bangalore,UPI,2024-07,5940.66
4491,226594,2025-07-19,Fashion,Jeans,4,1456.33,East,Bhubaneswar,Net Banking,2025-07,5825.32
4492,177540,2025-06-29,Fashion,Jeans,4,135.06,North,Lucknow,UPI,2025-06,540.24
4493,179630,2024-12-04,Sports,Cycling Helmet,4,1840.04,West,Surat,UPI,2024-12,7360.16
4494,165939,2025-03-23,Fashion,Jeans,4,2588.51,West,Ahmedabad,Debit Card,2025-03,10354.04
4495,249253,2024-04-09,Fashion,Sneakers,3,1312.74,West,Pune,Credit Card,2024-04,3938.22
4496,106679,2024-01-30,Beauty,Lipstick,4,1969.24,North,Chandigarh,Debit Card,2024-01,7876.96
4497,128405,2024-11-01,Fashion,Jeans,4,354.28,South,Chennai,UPI,2024-11,1417.12
4498,234132,2024-02-13,Home & Kitchen,Cookware Set,5,649.07,South,Bangalore,Debit Card,2024-02,3245.35
4499,221486,2024-10-02,Fashion,Jeans,1,888.39,West,Ahmedabad,UPI,2024-10,888.39
4500,132250,2024-11-18,Home & Kitchen,Bedsheet,3,2206.48,South,Bangalore,Net Banking,2024-11,6619.44
4501,165592,2025-06-03,Sports,Football,2,3215.97,East,Bhubaneswar,Cash on Delivery,2025-06,6431.94
4502,145227,2025-08-18,Beauty,Sunscreen,4,2431.28,West,Pune,Debit Card,2025-08,9725.12
4503,130092,2024-10-12,Books,Fiction Novel,1,2424.56,North,Lucknow,Debit Card,2024-10,2424.56
4504,223218,2025-07-06,Sports,Football,5,1600.98,North,Jaipur,UPI,2025-07,8004.9
4505,243680,2025-09-01,Electronics,Laptop,2,1150.66,South,Bangalore,Credit Card,2025-09,2301.32
4506,170550,2024-02-27,Home & Kitchen,Mixer Grinder,5,401.58,East,Kolkata,Debit Card,2024-02,2007.9
4507,175765,2025-07-04,Fashion,Jeans,3,3161.73,East,Guwahati,Cash on Delivery,2025-07,9485.19
4508,129888,2025-07-09,Beauty,Perfume,4,990.9,South,Hyderabad,UPI,2025-07,3963.6
4509,236138,2024-12-16,Fashion,Sneakers,5,2134.23,East,Bhubaneswar,Credit Card,2024-12,10671.15
4510,239059,2024-07-19,Books,Fiction Novel,4,722.45,West,Surat,Debit Card,2024-07,2889.8
4511,118260,2025-07-17,Fashion,T-Shirt,3,1414.69,West,Pune,Net Banking,2025-07,4244.07
4512,132456,2024-03-16,Beauty,Shampoo,1,1639.83,West,Ahmedabad,Credit Card,2024-03,1639.83
4513,170410,2025-06-07,Electronics,Smartwatch,2,2176.91,West,Surat,UPI,2025-06,4353.82
4514,171775,2024-09-05,Books,Biography,5,1766.43,East,Guwahati,Debit Card,2024-09,8832.15
4515,140727,2024-12-13,Books,Biography,4,2114.21,West,Mumbai,UPI,2024-12,8456.84
4516,203613,2025-04-28,Sports,Cricket Bat,1,3010.78,East,Kolkata,UPI,2025-04,3010.78
4517,210184,2024-08-19,Home & Kitchen,Air Fryer,1,922.74,South,Hyderabad,Credit Card,2024-08,922.74
4518,155612,2025-05-01,Electronics,Headphones,2,559.26,West,Surat,UPI,2025-05,1118.52
4519,153122,2025-03-19,Sports,Cricket Bat,4,885.43,North,Chandigarh,Cash on Delivery,2025-03,3541.72
4520,103507,2024-08-11,Home & Kitchen,Cookware Set,5,949.51,South,Hyderabad,Cash on Delivery,2024-08,4747.55
4521,156729,2024-05-31,Books,Textbook,2,1314.75,South,Hyderabad,UPI,2024-05,2629.5
4522,211308,2025-02-18,Sports,Dumbbells,3,1792.33,North,Lucknow,Credit Card,2025-02,5376.99
4523,146149,2024-01-20,Beauty,Sunscreen,3,2301.81,South,Hyderabad,Net Banking,2024-01,6905.43
4524,112607,2025-06-15,Books,Comic,4,1820.37,East,Guwahati,Cash on Delivery,2025-06,7281.48
4525,193141,2024-09-30,Sports,Cricket Bat,2,1548.65,East,Kolkata,Credit Card,2024-09,3097.3
4526,174243,2025-04-13,Home & Kitchen,Lamp,5,1959.9,West,Pune,Credit Card,2025-04,9799.5
4527,121064,2024-01-16,Electronics,Smartphone,5,2631.82,South,Hyderabad,UPI,2024-01,13159.1
4528,242692,2024-07-14,Electronics,Laptop,2,1851.96,North,Delhi,UPI,2024-07,3703.92
4529,166471,2025-02-04,Home & Kitchen,Lamp,3,495.75,West,Pune,UPI,2025-02,1487.25
4530,230866,2024-06-14,Beauty,Lipstick,2,2488.73,West,Mumbai,Credit Card,2024-06,4977.46
4531,176785,2024-01-07,Electronics,Smartwatch,2,2066.12,West,Surat,Debit Card,2024-01,4132.24
4532,133519,2025-02-02,Electronics,Laptop,4,2031.77,North,Chandigarh,Cash on Delivery,2025-02,8127.08
4533,191034,2024-01-12,Sports,Dumbbells,1,1506.77,South,Chennai,Net Banking,2024-01,1506.77
4534,228992,2024-03-30,Sports,Yoga Mat,1,2592.99,South,Kochi,UPI,2024-03,2592.99
4535,191878,2025-08-21,Electronics,Laptop,4,1141.3,West,Mumbai,UPI,2025-08,4565.2
4536,246050,2024-05-17,Beauty,Moisturizer,3,222.95,North,Delhi,UPI,2024-05,668.85
4537,232416,2024-11-10,Electronics,Smartwatch,4,1562.78,South,Chennai,Debit Card,2024-11,6251.12
4538,231657,2024-03-01,Sports,Cycling Helmet,3,2568.57,West,Ahmedabad,Net Banking,2024-03,7705.71
4539,108640,2025-01-09,Books,Self-Help Book,4,2589.15,East,Patna,Cash on Delivery,2025-01,10356.6
4540,126206,2024-08-30,Books,Biography,2,1322.79,East,Kolkata,Credit Card,2024-08,2645.58
4541,165688,2025-01-28,Beauty,Perfume,5,1950.88,North,Delhi,Credit Card,2025-01,9754.4
4542,144539,2024-04-11,Beauty,Shampoo,1,1351.15,East,Guwahati,Credit Card,2024-04,1351.15
4543,188657,2024-10-09,Books,Self-Help Book,4,159.26,West,Pune,Net Banking,2024-10,637.04
4544,149585,2024-07-30,Beauty,Sunscreen,1,737.28,East,Patna,UPI,2024-07,737.28
4545,244605,2025-01-13,Home & Kitchen,Air Fryer,4,50.0,West,Ahmedabad,Debit Card,2025-01,200.0
4546,190230,2025-08-28,Sports,Yoga Mat,3,1237.72,West,Pune,UPI,2025-08,3713.16
4547,234842,2024-03-16,Beauty,Sunscreen,3,123.86,South,Hyderabad,Net Banking,2024-03,371.58
4548,248794,2024-11-14,Books,Fiction Novel,2,1177.31,North,Chandigarh,Cash on Delivery,2024-11,2354.62
4549,184543,2024-01-27,Beauty,Sunscreen,2,628.29,South,Chennai,UPI,2024-01,1256.58
4550,190035,2025-05-11,Books,Textbook,5,2208.17,East,Patna,Debit Card,2025-05,11040.85
4551,194431,2024-06-28,Electronics,Headphones,2,1148.34,East,Kolkata,Net Banking,2024-06,2296.68
4552,236444,2024-10-28,Electronics,Smartwatch,1,129.78,North,Lucknow,UPI,2024-10,129.78
4553,101976,2025-09-19,Electronics,Tablet,5,2557.53,South,Chennai,UPI,2025-09,12787.65
4554,146327,2025-06-07,Beauty,Lipstick,5,1721.86,East,Patna,UPI,2025-06,8609.3
4555,101011,2025-08-19,Sports,Dumbbells,5,484.6,West,Surat,Cash on Delivery,2025-08,2423.0
4556,218515,2025-07-24,Fashion,Jeans,5,264.62,South,Hyderabad,UPI,2025-07,1323.1
4557,246435,2025-09-14,Electronics,Laptop,3,3212.04,North,Lucknow,Credit Card,2025-09,9636.12
4558,155603,2024-12-24,Books,Biography,5,2726.67,North,Chandigarh,UPI,2024-12,13633.35
4559,203340,2025-05-10,Sports,Football,2,366.12,North,Jaipur,Credit Card,2025-05,732.24
4560,221753,2024-11-08,Beauty,Perfume,5,1539.74,East,Bhubaneswar,Cash on Delivery,2024-11,7698.7
4561,241480,2024-01-06,Home & Kitchen,Lamp,4,2375.98,West,Ahmedabad,Net Banking,2024-01,9503.92
4562,246631,2025-07-10,Home & Kitchen,Bedsheet,5,321.37,East,Kolkata,Credit Card,2025-07,1606.85
4563,162039,2025-07-28,Electronics,Headphones,4,1558.59,North,Chandigarh,UPI,2025-07,6234.36
4564,188037,2024-10-06,Fashion,Saree,2,1139.33,East,Bhubaneswar,UPI,2024-10,2278.66
4565,193205,2025-02-23,Books,Self-Help Book,4,2258.77,East,Kolkata,UPI,2025-02,9035.08
4566,184185,2024-01-12,Home & Kitchen,Cookware Set,4,685.82,South,Kochi,Credit Card,2024-01,2743.28
4567,193026,2025-02-28,Sports,Cycling Helmet,3,1519.86,South,Hyderabad,UPI,2025-02,4559.58
4568,192102,2024-01-10,Sports,Cricket Bat,2,1570.81,West,Ahmedabad,Credit Card,2024-01,3141.62
4569,190906,2024-07-07,Fashion,Saree,1,2473.79,North,Jaipur,Debit Card,2024-07,2473.79
4570,155439,2025-07-14,Fashion,Jacket,5,803.87,South,Kochi,UPI,2025-07,4019.35
4571,217590,2024-10-22,Sports,Yoga Mat,3,2141.77,West,Ahmedabad,Debit Card,2024-10,6425.31
4572,189012,2024-01-19,Electronics,Smartphone,5,802.43,South,Bangalore,Credit Card,2024-01,4012.15
4573,199487,2024-03-09,Home & Kitchen,Mixer Grinder,5,50.0,South,Kochi,Credit Card,2024-03,250.0
4574,193215,2024-06-29,Books,Fiction Novel,1,1185.45,East,Guwahati,UPI,2024-06,1185.45
4575,130834,2025-06-25,Sports,Dumbbells,3,1568.94,East,Kolkata,Net Banking,2025-06,4706.82
4576,129292,2025-01-04,Sports,Dumbbells,5,2810.79,East,Patna,Credit Card,2025-01,14053.95
4577,172498,2024-07-28,Electronics,Smartwatch,3,604.75,West,Mumbai,Debit Card,2024-07,1814.25
4578,214185,2025-09-17,Fashion,Jacket,3,1387.52,West,Pune,Credit Card,2025-09,4162.56
4579,143310,2024-11-08,Fashion,Jeans,5,1868.36,East,Kolkata,Credit Card,2024-11,9341.8
4580,233469,2024-05-17,Fashion,T-Shirt,2,2236.6,South,Hyderabad,Credit Card,2024-05,4473.2
4581,151609,2024-01-23,Fashion,Sneakers,4,2137.43,North,Lucknow,Credit Card,2024-01,8549.72
4582,146644,2024-04-08,Books,Fiction Novel,1,1240.15,North,Jaipur,Debit Card,2024-04,1240.15
4583,216810,2025-03-09,Electronics,Laptop,4,975.85,West,Pune,Cash on Delivery,2025-03,3903.4
4584,234736,2024-09-22,Sports,Football,3,50.0,East,Bhubaneswar,UPI,2024-09,150.0
4585,103825,2025-02-14,Beauty,Sunscreen,1,4082.03,South,Kochi,Cash on Delivery,2025-02,4082.03
4586,103822,2025-09-20,Beauty,Moisturizer,2,1286.19,South,Hyderabad,Net Banking,2025-09,2572.38
4587,236744,2025-03-10,Fashion,Sneakers,4,3275.7,South,Kochi,UPI,2025-03,13102.8
4588,147887,2025-06-06,Fashion,Jacket,2,1442.5,North,Chandigarh,UPI,2025-06,2885.0
4589,107448,2024-07-12,Beauty,Shampoo,1,2386.41,East,Patna,UPI,2024-07,2386.41
4590,249223,2024-08-09,Fashion,Sneakers,4,1894.91,West,Ahmedabad,UPI,2024-08,7579.64
4591,101231,2025-03-01,Sports,Football,4,1200.14,West,Surat,Net Banking,2025-03,4800.56
4592,187251,2025-05-12,Electronics,Laptop,4,2787.88,North,Jaipur,UPI,2025-05,11151.52
4593,216298,2024-10-03,Electronics,Smartphone,4,2606.31,West,Pune,Debit Card,2024-10,10425.24
4594,128699,2025-09-20,Sports,Yoga Mat,2,2365.99,North,Delhi,Credit Card,2025-09,4731.98
4595,155632,2024-10-03,Beauty,Shampoo,3,1530.01,North,Jaipur,Debit Card,2024-10,4590.03
4596,101681,2024-05-05,Electronics,Headphones,3,729.12,West,Ahmedabad,UPI,2024-05,2187.36
4597,150411,2024-03-06,Books,Textbook,3,4403.85,South,Bangalore,UPI,2024-03,13211.55
4598,154085,2024-10-26,Electronics,Headphones,1,879.67,North,Chandigarh,Credit Card,2024-10,879.67
4599,141210,2025-09-24,Books,Textbook,5,1212.72,North,Chandigarh,Cash on Delivery,2025-09,6063.6
4600,109680,2024-06-04,Sports,Cycling Helmet,1,1093.96,West,Ahmedabad,UPI,2024-06,1093.96
4601,229677,2024-04-22,Books,Biography,3,2143.4,East,Guwahati,UPI,2024-04,6430.2
4602,167374,2024-01-06,Books,Comic,2,798.37,East,Guwahati,Credit Card,2024-01,1596.74
4603,158252,2024-04-07,Fashion,Saree,3,2031.14,North,Jaipur,UPI,2024-04,6093.42
4604,230275,2024-03-17,Sports,Cricket Bat,1,1371.68,East,Bhubaneswar,Debit Card,2024-03,1371.68
4605,169854,2025-09-21,Fashion,Jeans,4,1373.22,West,Surat,Debit Card,2025-09,5492.88
4606,217680,2024-08-22,Home & Kitchen,Air Fryer,4,1333.07,West,Surat,Credit Card,2024-08,5332.28
4607,219639,2024-07-29,Fashion,Jacket,2,2261.72,South,Hyderabad,UPI,2024-07,4523.44
4608,157904,2024-11-11,Home & Kitchen,Cookware Set,2,656.33,South,Chennai,Debit Card,2024-11,1312.66
4609,133334,2024-05-29,Books,Comic,4,1027.6,North,Lucknow,UPI,2024-05,4110.4
4610,143300,2024-02-08,Home & Kitchen,Mixer Grinder,4,2854.17,South,Bangalore,Debit Card,2024-02,11416.68
4611,218429,2025-06-27,Electronics,Tablet,3,1326.63,East,Bhubaneswar,UPI,2025-06,3979.89
4612,135071,2025-07-28,Fashion,Sneakers,5,2175.32,West,Surat,Credit Card,2025-07,10876.6
4613,101819,2025-05-12,Sports,Yoga Mat,4,50.0,East,Bhubaneswar,UPI,2025-05,200.0
4614,165127,2024-10-06,Beauty,Shampoo,2,1707.75,South,Hyderabad,Cash on Delivery,2024-10,3415.5
4615,228129,2024-07-27,Beauty,Moisturizer,5,2486.6,East,Guwahati,Debit Card,2024-07,12433.0
4616,224426,2025-05-27,Home & Kitchen,Air Fryer,5,1707.82,North,Delhi,Debit Card,2025-05,8539.1
4617,227701,2025-06-22,Fashion,Jacket,1,2512.28,West,Surat,UPI,2025-06,2512.28
4618,169699,2024-08-31,Beauty,Lipstick,2,1251.15,South,Chennai,Net Banking,2024-08,2502.3
4619,197148,2025-05-15,Beauty,Shampoo,5,1500.89,South,Hyderabad,Debit Card,2025-05,7504.45
4620,133974,2025-05-10,Books,Comic,2,1210.66,East,Patna,Credit Card,2025-05,2421.32
4621,217938,2025-05-17,Beauty,Moisturizer,5,1004.67,West,Mumbai,Credit Card,2025-05,5023.35
4622,123670,2024-09-25,Books,Comic,1,667.43,South,Bangalore,UPI,2024-09,667.43
4623,175652,2024-03-13,Sports,Cycling Helmet,2,872.37,West,Surat,Credit Card,2024-03,1744.74
4624,214890,2025-07-14,Electronics,Tablet,5,1497.37,West,Pune,UPI,2025-07,7486.85
4625,122428,2025-04-23,Home & Kitchen,Mixer Grinder,1,3230.65,North,Jaipur,Debit Card,2025-04,3230.65
4626,135909,2024-04-10,Home & Kitchen,Air Fryer,2,1811.14,East,Bhubaneswar,UPI,2024-04,3622.28
4627,152304,2025-08-13,Electronics,Headphones,3,1654.96,North,Lucknow,Credit Card,2025-08,4964.88
4628,102847,2025-01-28,Fashion,Saree,2,2298.3,West,Pune,UPI,2025-01,4596.6
4629,154854,2024-05-07,Sports,Cycling Helmet,2,486.34,West,Mumbai,Net Banking,2024-05,972.68
4630,207005,2025-09-29,Home & Kitchen,Air Fryer,1,1229.24,North,Lucknow,Debit Card,2025-09,1229.24
4631,142498,2024-07-11,Electronics,Headphones,1,1050.57,North,Lucknow,Credit Card,2024-07,1050.57
4632,169697,2024-02-25,Fashion,T-Shirt,3,1479.47,West,Surat,UPI,2024-02,4438.41
4633,118618,2025-08-16,Fashion,Jeans,2,50.0,North,Jaipur,Credit Card,2025-08,100.0
4634,129070,2024-11-22,Fashion,Sneakers,5,939.0,South,Bangalore,Credit Card,2024-11,4695.0
4635,203668,2025-06-05,Electronics,Tablet,2,1929.29,East,Guwahati,Debit Card,2025-06,3858.58
4636,246041,2024-05-18,Sports,Football,2,1794.44,North,Lucknow,UPI,2024-05,3588.88
4637,207405,2025-02-23,Sports,Cricket Bat,4,1346.43,East,Bhubaneswar,Credit Card,2025-02,5385.72
4638,161944,2024-03-29,Home & Kitchen,Mixer Grinder,3,2499.91,East,Bhubaneswar,Debit Card,2024-03,7499.73
4639,176096,2024-11-12,Beauty,Sunscreen,4,1951.2,North,Lucknow,UPI,2024-11,7804.8
4640,181748,2025-04-09,Books,Biography,5,50.0,North,Chandigarh,UPI,2025-04,250.0
4641,151497,2024-02-20,Books,Biography,1,1836.09,West,Mumbai,UPI,2024-02,1836.09
4642,167996,2025-08-17,Electronics,Headphones,1,1830.88,South,Bangalore,Debit Card,2025-08,1830.88
4643,224781,2024-11-09,Books,Self-Help Book,3,478.37,North,Lucknow,Net Banking,2024-11,1435.11
4644,240750,2025-07-09,Electronics,Smartwatch,1,677.2,West,Pune,Debit Card,2025-07,677.2
4645,169032,2024-12-03,Electronics,Smartphone,1,681.67,North,Chandigarh,Credit Card,2024-12,681.67
4646,109793,2025-07-25,Home & Kitchen,Bedsheet,4,1352.76,South,Hyderabad,Credit Card,2025-07,5411.04
4647,185720,2024-09-08,Sports,Football,1,50.0,North,Lucknow,Cash on Delivery,2024-09,50.0
4648,164673,2025-02-15,Electronics,Smartphone,5,1349.25,East,Guwahati,Net Banking,2025-02,6746.25
4649,163921,2024-07-03,Fashion,Sneakers,4,1329.17,South,Bangalore,UPI,2024-07,5316.68
4650,111886,2024-10-02,Fashion,Sneakers,5,770.52,West,Pune,UPI,2024-10,3852.6
4651,208313,2024-05-02,Home & Kitchen,Lamp,3,1377.43,East,Patna,UPI,2024-05,4132.29
4652,151524,2024-10-01,Books,Textbook,1,536.33,West,Ahmedabad,Credit Card,2024-10,536.33
4653,208080,2025-05-28,Fashion,Jacket,1,394.68,South,Kochi,Cash on Delivery,2025-05,394.68
4654,228023,2024-12-15,Fashion,Sneakers,1,1427.96,South,Chennai,Cash on Delivery,2024-12,1427.96
4655,244646,2025-09-08,Electronics,Headphones,1,1029.39,South,Kochi,Net Banking,2025-09,1029.39
4656,230205,2024-06-14,Fashion,Jeans,3,1722.59,West,Ahmedabad,Cash on Delivery,2024-06,5167.77
4657,233930,2024-06-06,Electronics,Laptop,5,807.16,North,Jaipur,UPI,2024-06,4035.8
4658,166639,2025-02-25,Beauty,Perfume,1,1261.88,West,Ahmedabad,Credit Card,2025-02,1261.88
4659,141356,2025-04-26,Home & Kitchen,Air Fryer,1,515.1,North,Chandigarh,UPI,2025-04,515.1
4660,101229,2024-11-15,Home & Kitchen,Air Fryer,1,2026.03,West,Pune,Net Banking,2024-11,2026.03
4661,211738,2024-03-01,Sports,Cricket Bat,5,1909.66,South,Kochi,Credit Card,2024-03,9548.3
4662,161560,2025-03-09,Beauty,Sunscreen,5,50.0,East,Guwahati,UPI,2025-03,250.0
4663,177222,2024-07-10,Electronics,Headphones,4,708.09,West,Mumbai,Net Banking,2024-07,2832.36
4664,148057,2025-05-09,Home & Kitchen,Cookware Set,2,2924.5,North,Chandigarh,Credit Card,2025-05,5849.0
4665,114070,2024-11-30,Fashion,Jacket,1,677.68,East,Guwahati,Credit Card,2024-11,677.68
4666,154703,2024-10-28,Sports,Yoga Mat,1,461.78,South,Bangalore,Credit Card,2024-10,461.78
4667,208941,2024-07-11,Fashion,Jeans,3,2551.97,South,Kochi,UPI,2024-07,7655.91
4668,172308,2024-08-15,Electronics,Headphones,2,1162.51,South,Chennai,Debit Card,2024-08,2325.02
4669,210488,2024-12-12,Sports,Yoga Mat,2,2055.35,South,Hyderabad,Net Banking,2024-12,4110.7
4670,203508,2024-07-25,Home & Kitchen,Bedsheet,1,1556.41,East,Guwahati,UPI,2024-07,1556.41
4671,231596,2024-06-20,Electronics,Laptop,1,2901.84,North,Chandigarh,UPI,2024-06,2901.84
4672,227446,2025-01-20,Sports,Cycling Helmet,3,1963.89,West,Pune,UPI,2025-01,5891.67
4673,208712,2024-10-01,Fashion,T-Shirt,1,1499.06,South,Chennai,UPI,2024-10,1499.06
4674,136506,2024-09-05,Books,Fiction Novel,3,50.0,North,Chandigarh,UPI,2024-09,150.0
4675,192040,2024-10-29,Sports,Dumbbells,5,1868.85,East,Bhubaneswar,UPI,2024-10,9344.25
4676,200325,2025-06-22,Home & Kitchen,Bedsheet,4,905.86,East,Patna,Debit Card,2025-06,3623.44
4677,137341,2024-05-23,Beauty,Moisturizer,4,50.0,East,Bhubaneswar,Net Banking,2024-05,200.0
4678,208425,2024-08-26,Beauty,Shampoo,2,2073.41,South,Hyderabad,Net Banking,2024-08,4146.82
4679,122400,2024-10-01,Beauty,Shampoo,1,50.0,South,Chennai,Credit Card,2024-10,50.0
4680,242536,2025-04-25,Electronics,Tablet,1,1099.18,North,Delhi,UPI,2025-04,1099.18
4681,109040,2024-03-01,Fashion,Jeans,3,1512.38,North,Chandigarh,Net Banking,2024-03,4537.14
4682,185472,2025-02-01,Fashion,Sneakers,5,585.58,North,Delhi,UPI,2025-02,2927.9
4683,212468,2024-07-31,Sports,Football,1,1622.14,West,Pune,Debit Card,2024-07,1622.14
4684,144187,2025-06-01,Electronics,Smartphone,4,2131.56,West,Surat,UPI,2025-06,8526.24
4685,127482,2024-05-28,Beauty,Sunscreen,1,1932.18,South,Bangalore,Cash on Delivery,2024-05,1932.18
4686,223350,2025-07-03,Sports,Yoga Mat,4,675.9,East,Guwahati,UPI,2025-07,2703.6
4687,100610,2024-08-12,Books,Comic,4,3161.51,West,Surat,Cash on Delivery,2024-08,12646.04
4688,112010,2024-02-04,Fashion,Jeans,5,875.49,South,Chennai,UPI,2024-02,4377.45
4689,221790,2025-02-06,Electronics,Smartphone,2,50.0,North,Jaipur,Cash on Delivery,2025-02,100.0
4690,240175,2025-06-21,Sports,Yoga Mat,2,2475.5,North,Lucknow,Credit Card,2025-06,4951.0
4691,156684,2024-07-17,Electronics,Tablet,3,423.08,East,Patna,Credit Card,2024-07,1269.24
4692,249754,2025-08-08,Electronics,Tablet,5,1163.55,North,Delhi,UPI,2025-08,5817.75
4693,128977,2025-03-22,Books,Fiction Novel,3,1590.92,South,Hyderabad,Debit Card,2025-03,4772.76
4694,238715,2024-10-13,Books,Fiction Novel,1,1780.04,South,Kochi,Debit Card,2024-10,1780.04
4695,242851,2024-01-31,Sports,Football,4,1112.76,South,Kochi,UPI,2024-01,4451.04
4696,140132,2025-04-22,Books,Fiction Novel,5,1657.75,North,Jaipur,Net Banking,2025-04,8288.75
4697,115904,2025-01-19,Electronics,Smartwatch,1,711.68,South,Bangalore,Cash on Delivery,2025-01,711.68
4698,214769,2024-08-25,Electronics,Smartwatch,3,1741.35,North,Lucknow,UPI,2024-08,5224.05
4699,248717,2025-09-21,Fashion,Sneakers,2,883.01,East,Bhubaneswar,Cash on Delivery,2025-09,1766.02
4700,240198,2025-01-14,Electronics,Headphones,1,2030.9,South,Hyderabad,UPI,2025-01,2030.9
4701,159457,2025-02-22,Books,Textbook,1,50.0,East,Guwahati,Debit Card,2025-02,50.0
4702,214855,2025-07-26,Electronics,Laptop,2,1378.19,North,Lucknow,Debit Card,2025-07,2756.38
4703,244322,2024-01-08,Beauty,Shampoo,3,2234.38,South,Hyderabad,Debit Card,2024-01,6703.14
4704,215479,2025-07-17,Books,Fiction Novel,5,472.08,East,Kolkata,Cash on Delivery,2025-07,2360.4
4705,225562,2025-03-01,Sports,Dumbbells,4,1810.39,East,Kolkata,Credit Card,2025-03,7241.56
4706,191422,2025-07-16,Fashion,Saree,4,50.0,West,Pune,Credit Card,2025-07,200.0
4707,210388,2024-01-22,Home & Kitchen,Cookware Set,3,1518.52,North,Lucknow,Cash on Delivery,2024-01,4555.56
4708,118860,2024-09-11,Beauty,Shampoo,3,907.02,West,Surat,Net Banking,2024-09,2721.06
4709,198416,2024-12-29,Sports,Yoga Mat,2,723.27,West,Mumbai,Credit Card,2024-12,1446.54
4711,136183,2025-08-13,Fashion,Jacket,2,1280.4,South,Kochi,Credit Card,2025-08,2560.8
4712,109785,2024-10-16,Sports,Cycling Helmet,5,722.45,West,Surat,UPI,2024-10,3612.25
4713,234905,2025-05-09,Books,Fiction Novel,4,912.12,East,Patna,UPI,2025-05,3648.48
4714,135941,2024-05-08,Home & Kitchen,Mixer Grinder,1,226.3,North,Delhi,Debit Card,2024-05,226.3
4715,167717,2025-06-20,Electronics,Laptop,2,2568.47,East,Guwahati,UPI,2025-06,5136.94
4716,187859,2025-04-09,Beauty,Lipstick,1,1070.56,North,Delhi,UPI,2025-04,1070.56
4717,196978,2024-11-12,Books,Comic,3,1828.95,South,Chennai,Credit Card,2024-11,5486.85
4719,173598,2024-08-22,Home & Kitchen,Air Fryer,3,842.82,East,Bhubaneswar,UPI,2024-08,2528.46
4721,234164,2024-11-17,Beauty,Lipstick,2,1107.65,North,Jaipur,Debit Card,2024-11,2215.3
4722,190776,2024-09-16,Sports,Football,4,50.0,North,Jaipur,Credit Card,2024-09,200.0
4723,153943,2024-09-29,Books,Self-Help Book,1,2108.11,North,Delhi,Debit Card,2024-09,2108.11
4724,230887,2025-05-23,Electronics,Smartphone,2,469.09,South,Bangalore,UPI,2025-05,938.18
4725,244926,2025-05-09,Fashion,Jeans,1,2437.22,South,Bangalore,Debit Card,2025-05,2437.22
4726,193886,2025-09-17,Home & Kitchen,Bedsheet,5,298.37,East,Guwahati,Credit Card,2025-09,1491.85
4727,125976,2025-07-03,Electronics,Tablet,1,2774.42,West,Mumbai,Debit Card,2025-07,2774.42
4728,121562,2024-02-13,Books,Comic,4,1758.58,North,Chandigarh,Cash on Delivery,2024-02,7034.32
4729,101622,2024-09-19,Electronics,Tablet,5,223.75,West,Surat,Debit Card,2024-09,1118.75
4730,158370,2025-08-24,Beauty,Sunscreen,2,1408.34,West,Ahmedabad,Cash on Delivery,2025-08,2816.68
4731,128674,2024-12-07,Books,Textbook,5,1097.49,South,Bangalore,Credit Card,2024-12,5487.45
4732,247646,2024-07-11,Sports,Cricket Bat,3,1485.5,East,Guwahati,UPI,2024-07,4456.5
4733,209966,2024-02-07,Sports,Yoga Mat,2,150.14,South,Kochi,Net Banking,2024-02,300.28
4734,220505,2024-12-20,Fashion,T-Shirt,4,1371.15,East,Kolkata,Debit Card,2024-12,5484.6
4735,170017,2024-01-06,Sports,Cycling Helmet,5,1770.91,East,Bhubaneswar,Debit Card,2024-01,8854.55
4736,162898,2025-01-05,Home & Kitchen,Air Fryer,4,841.51,East,Kolkata,UPI,2025-01,3366.04
4737,183753,2025-04-23,Electronics,Smartwatch,3,950.11,North,Jaipur,Debit Card,2025-04,2850.33
4738,118476,2025-01-12,Home & Kitchen,Cookware Set,2,2461.32,East,Bhubaneswar,UPI,2025-01,4922.64
4739,103521,2024-03-18,Home & Kitchen,Lamp,3,2458.77,South,Chennai,UPI,2024-03,7376.31
4740,180151,2024-08-13,Beauty,Lipstick,5,633.18,North,Lucknow,UPI,2024-08,3165.9
4741,238678,2024-01-01,Fashion,Jacket,4,50.0,South,Chennai,UPI,2024-01,200.0
4742,105705,2024-12-19,Home & Kitchen,Air Fryer,3,2245.48,West,Ahmedabad,Credit Card,2024-12,6736.44
4743,238584,2025-06-07,Home & Kitchen,Mixer Grinder,5,1639.96,West,Pune,UPI,2025-06,8199.8
4744,197884,2024-01-31,Fashion,Jeans,3,2263.83,East,Bhubaneswar,UPI,2024-01,6791.49
4745,100643,2024-06-01,Sports,Football,1,1453.77,West,Pune,UPI,2024-06,1453.77
4746,145003,2025-07-01,Fashion,T-Shirt,2,1471.77,North,Lucknow,Debit Card,2025-07,2943.54
4747,153057,2024-01-02,Sports,Cycling Helmet,2,2109.89,North,Jaipur,UPI,2024-01,4219.78
4748,208070,2024-05-27,Fashion,T-Shirt,3,2485.07,East,Kolkata,UPI,2024-05,7455.21
4749,218643,2025-09-09,Books,Self-Help Book,1,1302.75,West,Pune,Debit Card,2025-09,1302.75
4750,184519,2024-02-15,Home & Kitchen,Cookware Set,5,2563.18,South,Bangalore,Net Banking,2024-02,12815.9
4751,104642,2025-08-28,Electronics,Headphones,3,1426.42,West,Pune,UPI,2025-08,4279.26
4752,136756,2024-11-30,Electronics,Smartphone,4,50.0,East,Bhubaneswar,Debit Card,2024-11,200.0
4753,161116,2025-06-06,Sports,Cycling Helmet,3,766.74,South,Hyderabad,Cash on Delivery,2025-06,2300.22
4754,198854,2024-03-26,Books,Biography,5,605.05,East,Guwahati,Debit Card,2024-03,3025.25
4755,202664,2025-05-13,Fashion,T-Shirt,2,1869.67,East,Guwahati,Credit Card,2025-05,3739.34
4756,136099,2024-08-10,Beauty,Perfume,1,2042.05,South,Kochi,UPI,2024-08,2042.05
4757,211768,2024-03-28,Beauty,Sunscreen,4,829.96,South,Chennai,Net Banking,2024-03,3319.84
4758,170935,2025-07-27,Electronics,Headphones,1,1939.12,West,Surat,UPI,2025-07,1939.12
4759,169414,2024-12-06,Home & Kitchen,Air Fryer,1,388.3,East,Guwahati,Cash on Delivery,2024-12,388.3
4760,231611,2025-05-22,Sports,Football,5,1015.93,West,Pune,UPI,2025-05,5079.65
4761,109383,2024-09-01,Books,Fiction Novel,5,2815.34,North,Lucknow,Net Banking,2024-09,14076.7
4762,163173,2024-06-23,Books,Fiction Novel,1,1931.5,South,Hyderabad,Credit Card,2024-06,1931.5
4763,243200,2024-03-03,Electronics,Smartphone,4,741.79,West,Surat,Cash on Delivery,2024-03,2967.16
4764,162622,2024-03-01,Fashion,Saree,4,1749.3,South,Bangalore,UPI,2024-03,6997.2
4765,221816,2025-10-01,Home & Kitchen,Bedsheet,4,1386.58,East,Bhubaneswar,Cash on Delivery,2025-10,5546.32
4766,173098,2025-07-03,Electronics,Headphones,5,1663.79,South,Hyderabad,Cash on Delivery,2025-07,8318.95
4767,246229,2024-07-06,Beauty,Shampoo,3,1057.78,West,Ahmedabad,Credit Card,2024-07,3173.34
4768,147327,2024-08-28,Electronics,Laptop,1,2724.0,East,Guwahati,UPI,2024-08,2724.0
4769,146207,2024-03-13,Electronics,Laptop,2,1748.69,West,Mumbai,Debit Card,2024-03,3497.38
4770,152205,2024-04-02,Electronics,Laptop,2,1652.36,East,Kolkata,Net Banking,2024-04,3304.72
4771,207552,2025-01-30,Fashion,T-Shirt,3,1486.24,North,Lucknow,Net Banking,2025-01,4458.72
4772,112947,2024-10-25,Sports,Football,2,1709.68,West,Ahmedabad,Cash on Delivery,2024-10,3419.36
4773,225197,2025-08-23,Fashion,Jacket,2,1097.57,South,Bangalore,Cash on Delivery,2025-08,2195.14
4774,166701,2025-02-27,Books,Self-Help Book,4,1865.54,West,Ahmedabad,Credit Card,2025-02,7462.16
4775,161787,2024-05-28,Fashion,Jacket,2,1813.78,South,Hyderabad,UPI,2024-05,3627.56
4776,132409,2024-12-08,Electronics,Laptop,1,1905.72,West,Mumbai,Credit Card,2024-12,1905.72
4777,139590,2025-08-21,Home & Kitchen,Lamp,1,1308.12,South,Bangalore,UPI,2025-08,1308.12
4778,219272,2024-01-24,Sports,Football,4,2912.28,South,Bangalore,Cash on Delivery,2024-01,11649.12
4779,227532,2024-12-20,Electronics,Laptop,3,1854.25,North,Jaipur,Credit Card,2024-12,5562.75
4780,199809,2024-05-07,Electronics,Laptop,2,1748.35,East,Kolkata,UPI,2024-05,3496.7
4781,232050,2024-04-07,Books,Biography,3,1014.96,East,Patna,Credit Card,2024-04,3044.88
4782,212610,2025-09-29,Beauty,Sunscreen,4,2264.75,East,Guwahati,Credit Card,2025-09,9059.0
4783,228843,2025-06-03,Home & Kitchen,Bedsheet,3,1126.49,West,Surat,Net Banking,2025-06,3379.47
4784,209205,2025-02-22,Sports,Dumbbells,1,1370.47,East,Kolkata,Debit Card,2025-02,1370.47
4785,183026,2024-08-10,Books,Comic,2,1330.35,North,Jaipur,Cash on Delivery,2024-08,2660.7
4786,167561,2024-12-04,Home & Kitchen,Lamp,5,2112.58,South,Bangalore,Cash on Delivery,2024-12,10562.9
4787,103005,2024-01-16,Beauty,Shampoo,4,622.83,West,Surat,Net Banking,2024-01,2491.32
4788,115350,2024-04-10,Electronics,Headphones,2,50.0,North,Jaipur,UPI,2024-04,100.0
4789,235862,2025-07-10,Fashion,Sneakers,2,2155.6,West,Mumbai,Net Banking,2025-07,4311.2
4790,119816,2025-05-09,Beauty,Perfume,3,887.1,East,Patna,UPI,2025-05,2661.3
4791,186338,2024-03-18,Fashion,Jeans,2,2241.23,South,Chennai,Net Banking,2024-03,4482.46
4792,107137,2025-03-29,Books,Fiction Novel,5,205.03,West,Surat,UPI,2025-03,1025.15
4793,129047,2024-01-09,Books,Textbook,5,907.84,West,Pune,Debit Card,2024-01,4539.2
4794,116360,2024-08-23,Fashion,T-Shirt,1,2562.2,West,Mumbai,Cash on Delivery,2024-08,2562.2
4795,227955,2024-12-30,Home & Kitchen,Bedsheet,1,2442.94,West,Pune,Net Banking,2024-12,2442.94
4796,221161,2024-01-20,Fashion,Jeans,5,801.68,East,Bhubaneswar,Credit Card,2024-01,4008.4
4797,112243,2024-05-19,Beauty,Sunscreen,3,1897.22,East,Patna,Credit Card,2024-05,5691.66
4798,202081,2024-11-21,Electronics,Smartwatch,1,408.22,South,Hyderabad,Credit Card,2024-11,408.22
4799,167225,2025-09-18,Home & Kitchen,Mixer Grinder,1,503.24,North,Jaipur,Net Banking,2025-09,503.24
4800,175330,2025-01-22,Beauty,Moisturizer,2,1850.91,South,Kochi,Debit Card,2025-01,3701.82
4801,115162,2025-03-01,Beauty,Sunscreen,5,1900.99,East,Bhubaneswar,UPI,2025-03,9504.95
4802,225135,2024-02-21,Beauty,Lipstick,1,2592.15,North,Jaipur,Debit Card,2024-02,2592.15
4803,187070,2024-10-21,Fashion,Saree,2,668.45,West,Ahmedabad,Credit Card,2024-10,1336.9
4804,201517,2024-12-05,Sports,Dumbbells,2,1220.94,East,Patna,Credit Card,2024-12,2441.88
4805,249036,2024-12-11,Sports,Dumbbells,2,1493.7,South,Kochi,UPI,2024-12,2987.4
4806,102759,2024-02-10,Sports,Cricket Bat,5,1078.51,North,Chandigarh,Debit Card,2024-02,5392.55
4807,118471,2024-01-12,Home & Kitchen,Bedsheet,4,1761.47,East,Kolkata,Credit Card,2024-01,7045.88
4808,200431,2024-01-07,Books,Comic,5,1128.53,East,Kolkata,Debit Card,2024-01,5642.65
4809,107028,2025-07-07,Home & Kitchen,Bedsheet,5,3533.19,North,Lucknow,UPI,2025-07,17665.95
4810,238603,2025-08-03,Sports,Cycling Helmet,3,2900.61,East,Guwahati,Credit Card,2025-08,8701.83
4811,239651,2024-11-25,Fashion,Jeans,4,344.52,South,Chennai,Debit Card,2024-11,1378.08
4812,231891,2025-06-08,Fashion,Sneakers,4,1283.55,West,Pune,UPI,2025-06,5134.2
4813,114792,2025-07-01,Beauty,Lipstick,2,1280.46,North,Lucknow,Credit Card,2025-07,2560.92
4814,229216,2024-02-21,Beauty,Sunscreen,4,2859.65,South,Bangalore,Credit Card,2024-02,11438.6
4815,163510,2025-02-06,Sports,Yoga Mat,3,1637.46,South,Bangalore,Cash on Delivery,2025-02,4912.38
4816,201362,2025-01-30,Fashion,Saree,5,827.1,South,Kochi,UPI,2025-01,4135.5
4817,136176,2025-06-27,Books,Fiction Novel,2,224.83,South,Chennai,Debit Card,2025-06,449.66
4818,114899,2024-09-09,Fashion,Saree,3,2908.95,North,Delhi,Cash on Delivery,2024-09,8726.85
4819,215551,2024-07-23,Beauty,Lipstick,2,1497.23,East,Guwahati,UPI,2024-07,2994.46
4820,153191,2024-02-19,Books,Fiction Novel,1,1078.1,North,Lucknow,UPI,2024-02,1078.1
4821,215979,2024-04-01,Beauty,Lipstick,2,573.34,South,Kochi,Net Banking,2024-04,1146.68
4822,231635,2025-02-01,Sports,Football,2,2754.2,West,Pune,Net Banking,2025-02,5508.4
4823,164214,2025-06-14,Books,Textbook,2,2416.32,West,Surat,Net Banking,2025-06,4832.64
4824,137417,2024-05-09,Books,Textbook,5,677.73,West,Mumbai,Debit Card,2024-05,3388.65
4825,213897,2025-09-08,Home & Kitchen,Cookware Set,2,1332.06,West,Pune,UPI,2025-09,2664.12
4826,185665,2024-09-02,Home & Kitchen,Air Fryer,4,1639.59,West,Pune,Cash on Delivery,2024-09,6558.36
4827,181232,2025-08-24,Fashion,Jacket,3,846.12,North,Chandigarh,Credit Card,2025-08,2538.36
4828,180351,2024-05-16,Beauty,Shampoo,5,2006.91,North,Lucknow,Cash on Delivery,2024-05,10034.55
4829,132894,2025-07-21,Books,Fiction Novel,5,2012.68,East,Guwahati,UPI,2025-07,10063.4
4830,139313,2024-05-01,Home & Kitchen,Cookware Set,3,1040.63,West,Surat,Cash on Delivery,2024-05,3121.89
4831,105770,2025-01-09,Home & Kitchen,Air Fryer,3,855.28,West,Pune,Debit Card,2025-01,2565.84
4832,243020,2025-02-14,Electronics,Tablet,1,2205.85,West,Ahmedabad,Debit Card,2025-02,2205.85
4833,178068,2025-02-28,Home & Kitchen,Cookware Set,3,3002.85,East,Patna,UPI,2025-02,9008.55
4834,229658,2024-10-29,Fashion,Jacket,1,1612.97,East,Bhubaneswar,UPI,2024-10,1612.97
4835,199874,2025-09-01,Books,Self-Help Book,4,264.02,North,Delhi,UPI,2025-09,1056.08
4836,212851,2025-02-07,Beauty,Shampoo,4,811.99,South,Hyderabad,Debit Card,2025-02,3247.96
4837,158300,2024-12-10,Electronics,Headphones,5,50.0,East,Guwahati,Cash on Delivery,2024-12,250.0
4838,215059,2025-05-08,Electronics,Smartwatch,5,686.66,North,Lucknow,Debit Card,2025-05,3433.3
4839,152995,2025-03-05,Books,Self-Help Book,5,2550.24,West,Ahmedabad,UPI,2025-03,12751.2
4841,159833,2025-05-24,Sports,Football,2,1764.88,North,Lucknow,UPI,2025-05,3529.76
4842,179580,2025-03-18,Electronics,Headphones,5,1941.59,East,Patna,Debit Card,2025-03,9707.95
4843,108505,2024-09-06,Electronics,Smartwatch,3,337.04,South,Hyderabad,UPI,2024-09,1011.12
4844,157482,2024-06-11,Fashion,Saree,3,1714.65,West,Mumbai,UPI,2024-06,5143.95
4845,180891,2024-08-15,Sports,Yoga Mat,1,751.39,North,Delhi,UPI,2024-08,751.39
4846,111987,2024-01-07,Sports,Cycling Helmet,3,1833.72,South,Bangalore,UPI,2024-01,5501.16
4847,150499,2024-05-05,Books,Comic,3,1312.02,West,Ahmedabad,Debit Card,2024-05,3936.06
4848,227354,2025-09-27,Electronics,Smartphone,4,614.23,West,Pune,Credit Card,2025-09,2456.92
4849,199813,2024-09-19,Electronics,Headphones,3,533.19,East,Patna,Credit Card,2024-09,1599.57
4850,192234,2024-12-27,Books,Biography,4,2376.13,North,Delhi,Credit Card,2024-12,9504.52
4851,240973,2024-03-21,Books,Biography,1,1917.7,South,Bangalore,Net Banking,2024-03,1917.7
4853,109677,2024-02-01,Electronics,Smartwatch,5,1583.34,South,Chennai,Credit Card,2024-02,7916.7
4854,189347,2025-02-09,Electronics,Laptop,1,943.74,South,Bangalore,Cash on Delivery,2025-02,943.74
4855,223817,2025-02-02,Electronics,Laptop,2,50.0,South,Hyderabad,UPI,2025-02,100.0
4856,224527,2025-04-10,Sports,Cycling Helmet,3,1853.99,North,Delhi,Debit Card,2025-04,5561.97
4857,144219,2024-07-22,Books,Biography,1,2819.71,North,Chandigarh,Credit Card,2024-07,2819.71
4858,124292,2024-05-24,Beauty,Perfume,4,1542.28,West,Surat,Credit Card,2024-05,6169.12
4859,215798,2024-10-25,Fashion,Jeans,5,3002.56,West,Pune,UPI,2024-10,15012.8
4860,140085,2024-06-17,Sports,Yoga Mat,1,50.0,North,Chandigarh,UPI,2024-06,50.0
4861,106374,2025-06-28,Electronics,Tablet,2,1302.15,West,Mumbai,Net Banking,2025-06,2604.3
4862,188901,2024-09-11,Sports,Cricket Bat,3,424.88,West,Pune,Debit Card,2024-09,1274.64
4863,233275,2024-02-26,Books,Textbook,4,2438.44,South,Kochi,Debit Card,2024-02,9753.76
4864,121635,2025-07-20,Sports,Dumbbells,1,872.48,North,Jaipur,UPI,2025-07,872.48
4865,168344,2025-01-23,Books,Textbook,1,783.18,East,Guwahati,Cash on Delivery,2025-01,783.18
4866,165750,2024-10-21,Beauty,Lipstick,4,1243.47,West,Surat,UPI,2024-10,4973.88
4867,215144,2025-04-30,Home & Kitchen,Mixer Grinder,3,390.75,West,Ahmedabad,Credit Card,2025-04,1172.25
4868,243291,2024-12-10,Fashion,Jeans,2,2905.37,North,Chandigarh,Credit Card,2024-12,5810.74
4869,126291,2024-08-31,Books,Biography,4,2127.29,North,Chandigarh,Net Banking,2024-08,8509.16
4870,125002,2025-07-09,Sports,Cycling Helmet,4,50.0,East,Patna,UPI,2025-07,200.0
4871,129992,2024-11-05,Fashion,Sneakers,2,2788.8,East,Kolkata,UPI,2024-11,5577.6
4872,209779,2025-03-14,Books,Biography,2,2008.14,East,Bhubaneswar,Credit Card,2025-03,4016.28
4873,119049,2024-08-01,Electronics,Smartwatch,1,2462.34,West,Ahmedabad,UPI,2024-08,2462.34
4874,200942,2025-08-11,Beauty,Perfume,3,1873.94,East,Bhubaneswar,UPI,2025-08,5621.82
4875,235054,2024-02-19,Fashion,Sneakers,4,1280.97,East,Guwahati,Debit Card,2024-02,5123.88
4876,189509,2025-03-29,Beauty,Moisturizer,4,59.36,East,Guwahati,Debit Card,2025-03,237.44
4877,212898,2024-08-11,Home & Kitchen,Mixer Grinder,5,1955.11,East,Kolkata,UPI,2024-08,9775.55
4878,128549,2025-07-20,Home & Kitchen,Lamp,1,1062.3,West,Surat,Cash on Delivery,2025-07,1062.3
4879,163572,2025-04-22,Sports,Cycling Helmet,4,644.46,South,Chennai,Debit Card,2025-04,2577.84
4880,217354,2024-09-03,Sports,Football,4,3275.42,West,Mumbai,Credit Card,2024-09,13101.68
4881,248747,2024-09-07,Home & Kitchen,Air Fryer,5,2181.53,West,Surat,Cash on Delivery,2024-09,10907.65
4882,149514,2024-05-15,Books,Comic,3,1742.05,South,Kochi,UPI,2024-05,5226.15
4883,213892,2025-08-21,Home & Kitchen,Lamp,4,1661.52,North,Jaipur,UPI,2025-08,6646.08
4884,186399,2025-08-08,Electronics,Headphones,4,1529.73,South,Hyderabad,Cash on Delivery,2025-08,6118.92
4885,126943,2024-06-10,Electronics,Smartphone,2,1979.0,West,Ahmedabad,UPI,2024-06,3958.0
4886,209672,2025-08-21,Fashion,Jacket,2,3258.89,South,Kochi,UPI,2025-08,6517.78
4887,220947,2024-03-19,Sports,Football,3,2792.09,South,Kochi,Debit Card,2024-03,8376.27
4888,148859,2025-06-13,Beauty,Lipstick,5,2644.3,West,Surat,Net Banking,2025-06,13221.5
4889,184963,2025-08-24,Home & Kitchen,Mixer Grinder,5,3278.51,South,Kochi,Debit Card,2025-08,16392.55
4890,158879,2025-07-27,Home & Kitchen,Air Fryer,4,1666.32,West,Pune,Cash on Delivery,2025-07,6665.28
4891,213295,2025-06-23,Books,Fiction Novel,1,3375.62,South,Bangalore,Credit Card,2025-06,3375.62
4892,244339,2024-02-24,Beauty,Sunscreen,2,1639.4,South,Bangalore,UPI,2024-02,3278.8
4893,110680,2024-01-10,Electronics,Tablet,2,248.64,South,Chennai,Credit Card,2024-01,497.28
4894,139237,2025-03-16,Electronics,Tablet,1,1329.36,North,Chandigarh,Credit Card,2025-03,1329.36
4895,167786,2024-10-02,Home & Kitchen,Air Fryer,5,673.08,West,Ahmedabad,Credit Card,2024-10,3365.4
4896,142078,2025-06-30,Home & Kitchen,Air Fryer,4,2333.47,South,Chennai,Credit Card,2025-06,9333.88
4897,211590,2024-02-16,Books,Biography,5,1153.34,East,Kolkata,Debit Card,2024-02,5766.7
4898,243466,2024-09-15,Beauty,Shampoo,4,209.5,West,Ahmedabad,Debit Card,2024-09,838.0
4899,101431,2024-03-07,Sports,Yoga Mat,2,1931.72,East,Bhubaneswar,Credit Card,2024-03,3863.44
4900,141985,2024-01-16,Beauty,Shampoo,2,1545.96,West,Mumbai,Credit Card,2024-01,3091.92
4901,228454,2025-06-23,Home & Kitchen,Air Fryer,3,1533.76,North,Chandigarh,UPI,2025-06,4601.28
4902,222620,2024-02-16,Beauty,Sunscreen,2,158.22,South,Hyderabad,Net Banking,2024-02,316.44
4903,192075,2024-07-29,Beauty,Lipstick,1,126.67,North,Jaipur,UPI,2024-07,126.67
4904,200085,2025-01-05,Sports,Cricket Bat,1,772.14,East,Kolkata,Credit Card,2025-01,772.14
4905,196486,2025-05-08,Fashion,Sneakers,2,2031.25,South,Bangalore,Net Banking,2025-05,4062.5
4906,165682,2024-02-27,Beauty,Moisturizer,1,936.59,West,Pune,UPI,2024-02,936.59
4907,231548,2025-04-01,Fashion,Jeans,2,709.3,East,Patna,UPI,2025-04,1418.6
4908,200186,2024-02-16,Sports,Cricket Bat,5,2648.21,South,Chennai,Debit Card,2024-02,13241.05
4909,109814,2024-01-22,Sports,Yoga Mat,4,2776.99,North,Lucknow,Debit Card,2024-01,11107.96
4910,156817,2024-02-21,Beauty,Sunscreen,3,438.23,East,Bhubaneswar,Debit Card,2024-02,1314.69
4911,111121,2024-02-23,Books,Fiction Novel,3,905.11,South,Kochi,Debit Card,2024-02,2715.33
4912,159769,2025-08-05,Beauty,Sunscreen,2,1237.37,North,Jaipur,UPI,2025-08,2474.74
4913,151844,2024-09-07,Electronics,Smartwatch,5,2013.93,West,Surat,Credit Card,2024-09,10069.65
4914,208090,2025-08-07,Beauty,Perfume,5,1719.91,North,Lucknow,Debit Card,2025-08,8599.55
4915,182425,2024-02-08,Sports,Yoga Mat,2,50.0,North,Chandigarh,Net Banking,2024-02,100.0
4916,227785,2024-02-23,Electronics,Tablet,3,2371.16,West,Mumbai,UPI,2024-02,7113.48
4917,153135,2024-07-27,Electronics,Smartphone,3,2276.88,North,Delhi,Credit Card,2024-07,6830.64
4918,113023,2024-09-05,Fashion,Sneakers,2,2136.3,South,Hyderabad,UPI,2024-09,4272.6
4919,207085,2025-01-02,Books,Fiction Novel,4,50.0,South,Bangalore,UPI,2025-01,200.0
4920,231264,2024-08-05,Beauty,Lipstick,2,50.0,South,Hyderabad,Credit Card,2024-08,100.0
4921,158747,2024-09-27,Books,Comic,1,1570.42,South,Hyderabad,UPI,2024-09,1570.42
4922,190991,2024-01-11,Books,Textbook,2,50.0,West,Ahmedabad,Net Banking,2024-01,100.0
4923,149104,2025-05-22,Beauty,Perfume,5,2405.8,South,Hyderabad,Debit Card,2025-05,12029.0
4924,186285,2024-04-13,Sports,Yoga Mat,2,1007.37,North,Delhi,UPI,2024-04,2014.74
4925,219653,2025-04-03,Fashion,T-Shirt,4,1589.32,West,Surat,UPI,2025-04,6357.28
4926,212411,2024-06-27,Electronics,Smartwatch,4,1811.45,South,Kochi,Net Banking,2024-06,7245.8
4927,178874,2025-01-11,Home & Kitchen,Mixer Grinder,1,936.03,South,Hyderabad,UPI,2025-01,936.03
4928,127990,2025-02-22,Beauty,Lipstick,4,3663.81,North,Jaipur,UPI,2025-02,14655.24
4929,187719,2025-05-07,Fashion,Jacket,3,1444.42,South,Kochi,Net Banking,2025-05,4333.26
4930,118457,2025-04-27,Fashion,Sneakers,5,2686.8,East,Kolkata,UPI,2025-04,13434.0
4931,171189,2025-05-03,Electronics,Laptop,1,510.3,South,Kochi,Credit Card,2025-05,510.3
4932,128807,2024-05-25,Sports,Dumbbells,4,628.7,East,Kolkata,UPI,2024-05,2514.8
4933,185148,2025-02-27,Books,Comic,3,2540.55,East,Patna,Debit Card,2025-02,7621.65
4934,233468,2024-07-15,Sports,Dumbbells,5,1878.48,East,Patna,Net Banking,2024-07,9392.4
4935,130580,2025-07-04,Home & Kitchen,Mixer Grinder,2,2448.54,South,Hyderabad,Cash on Delivery,2025-07,4897.08
4936,117261,2025-06-23,Beauty,Lipstick,1,823.38,South,Kochi,UPI,2025-06,823.38
4937,103249,2024-09-23,Books,Biography,2,2648.9,West,Pune,Credit Card,2024-09,5297.8
4938,170534,2024-09-16,Beauty,Sunscreen,5,846.37,West,Ahmedabad,Credit Card,2024-09,4231.85
4939,236464,2025-07-18,Fashion,Saree,1,2060.63,North,Jaipur,UPI,2025-07,2060.63
4940,174793,2025-05-19,Home & Kitchen,Cookware Set,4,387.6,East,Patna,Net Banking,2025-05,1550.4
4941,119302,2024-03-01,Sports,Dumbbells,3,333.17,West,Surat,UPI,2024-03,999.51
4942,223907,2024-08-03,Home & Kitchen,Air Fryer,2,974.5,South,Chennai,UPI,2024-08,1949.0
4943,178090,2024-08-06,Books,Self-Help Book,3,808.62,West,Pune,UPI,2024-08,2425.86
4944,119695,2024-03-31,Books,Comic,3,1112.18,North,Lucknow,UPI,2024-03,3336.54
4945,226389,2024-10-11,Electronics,Smartwatch,3,1465.06,West,Pune,Credit Card,2024-10,4395.18
4946,232259,2024-09-04,Sports,Cycling Helmet,2,3334.7,South,Hyderabad,Credit Card,2024-09,6669.4
4947,164935,2024-01-17,Home & Kitchen,Bedsheet,2,2292.74,East,Bhubaneswar,Credit Card,2024-01,4585.48
4948,118592,2024-03-07,Beauty,Sunscreen,1,659.96,South,Hyderabad,UPI,2024-03,659.96
4949,145287,2024-02-04,Fashion,Jacket,4,1463.4,North,Chandigarh,Net Banking,2024-02,5853.6
4950,160384,2024-07-24,Home & Kitchen,Lamp,3,799.56,North,Lucknow,Credit Card,2024-07,2398.68
4951,248813,2024-05-12,Fashion,Jeans,2,1756.58,North,Delhi,Debit Card,2024-05,3513.16
4952,226942,2024-06-19,Electronics,Smartwatch,3,1529.57,West,Surat,Net Banking,2024-06,4588.71
4953,120363,2024-04-23,Sports,Dumbbells,1,1796.15,North,Jaipur,UPI,2024-04,1796.15
4954,154825,2025-05-24,Electronics,Smartwatch,1,3026.48,West,Mumbai,UPI,2025-05,3026.48
4955,238810,2024-11-08,Home & Kitchen,Air Fryer,5,1470.48,West,Ahmedabad,Cash on Delivery,2024-11,7352.4
4956,150926,2024-01-07,Fashion,Jeans,5,205.49,West,Pune,Credit Card,2024-01,1027.45
4957,126118,2025-01-13,Electronics,Tablet,4,1317.37,North,Lucknow,Credit Card,2025-01,5269.48
4958,181741,2024-12-04,Home & Kitchen,Mixer Grinder,1,2224.24,East,Guwahati,UPI,2024-12,2224.24
4959,157896,2025-07-23,Books,Biography,4,1040.9,East,Kolkata,UPI,2025-07,4163.6
4960,219172,2024-08-22,Books,Comic,1,50.0,West,Pune,Credit Card,2024-08,50.0
4961,212444,2025-09-18,Home & Kitchen,Mixer Grinder,4,3622.29,East,Kolkata,Net Banking,2025-09,14489.16
4963,200363,2024-08-14,Books,Fiction Novel,5,1205.18,North,Delhi,Debit Card,2024-08,6025.9
4964,118115,2025-07-09,Fashion,Jacket,2,1753.14,South,Kochi,UPI,2025-07,3506.28
4965,135186,2024-06-18,Books,Biography,2,3153.73,West,Pune,UPI,2024-06,6307.46
4966,125922,2024-05-18,Electronics,Laptop,1,1086.22,East,Kolkata,Debit Card,2024-05,1086.22
4967,229114,2025-08-20,Fashion,Saree,4,1796.56,East,Patna,UPI,2025-08,7186.24
4968,235976,2025-09-15,Home & Kitchen,Bedsheet,5,829.38,West,Surat,UPI,2025-09,4146.9
4969,140642,2024-04-24,Electronics,Laptop,2,1161.87,East,Bhubaneswar,Debit Card,2024-04,2323.74
4970,113308,2024-05-18,Sports,Cycling Helmet,3,4066.34,South,Kochi,Net Banking,2024-05,12199.02
4971,194092,2024-03-20,Books,Biography,2,2417.01,East,Bhubaneswar,UPI,2024-03,4834.02
4972,115179,2025-09-26,Home & Kitchen,Cookware Set,5,232.63,West,Mumbai,Net Banking,2025-09,1163.15
4973,103862,2025-09-05,Books,Comic,4,174.39,North,Jaipur,Debit Card,2025-09,697.56
4974,198353,2024-11-23,Sports,Dumbbells,4,1717.35,East,Guwahati,UPI,2024-11,6869.4
4975,225703,2024-08-19,Sports,Cycling Helmet,3,2332.72,East,Patna,Net Banking,2024-08,6998.16
4976,153500,2024-11-10,Sports,Dumbbells,1,2266.41,North,Jaipur,UPI,2024-11,2266.41
4977,223364,2025-09-13,Beauty,Sunscreen,5,50.0,East,Bhubaneswar,Debit Card,2025-09,250.0
4978,110763,2025-08-07,Electronics,Smartphone,5,1220.83,North,Chandigarh,UPI,2025-08,6104.15
4979,117349,2024-01-24,Books,Self-Help Book,3,2014.06,East,Guwahati,Net Banking,2024-01,6042.18
4980,231505,2025-01-06,Beauty,Perfume,4,1609.47,North,Jaipur,UPI,2025-01,6437.88
4981,178119,2024-04-06,Books,Textbook,5,1222.74,North,Delhi,Net Banking,2024-04,6113.7
4982,165957,2024-10-06,Books,Biography,4,1684.22,North,Jaipur,Debit Card,2024-10,6736.88
4983,236636,2025-01-06,Fashion,Jeans,3,2156.0,North,Chandigarh,UPI,2025-01,6468.0
4984,150031,2025-06-18,Home & Kitchen,Mixer Grinder,5,1547.96,East,Patna,Cash on Delivery,2025-06,7739.8
4985,122440,2025-08-31,Fashion,Jacket,3,2487.1,South,Kochi,Net Banking,2025-08,7461.3
4986,181365,2025-01-19,Electronics,Headphones,1,2297.68,North,Jaipur,Debit Card,2025-01,2297.68
4987,158739,2024-01-20,Books,Fiction Novel,1,1817.13,East,Kolkata,Credit Card,2024-01,1817.13
4988,110328,2024-08-05,Books,Fiction Novel,4,2195.46,West,Mumbai,UPI,2024-08,8781.84
4989,242018,2024-04-17,Books,Self-Help Book,3,50.0,East,Kolkata,Cash on Delivery,2024-04,150.0
4990,236848,2025-07-29,Books,Textbook,1,402.51,West,Pune,Cash on Delivery,2025-07,402.51
4991,235768,2024-07-06,Beauty,Shampoo,3,1908.67,South,Chennai,UPI,2024-07,5726.01
4992,174171,2025-09-11,Beauty,Sunscreen,4,2479.28,East,Patna,Cash on Delivery,2025-09,9917.12
4993,232488,2025-08-09,Books,Textbook,1,1413.32,North,Lucknow,UPI,2025-08,1413.32
4994,167017,2025-02-08,Beauty,Moisturizer,5,1180.78,South,Chennai,Credit Card,2025-02,5903.9
4995,172840,2024-12-12,Beauty,Perfume,5,1793.15,South,Hyderabad,UPI,2024-12,8965.75
4996,122915,2024-05-05,Fashion,Saree,3,1697.28,North,Lucknow,Debit Card,2024-05,5091.84
4997,233076,2025-07-14,Sports,Dumbbells,2,1564.35,East,Guwahati,Net Banking,2025-07,3128.7
4998,142698,2024-08-16,Sports,Cricket Bat,1,1198.71,North,Lucknow,UPI,2024-08,1198.71
4999,160388,2024-01-15,Sports,Dumbbells,1,1725.82,East,Patna,Credit Card,2024-01,1725.82
5000,104992,2025-01-05,Home & Kitchen,Air Fryer,3,2530.57,North,Jaipur,Cash on Delivery,2025-01,7591.71
5001,223286,2025-09-07,Fashion,Saree,4,2689.43,South,Bangalore,Credit Card,2025-09,10757.72
5002,155714,2024-04-17,Electronics,Laptop,2,1550.15,West,Pune,UPI,2024-04,3100.3
5003,187520,2025-05-29,Beauty,Shampoo,1,2058.83,West,Ahmedabad,Net Banking,2025-05,2058.83
5004,150025,2025-06-24,Sports,Cycling Helmet,2,392.79,North,Jaipur,Cash on Delivery,2025-06,785.58
5005,216043,2024-09-02,Sports,Dumbbells,2,3096.08,South,Bangalore,Debit Card,2024-09,6192.16
5006,126077,2025-06-15,Books,Textbook,1,143.43,East,Bhubaneswar,UPI,2025-06,143.43
5007,121855,2024-09-22,Home & Kitchen,Cookware Set,4,678.59,West,Ahmedabad,UPI,2024-09,2714.36
5008,101975,2024-02-29,Sports,Yoga Mat,3,397.68,West,Ahmedabad,UPI,2024-02,1193.04
5009,231218,2024-02-27,Sports,Cricket Bat,4,3600.49,East,Kolkata,Cash on Delivery,2024-02,14401.96
5010,141945,2025-05-10,Fashion,T-Shirt,5,1029.66,West,Ahmedabad,Net Banking,2025-05,5148.3
5011,202271,2025-01-18,Books,Fiction Novel,2,2534.2,East,Kolkata,Credit Card,2025-01,5068.4
5012,229712,2024-06-07,Electronics,Smartphone,3,2139.44,West,Pune,UPI,2024-06,6418.32
5013,198418,2024-07-31,Beauty,Shampoo,3,1491.27,East,Bhubaneswar,UPI,2024-07,4473.81
5014,161918,2024-11-01,Books,Textbook,5,1795.18,South,Bangalore,Debit Card,2024-11,8975.9
5015,101966,2024-08-21,Beauty,Perfume,4,1638.63,West,Pune,Net Banking,2024-08,6554.52
5016,202615,2024-11-02,Books,Comic,1,2162.69,West,Pune,Debit Card,2024-11,2162.69
5017,139850,2024-09-20,Electronics,Smartphone,4,2573.82,West,Mumbai,Debit Card,2024-09,10295.28
5018,227184,2025-03-11,Beauty,Moisturizer,1,1780.98,North,Lucknow,Net Banking,2025-03,1780.98
5019,244435,2025-03-07,Sports,Football,3,237.89,North,Jaipur,Debit Card,2025-03,713.67
5020,187663,2024-10-31,Beauty,Moisturizer,3,1352.52,West,Mumbai,Credit Card,2024-10,4057.56
5021,187180,2025-01-21,Books,Self-Help Book,4,1929.64,North,Lucknow,UPI,2025-01,7718.56
5022,153765,2025-08-21,Home & Kitchen,Lamp,5,2067.2,West,Mumbai,UPI,2025-08,10336.0
5023,226291,2025-04-23,Sports,Dumbbells,3,2128.63,South,Chennai,UPI,2025-04,6385.89
5024,105388,2025-04-09,Home & Kitchen,Mixer Grinder,1,2678.54,North,Chandigarh,Net Banking,2025-04,2678.54
5025,227893,2024-10-24,Books,Self-Help Book,5,842.82,West,Pune,UPI,2024-10,4214.1
5026,126572,2024-10-20,Electronics,Headphones,2,1525.11,South,Chennai,Credit Card,2024-10,3050.22
5027,159388,2024-10-16,Fashion,Jeans,1,1627.87,North,Jaipur,Credit Card,2024-10,1627.87
5028,179174,2024-01-07,Electronics,Smartwatch,3,2951.71,West,Ahmedabad,Cash on Delivery,2024-01,8855.13
5029,108949,2025-02-24,Sports,Yoga Mat,1,2410.83,South,Chennai,Debit Card,2025-02,2410.83
5030,182607,2025-08-14,Fashion,Jacket,2,2290.05,South,Bangalore,UPI,2025-08,4580.1
5031,162377,2025-02-16,Fashion,Sneakers,5,483.19,North,Lucknow,Net Banking,2025-02,2415.95
5032,130193,2024-07-19,Books,Fiction Novel,2,918.56,South,Kochi,Cash on Delivery,2024-07,1837.12
5033,190841,2024-12-18,Home & Kitchen,Air Fryer,4,1496.87,South,Chennai,Net Banking,2024-12,5987.48
5034,225813,2025-06-27,Electronics,Smartwatch,1,1130.61,East,Kolkata,UPI,2025-06,1130.61
5035,143657,2024-06-28,Electronics,Headphones,3,1858.24,West,Pune,UPI,2024-06,5574.72
5036,229426,2024-04-21,Fashion,Jacket,1,810.24,West,Mumbai,Credit Card,2024-04,810.24
5037,229096,2024-03-23,Books,Textbook,2,329.36,East,Patna,Debit Card,2024-03,658.72
5039,119948,2024-11-18,Books,Self-Help Book,3,1136.04,North,Lucknow,Credit Card,2024-11,3408.12
5040,102936,2025-04-17,Fashion,Jacket,4,1274.96,West,Pune,Credit Card,2025-04,5099.84
5041,153771,2025-03-30,Home & Kitchen,Air Fryer,5,1698.36,East,Bhubaneswar,Net Banking,2025-03,8491.8
5042,171046,2025-06-17,Electronics,Headphones,2,1251.19,North,Delhi,Debit Card,2025-06,2502.38
5043,176347,2025-02-05,Home & Kitchen,Air Fryer,5,2023.18,East,Bhubaneswar,UPI,2025-02,10115.9
5044,168170,2025-09-27,Beauty,Lipstick,4,939.97,South,Bangalore,UPI,2025-09,3759.88
5045,230965,2025-08-13,Sports,Dumbbells,1,2305.56,West,Mumbai,UPI,2025-08,2305.56
5046,207583,2024-03-20,Home & Kitchen,Cookware Set,2,2209.83,North,Delhi,UPI,2024-03,4419.66
5047,114293,2024-02-20,Sports,Dumbbells,4,997.83,West,Ahmedabad,Cash on Delivery,2024-02,3991.32
5048,158765,2025-01-20,Beauty,Lipstick,1,2536.85,North,Jaipur,Debit Card,2025-01,2536.85
5049,227845,2024-03-21,Fashion,Sneakers,5,2334.7,East,Bhubaneswar,Credit Card,2024-03,11673.5
5050,154366,2024-04-14,Books,Textbook,5,984.33,North,Delhi,Credit Card,2024-04,4921.65
5051,229373,2024-01-28,Home & Kitchen,Mixer Grinder,2,50.0,East,Bhubaneswar,UPI,2024-01,100.0
5052,138462,2025-08-11,Electronics,Laptop,1,819.56,West,Ahmedabad,Cash on Delivery,2025-08,819.56
5053,185526,2025-06-26,Books,Biography,4,1568.13,North,Lucknow,Credit Card,2025-06,6272.52
5055,155844,2024-07-04,Electronics,Smartwatch,5,1991.6,South,Chennai,UPI,2024-07,9958.0
5056,138947,2024-04-26,Books,Self-Help Book,1,2155.64,South,Hyderabad,UPI,2024-04,2155.64
5057,145782,2025-05-31,Books,Fiction Novel,4,689.62,South,Bangalore,UPI,2025-05,2758.48
5058,189148,2024-03-24,Sports,Cricket Bat,4,2005.76,North,Chandigarh,UPI,2024-03,8023.04
5059,142458,2024-09-23,Fashion,Jeans,4,1802.89,South,Hyderabad,Debit Card,2024-09,7211.56
5060,136521,2025-09-01,Beauty,Moisturizer,4,1177.24,South,Chennai,Credit Card,2025-09,4708.96
5061,117329,2025-09-12,Beauty,Lipstick,2,50.0,West,Mumbai,Cash on Delivery,2025-09,100.0
5062,152041,2024-06-06,Beauty,Sunscreen,3,1369.49,North,Chandigarh,Debit Card,2024-06,4108.47
5063,228994,2024-09-07,Beauty,Sunscreen,1,2576.52,East,Guwahati,Credit Card,2024-09,2576.52
5064,207030,2025-05-13,Beauty,Sunscreen,3,860.38,South,Hyderabad,UPI,2025-05,2581.14
5065,218737,2024-07-14,Beauty,Lipstick,1,931.67,East,Bhubaneswar,UPI,2024-07,931.67
5066,128274,2024-10-26,Sports,Yoga Mat,1,409.84,West,Ahmedabad,Debit Card,2024-10,409.84
5067,198808,2025-01-14,Beauty,Sunscreen,2,823.53,West,Ahmedabad,UPI,2025-01,1647.06
5068,144209,2024-01-29,Electronics,Smartwatch,4,1568.43,North,Delhi,Credit Card,2024-01,6273.72
5069,175118,2025-09-15,Electronics,Headphones,3,1941.91,West,Pune,Debit Card,2025-09,5825.73
5070,197243,2024-12-11,Books,Fiction Novel,1,1107.52,West,Pune,Cash on Delivery,2024-12,1107.52
5071,118540,2024-05-15,Books,Comic,4,1813.18,West,Mumbai,Cash on Delivery,2024-05,7252.72
5072,134372,2024-03-25,Beauty,Perfume,2,50.0,East,Patna,Net Banking,2024-03,100.0
5073,165842,2025-03-20,Fashion,Sneakers,3,2646.86,North,Delhi,Debit Card,2025-03,7940.58
5074,152724,2025-09-05,Sports,Football,3,2231.76,South,Bangalore,UPI,2025-09,6695.28
5075,145545,2025-05-26,Electronics,Laptop,1,1176.39,West,Ahmedabad,Credit Card,2025-05,1176.39
5076,249693,2024-11-28,Home & Kitchen,Bedsheet,3,1147.56,South,Hyderabad,Credit Card,2024-11,3442.68
5077,214069,2025-02-28,Fashion,Jacket,2,1466.6,North,Jaipur,Credit Card,2025-02,2933.2
5078,156175,2024-03-12,Electronics,Smartphone,5,2886.06,West,Ahmedabad,UPI,2024-03,14430.3
5079,220116,2024-12-03,Sports,Dumbbells,1,2698.13,West,Surat,Credit Card,2024-12,2698.13
5080,149564,2025-07-24,Beauty,Perfume,3,1009.9,North,Delhi,UPI,2025-07,3029.7
5081,219612,2025-07-12,Fashion,T-Shirt,3,1079.89,East,Bhubaneswar,Net Banking,2025-07,3239.67
